Num,Q_1,Q_2,Q_3,Q_4,Q_5,Q_6,Average
1,1.0,1.0,0.8264649873102683,1.0,0.5670039067672608,1.0,0.8989114823462548
2,1.0,0.40841501639958533,0.608421105162405,0.8803822487441266,0.6803962438109061,1.0,0.7629357690195038
3,0.9170227224144231,1.0,1.0,1.0,1.0,1.0,0.9861704537357371
4,0.752378701673899,1.0,1.0,1.0,1.0,1.0,0.9587297836123164
5,1.0,1.0,1.0,1.0,1.0,1.0,1.0
6,1.0,1.0,1.0,1.0,1.0,1.0,1.0
7,0.9860635164705597,1.0,1.0,1.0,1.0,1.0,0.9976772527450933
8,1.0,1.0,1.0,1.0,1.0,1.0,1.0
9,0.9696564790781766,1.0,1.0,1.0,1.0,1.0,0.9949427465130295
10,1.0,1.0,1.0,1.0,1.0,1.0,1.0
11,0.900665808594476,1.0,1.0,1.0,1.0,1.0,0.9834443014324127
12,1.0,1.0,1.0,1.0,1.0,1.0,1.0
13,1.0,1.0,1.0,0.9387511723781456,1.0,1.0,0.9897918620630243
14,1.0,1.0,1.0,1.0,1.0,1.0,1.0
15,1.0,1.0,1.0,1.0,1.0,1.0,1.0
16,0.6519186371524822,0.8925523206347948,1.0,1.0,1.0,1.0,0.9240784929645462
17,1.0,0.9118154846049827,1.0,1.0,1.0,1.0,0.9853025807674971
18,1.0,1.0,1.0,1.0,1.0,1.0,1.0
19,0.8145496996883076,1.0,1.0,1.0,1.0,1.0,0.969091616614718
20,1.0,1.0,1.0,1.0,1.0,1.0,1.0
21,1.0,1.0,1.0,1.0,1.0,1.0,1.0
22,1.0,1.0,0.8524505908094945,1.0,1.0,1.0,0.9754084318015824
23,1.0,1.0,1.0,1.0,1.0,1.0,1.0
24,0.987016537682154,1.0,1.0,1.0,1.0,1.0,0.9978360896136923
25,0.9718073096336551,1.0,0.9636717247082751,0.9015059530825348,1.0,1.0,0.9728308312374109
26,1.0,0.8514291580347213,1.0,1.0,1.0,1.0,0.9752381930057868
27,1.0,1.0,0.9161201381507855,1.0,1.0,1.0,0.9860200230251309
28,1.0,1.0,1.0,1.0,1.0,1.0,1.0
29,0.8953343084515522,1.0,1.0,1.0,1.0,1.0,0.9825557180752588
30,1.0,1.0,1.0,1.0,1.0,1.0,1.0
31,1.0,0.7945530119773694,1.0,1.0,1.0,1.0,0.9657588353295615
32,0.5363534145185626,1.0,1.0,0.8709319893977043,1.0,1.0,0.9012142339860446
33,1.0,1.0,1.0,1.0,1.0,1.0,1.0
34,1.0,1.0,1.0,1.0,1.0,1.0,1.0
35,1.0,1.0,1.0,1.0,1.0,1.0,1.0
36,0.8690321145349458,0.6587736666418309,1.0,1.0,1.0,1.0,0.9213009635294628
37,0.7723497947396888,1.0,1.0,1.0,1.0,1.0,0.9620582991232816
38,0.20448748320960797,1.0,1.0,1.0,1.0,1.0,0.8674145805349346
39,1.0,1.0,1.0,1.0,1.0,1.0,1.0
40,1.0,1.0,1.0,1.0,1.0,1.0,1.0
41,1.0,0.8825584107125619,1.0,1.0,1.0,1.0,0.9804264017854271
42,1.0,1.0,1.0,0.9851934844607465,0.8837066337147939,1.0,0.9781500196959234
43,1.0,1.0,1.0,1.0,1.0,1.0,1.0
44,0.5838136489629612,1.0,1.0,1.0,1.0,1.0,0.9306356081604935
45,1.0,1.0,1.0,1.0,1.0,1.0,1.0
46,1.0,1.0,1.0,1.0,1.0,1.0,1.0
47,1.0,1.0,1.0,1.0,1.0,1.0,1.0
48,0.7317863494091124,1.0,1.0,1.0,1.0,1.0,0.9552977249015188
49,0.9742844731788027,1.0,1.0,1.0,1.0,1.0,0.9957140788631338
50,1.0,1.0,1.0,1.0,1.0,1.0,1.0
51,0.875927091636299,1.0,1.0,1.0,1.0,1.0,0.9793211819393832
52,1.0,1.0,1.0,1.0,1.0,1.0,1.0
53,1.0,1.0,1.0,1.0,1.0,1.0,1.0
54,1.0,1.0,1.0,1.0,1.0,1.0,1.0
55,0.6632761170857169,1.0,1.0,1.0,1.0,0.8858853538224095,0.9248602451513545
56,1.0,1.0,1.0,1.0,0.7172734319138556,1.0,0.9528789053189759
57,1.0,1.0,0.7918295503852121,1.0,1.0,1.0,0.965304925064202
58,1.0,1.0,1.0,1.0,1.0,1.0,1.0
59,1.0,1.0,1.0,1.0,1.0,1.0,1.0
60,1.0,1.0,1.0,1.0,1.0,1.0,1.0
61,1.0,0.8988789745497139,1.0,1.0,1.0,1.0,0.9831464957582856
62,1.0,1.0,1.0,1.0,1.0,1.0,1.0
63,1.0,0.9984556777008446,1.0,1.0,1.0,1.0,0.9997426129501408
64,1.0,1.0,0.8573247195541241,1.0,1.0,1.0,0.976220786592354
65,1.0,1.0,1.0,1.0,1.0,1.0,1.0
66,1.0,1.0,1.0,1.0,1.0,1.0,1.0
67,0.8647993431313324,1.0,1.0,1.0,1.0,1.0,0.9774665571885555
68,0.6272095935537745,1.0,1.0,1.0,1.0,1.0,0.9378682655922957
69,0.7883244308275731,1.0,1.0,1.0,1.0,1.0,0.9647207384712622
70,1.0,1.0,1.0,1.0,1.0,1.0,1.0
71,1.0,1.0,1.0,1.0,1.0,1.0,1.0
72,0.7182364016556362,1.0,1.0,1.0,1.0,1.0,0.9530394002759394
73,1.0,1.0,1.0,1.0,1.0,1.0,1.0
74,0.9880402381225264,1.0,1.0,1.0,1.0,1.0,0.9980067063537543
75,1.0,0.6427760584767774,1.0,0.5305584456594958,1.0,0.7026034511359777,0.8126563258787085
76,1.0,1.0,1.0,1.0,1.0,1.0,1.0
77,0.8490109095079237,1.0,1.0,1.0,1.0,1.0,0.974835151584654
78,0.7961126122137144,0.725219301004908,1.0,1.0,1.0,1.0,0.9202219855364371
79,1.0,1.0,0.8086959495678936,0.716446211148545,0.5689582319067967,1.0,0.8490167321038727
80,1.0,1.0,1.0,1.0,1.0,1.0,1.0
81,0.9842008030181589,1.0,0.8835911924157072,1.0,1.0,1.0,0.9779653325723111
82,1.0,1.0,1.0,1.0,1.0,1.0,1.0
83,1.0,1.0,0.8569557623459847,1.0,1.0,1.0,0.9761592937243307
84,1.0,1.0,1.0,1.0,1.0,1.0,1.0
85,1.0,1.0,1.0,1.0,1.0,1.0,1.0
86,1.0,1.0,1.0,1.0,1.0,1.0,1.0
87,1.0,1.0,1.0,1.0,1.0,1.0,1.0
88,1.0,1.0,1.0,1.0,1.0,1.0,1.0
89,0.8066702795195744,1.0,1.0,1.0,0.6337032738157671,1.0,0.9067289255558902
90,0.9661246704390183,1.0,1.0,1.0,1.0,1.0,0.9943541117398365
91,1.0,1.0,1.0,1.0,1.0,1.0,1.0
92,1.0,1.0,1.0,1.0,1.0,1.0,1.0
93,1.0,1.0,1.0,1.0,1.0,1.0,1.0
94,0.8323586464545649,1.0,1.0,1.0,1.0,1.0,0.9720597744090941
95,1.0,1.0,1.0,1.0,1.0,1.0,1.0
96,1.0,1.0,0.9918321053960962,1.0,1.0,1.0,0.9986386842326826
97,1.0,1.0,1.0,1.0,1.0,1.0,1.0
98,1.0,1.0,1.0,1.0,1.0,1.0,1.0
99,1.0,1.0,1.0,1.0,1.0,1.0,1.0
100,1.0,1.0,1.0,1.0,1.0,1.0,1.0
101,0.9845028569870831,1.0,1.0,1.0,1.0,1.0,0.9974171428311805
102,1.0,1.0,1.0,1.0,1.0,1.0,1.0
103,1.0,1.0,1.0,1.0,1.0,1.0,1.0
104,1.0,1.0,1.0,1.0,1.0,1.0,1.0
105,1.0,0.9903931533456672,1.0,1.0,1.0,1.0,0.9983988588909446
106,0.9924595821160989,1.0,1.0,1.0,1.0,1.0,0.9987432636860164
107,1.0,1.0,1.0,1.0,1.0,1.0,1.0
108,1.0,1.0,1.0,1.0,1.0,1.0,1.0
109,1.0,1.0,1.0,1.0,0.8960847252633796,1.0,0.9826807875438965
110,1.0,1.0,1.0,1.0,1.0,1.0,1.0
111,1.0,1.0,1.0,1.0,1.0,1.0,1.0
112,1.0,1.0,0.9753684535088852,1.0,1.0,1.0,0.9958947422514809
113,1.0,1.0,1.0,1.0,1.0,1.0,1.0
114,1.0,1.0,1.0,0.8697972106756974,1.0,1.0,0.9782995351126162
115,1.0,1.0,1.0,1.0,1.0,1.0,1.0
116,1.0,1.0,1.0,1.0,1.0,1.0,1.0
117,0.9268813312060866,1.0,1.0,1.0,1.0,1.0,0.9878135552010144
118,1.0,1.0,1.0,1.0,1.0,1.0,1.0
119,1.0,1.0,1.0,1.0,1.0,1.0,1.0
120,1.0,1.0,1.0,1.0,1.0,1.0,1.0
121,1.0,1.0,1.0,1.0,1.0,1.0,1.0
122,1.0,0.7618669321489724,1.0,1.0,1.0,1.0,0.9603111553581621
123,1.0,0.8196785367929282,1.0,0.9244797985263936,1.0,1.0,0.9573597225532202
124,1.0,1.0,1.0,1.0,1.0,1.0,1.0
125,1.0,1.0,1.0,1.0,1.0,1.0,1.0
126,1.0,0.8673938521696989,1.0,1.0,1.0,1.0,0.9778989753616165
127,1.0,1.0,1.0,1.0,1.0,1.0,1.0
128,0.9963278445783704,1.0,1.0,1.0,1.0,1.0,0.9993879740963951
129,1.0,1.0,1.0,1.0,1.0,1.0,1.0
130,1.0,1.0,1.0,1.0,1.0,1.0,1.0
131,1.0,1.0,1.0,1.0,1.0,1.0,1.0
132,1.0,1.0,1.0,1.0,1.0,1.0,1.0
133,1.0,1.0,0.8736400880385378,1.0,1.0,1.0,0.9789400146730897
134,1.0,1.0,1.0,1.0,1.0,1.0,1.0
135,1.0,0.9196392976634151,1.0,1.0,1.0,1.0,0.9866065496105692
136,1.0,1.0,1.0,1.0,1.0,1.0,1.0
137,1.0,1.0,1.0,1.0,1.0,1.0,1.0
138,1.0,1.0,0.4764400503295699,1.0,1.0,1.0,0.9127400083882616
139,0.8590485059751715,1.0,1.0,1.0,1.0,1.0,0.9765080843291952
140,1.0,0.7682494544974133,0.9682727769528651,1.0,1.0,1.0,0.9560870385750464
141,1.0,1.0,1.0,1.0,1.0,1.0,1.0
142,1.0,1.0,1.0,1.0,1.0,1.0,1.0
143,1.0,1.0,0.9785548439341087,0.8037155175041357,1.0,1.0,0.9637117269063741
144,1.0,1.0,1.0,1.0,1.0,1.0,1.0
145,0.7944529381403412,1.0,1.0,1.0,1.0,1.0,0.9657421563567236
146,1.0,1.0,1.0,1.0,1.0,1.0,1.0
147,1.0,1.0,1.0,1.0,1.0,1.0,1.0
148,0.8758062387394951,1.0,1.0,1.0,1.0,1.0,0.9793010397899158
149,1.0,1.0,1.0,0.8320384325066573,1.0,1.0,0.9720064054177762
150,0.9948114380292041,1.0,1.0,1.0,1.0,1.0,0.9991352396715341
151,1.0,1.0,1.0,1.0,1.0,1.0,1.0
152,1.0,1.0,1.0,1.0,1.0,1.0,1.0
153,1.0,1.0,1.0,1.0,1.0,1.0,1.0
154,1.0,1.0,1.0,1.0,1.0,1.0,1.0
155,1.0,1.0,1.0,1.0,1.0,1.0,1.0
156,1.0,0.9089100460699886,0.7089100460699888,1.0,0.503734804133871,0.7038073641774902,0.8042270434085564
157,1.0,0.9520162593559028,1.0,1.0,1.0,1.0,0.9920027098926504
158,0.9957259491653161,1.0,1.0,1.0,1.0,1.0,0.9992876581942194
159,1.0,1.0,1.0,1.0,0.6200467342584863,1.0,0.9366744557097477
160,1.0,1.0,1.0,1.0,1.0,1.0,1.0
161,1.0,0.7449361588424597,0.8033761079082263,0.4739549372890889,1.0,1.0,0.8370445340066291
162,1.0,1.0,1.0,1.0,1.0,1.0,1.0
163,1.0,0.738794940221208,1.0,1.0,1.0,1.0,0.9564658233702014
164,1.0,0.9429284893360886,1.0,1.0,1.0,1.0,0.9904880815560148
165,1.0,1.0,1.0,1.0,0.7420720535635541,1.0,0.957012008927259
166,1.0,1.0,1.0,1.0,1.0,1.0,1.0
167,1.0,0.939546603604734,1.0,1.0,1.0,1.0,0.9899244339341223
168,0.9968044902291031,1.0,1.0,1.0,1.0,1.0,0.9994674150381838
169,1.0,1.0,1.0,1.0,0.9748067017394517,1.0,0.9958011169565752
170,1.0,1.0,1.0,0.9679158593792381,1.0,1.0,0.9946526432298729
171,1.0,1.0,1.0,1.0,1.0,1.0,1.0
172,0.8563381479806234,1.0,1.0,1.0,1.0,1.0,0.9760563579967706
173,1.0,1.0,1.0,1.0,1.0,1.0,1.0
174,0.7352963505213514,1.0,1.0,1.0,1.0,1.0,0.9558827250868919
175,1.0,1.0,1.0,1.0,1.0,1.0,1.0
176,1.0,0.9895154946963405,1.0,1.0,1.0,1.0,0.9982525824493901
177,1.0,1.0,1.0,1.0,1.0,1.0,1.0
178,1.0,1.0,1.0,1.0,1.0,1.0,1.0
179,1.0,1.0,1.0,1.0,1.0,1.0,1.0
180,0.8176633268449927,1.0,1.0,1.0,1.0,1.0,0.9696105544741654
181,1.0,0.9438399926457172,1.0,1.0,1.0,1.0,0.9906399987742862
182,1.0,1.0,1.0,1.0,1.0,1.0,1.0
183,1.0,1.0,1.0,1.0,1.0,1.0,1.0
184,1.0,1.0,1.0,1.0,1.0,1.0,1.0
185,1.0,1.0,1.0,1.0,1.0,1.0,1.0
186,1.0,1.0,1.0,1.0,1.0,1.0,1.0
187,1.0,1.0,1.0,1.0,1.0,1.0,1.0
188,1.0,1.0,1.0,1.0,1.0,1.0,1.0
189,1.0,1.0,1.0,1.0,1.0,1.0,1.0
190,1.0,1.0,1.0,1.0,1.0,1.0,1.0
191,1.0,1.0,1.0,1.0,1.0,1.0,1.0
192,1.0,0.9866525691408073,1.0,1.0,1.0,1.0,0.9977754281901344
193,0.8276453713466464,1.0,1.0,0.5285697420248278,0.8138379712178874,0.8792506859454515,0.8415506284224689
194,1.0,1.0,1.0,1.0,1.0,1.0,1.0
195,0.6219292997756918,1.0,1.0,1.0,1.0,1.0,0.936988216629282
196,1.0,1.0,1.0,1.0,1.0,1.0,1.0
197,1.0,1.0,1.0,1.0,1.0,1.0,1.0
198,0.9482304636447588,1.0,1.0,1.0,1.0,1.0,0.9913717439407931
199,1.0,1.0,1.0,1.0,1.0,1.0,1.0
200,1.0,0.9507104225943738,1.0,1.0,1.0,1.0,0.9917850704323956
201,0.8440573038504686,1.0,1.0,1.0,1.0,1.0,0.9740095506417448
202,1.0,1.0,1.0,1.0,1.0,1.0,1.0
203,1.0,1.0,1.0,1.0,1.0,1.0,1.0
204,1.0,1.0,1.0,1.0,1.0,1.0,1.0
205,1.0,1.0,1.0,0.9582704184345309,1.0,1.0,0.9930450697390883
206,1.0,1.0,1.0,1.0,1.0,1.0,1.0
207,1.0,1.0,1.0,0.888898357859866,1.0,1.0,0.981483059643311
208,0.9800518975870173,1.0,1.0,1.0,1.0,1.0,0.9966753162645029
209,1.0,0.9504280908926421,1.0,1.0,1.0,1.0,0.9917380151487737
210,1.0,1.0,1.0,1.0,1.0,1.0,1.0
211,1.0,1.0,1.0,1.0,1.0,1.0,1.0
212,0.43329552743082295,1.0,1.0,1.0,1.0,1.0,0.9055492545718038
213,0.9748684254644221,1.0,1.0,1.0,1.0,1.0,0.9958114042440703
214,1.0,0.6961716608690296,1.0,1.0,1.0,1.0,0.9493619434781716
215,0.9860888546095905,1.0,1.0,0.9900742286944977,1.0,1.0,0.9960271805506814
216,1.0,1.0,1.0,1.0,1.0,1.0,1.0
217,1.0,1.0,1.0,1.0,1.0,1.0,1.0
218,1.0,1.0,1.0,1.0,1.0,1.0,1.0
219,1.0,1.0,0.8148117403920371,1.0,1.0,1.0,0.9691352900653395
220,1.0,1.0,1.0,1.0,1.0,1.0,1.0
221,1.0,0.9842027942376191,1.0,1.0,1.0,1.0,0.9973671323729366
222,1.0,1.0,1.0,1.0,1.0,1.0,1.0
223,1.0,1.0,1.0,1.0,1.0,1.0,1.0
224,1.0,1.0,1.0,1.0,1.0,1.0,1.0
225,1.0,1.0,1.0,1.0,1.0,1.0,1.0
226,1.0,1.0,1.0,1.0,1.0,1.0,1.0
227,1.0,0.7455137457188565,1.0,1.0,1.0,1.0,0.9575856242864761
228,1.0,1.0,1.0,1.0,1.0,1.0,1.0
229,1.0,1.0,1.0,1.0,1.0,1.0,1.0
230,1.0,0.40478803681537695,1.0,1.0,1.0,1.0,0.9007980061358962
231,1.0,1.0,1.0,1.0,1.0,1.0,1.0
232,1.0,1.0,1.0,0.8278358443209888,1.0,1.0,0.9713059740534981
233,1.0,1.0,1.0,1.0,1.0,1.0,1.0
234,1.0,1.0,1.0,1.0,1.0,1.0,1.0
235,1.0,1.0,0.904286879079941,1.0,0.7432417632509679,0.6242215340568622,0.8786250293979618
236,1.0,1.0,1.0,1.0,1.0,1.0,1.0
237,1.0,1.0,1.0,1.0,1.0,1.0,1.0
238,0.9031708474061375,1.0,1.0,1.0,1.0,1.0,0.983861807901023
239,1.0,1.0,0.7827748080478386,1.0,1.0,1.0,0.9637958013413064
240,0.9161741224117578,1.0,1.0,1.0,1.0,1.0,0.9860290204019596
241,1.0,1.0,1.0,1.0,1.0,1.0,1.0
242,1.0,1.0,1.0,1.0,1.0,1.0,1.0
243,0.6838327141722842,1.0,1.0,0.945383766420875,1.0,1.0,0.9382027467655266
244,1.0,1.0,1.0,1.0,1.0,1.0,1.0
245,1.0,1.0,1.0,1.0,1.0,1.0,1.0
246,1.0,1.0,1.0,1.0,1.0,1.0,1.0
247,1.0,1.0,1.0,1.0,1.0,1.0,1.0
248,1.0,1.0,1.0,1.0,1.0,1.0,1.0
249,0.47757112549553543,1.0,0.6416640534365708,1.0,1.0,1.0,0.8532058631553511
250,1.0,1.0,1.0,1.0,1.0,1.0,1.0
251,1.0,1.0,1.0,1.0,1.0,1.0,1.0
252,1.0,1.0,1.0,1.0,1.0,1.0,1.0
253,1.0,1.0,1.0,1.0,1.0,1.0,1.0
254,1.0,1.0,1.0,1.0,1.0,1.0,1.0
255,0.7948078262076717,1.0,1.0,1.0,1.0,1.0,0.9658013043679453
256,1.0,1.0,1.0,0.9901713630264541,1.0,1.0,0.9983618938377424
257,1.0,1.0,1.0,1.0,1.0,1.0,1.0
258,1.0,1.0,1.0,1.0,1.0,1.0,1.0
259,1.0,1.0,1.0,1.0,1.0,1.0,1.0
260,1.0,1.0,1.0,1.0,1.0,1.0,1.0
261,1.0,1.0,1.0,1.0,1.0,1.0,1.0
262,0.9783108630792505,1.0,1.0,1.0,1.0,1.0,0.9963851438465418
263,1.0,0.8059129716297947,1.0,1.0,1.0,1.0,0.9676521619382991
264,1.0,1.0,1.0,1.0,1.0,1.0,1.0
265,1.0,1.0,1.0,1.0,1.0,1.0,1.0
266,1.0,1.0,1.0,1.0,1.0,1.0,1.0
267,0.4548319202608834,0.7548344972145943,1.0,1.0,1.0,1.0,0.868277736245913
268,1.0,1.0,1.0,1.0,1.0,1.0,1.0
269,1.0,1.0,1.0,1.0,1.0,1.0,1.0
270,1.0,1.0,1.0,1.0,1.0,1.0,1.0
271,1.0,1.0,1.0,1.0,1.0,1.0,1.0
272,1.0,1.0,1.0,1.0,1.0,1.0,1.0
273,1.0,1.0,1.0,1.0,1.0,1.0,1.0
274,1.0,1.0,1.0,1.0,1.0,1.0,1.0
275,1.0,1.0,1.0,1.0,1.0,1.0,1.0
276,1.0,1.0,1.0,1.0,1.0,1.0,1.0
277,1.0,0.488407958563509,1.0,1.0,1.0,1.0,0.9147346597605849
278,0.9150798377504817,1.0,1.0,1.0,1.0,1.0,0.9858466396250803
279,1.0,0.5207024397911986,1.0,1.0,1.0,1.0,0.9201170732985332
280,0.8519196890914723,1.0,1.0,1.0,1.0,1.0,0.975319948181912
281,0.9932860768266996,1.0,1.0,1.0,1.0,1.0,0.9988810128044499
282,0.9524726846375827,1.0,0.8729676282526394,1.0,1.0,1.0,0.9709067188150371
283,1.0,1.0,1.0,1.0,1.0,1.0,1.0
284,1.0,1.0,1.0,1.0,1.0,1.0,1.0
285,1.0,1.0,1.0,1.0,1.0,1.0,1.0
286,1.0,1.0,1.0,1.0,1.0,1.0,1.0
287,0.5774312963375936,1.0,1.0,1.0,1.0,1.0,0.9295718827229322
288,1.0,1.0,0.9994771772452551,1.0,1.0,1.0,0.9999128628742092
289,1.0,1.0,1.0,1.0,1.0,1.0,1.0
290,1.0,1.0,1.0,1.0,1.0,1.0,1.0
291,1.0,1.0,1.0,1.0,1.0,1.0,1.0
292,0.6461300308831115,1.0,0.8926057531680753,1.0,1.0,1.0,0.9231226306751977
293,1.0,1.0,1.0,1.0,1.0,1.0,1.0
294,1.0,1.0,1.0,0.9424574660228604,1.0,1.0,0.9904095776704768
295,1.0,0.8218676720866003,1.0,1.0,1.0,1.0,0.9703112786811001
296,1.0,1.0,1.0,1.0,1.0,1.0,1.0
297,1.0,1.0,1.0,1.0,1.0,1.0,1.0
298,1.0,1.0,1.0,1.0,1.0,1.0,1.0
299,1.0,1.0,1.0,1.0,1.0,1.0,1.0
300,1.0,1.0,1.0,1.0,1.0,1.0,1.0
301,1.0,1.0,1.0,1.0,1.0,1.0,1.0
302,1.0,1.0,1.0,1.0,1.0,1.0,1.0
303,1.0,1.0,1.0,1.0,1.0,1.0,1.0
304,1.0,1.0,1.0,1.0,1.0,1.0,1.0
305,1.0,0.8270208461259798,1.0,1.0,1.0,1.0,0.9711701410209966
306,1.0,1.0,1.0,1.0,1.0,1.0,1.0
307,1.0,0.9459797299029732,1.0,1.0,1.0,1.0,0.9909966216504955
308,1.0,1.0,0.9499304020171281,1.0,1.0,1.0,0.9916550670028547
309,1.0,1.0,1.0,1.0,1.0,1.0,1.0
310,1.0,1.0,1.0,1.0,1.0,1.0,1.0
311,1.0,1.0,0.9875116043106033,1.0,1.0,1.0,0.9979186007184339
312,1.0,1.0,1.0,1.0,1.0,1.0,1.0
313,1.0,1.0,0.8726495956066512,1.0,1.0,0.6070794572979034,0.9132881754840924
314,1.0,1.0,1.0,1.0,1.0,1.0,1.0
315,1.0,0.7852231655420019,0.8748070712452993,1.0,1.0,0.8194737892652015,0.9132506710087505
316,1.0,1.0,0.4288883822993622,1.0,1.0,1.0,0.9048147303832271
317,1.0,0.9365174499084458,0.713460601221248,0.9259054607876804,0.9278372894660568,1.0,0.9172868002305719
318,1.0,1.0,1.0,1.0,1.0,1.0,1.0
319,1.0,1.0,1.0,1.0,1.0,1.0,1.0
320,1.0,1.0,1.0,1.0,1.0,1.0,1.0
321,0.807052374607605,1.0,1.0,1.0,1.0,1.0,0.9678420624346008
322,1.0,1.0,1.0,1.0,1.0,1.0,1.0
323,1.0,1.0,1.0,1.0,1.0,1.0,1.0
324,1.0,1.0,1.0,1.0,1.0,1.0,1.0
325,1.0,1.0,1.0,1.0,1.0,1.0,1.0
326,1.0,0.9280459220764753,1.0,0.7692736175413034,1.0,1.0,0.9495532566029631
327,1.0,1.0,1.0,1.0,1.0,1.0,1.0
328,1.0,1.0,1.0,1.0,1.0,1.0,1.0
329,0.7055350989534346,1.0,1.0,1.0,1.0,1.0,0.9509225164922391
330,1.0,1.0,1.0,1.0,1.0,1.0,1.0
331,1.0,1.0,1.0,1.0,1.0,1.0,1.0
332,0.7617308508957008,1.0,1.0,1.0,1.0,1.0,0.9602884751492834
333,1.0,1.0,1.0,1.0,1.0,1.0,1.0
334,0.9424384135996108,1.0,1.0,1.0,1.0,1.0,0.9904064022666018
335,1.0,1.0,1.0,1.0,1.0,1.0,1.0
336,1.0,1.0,1.0,1.0,1.0,1.0,1.0
337,1.0,1.0,1.0,0.6327678569802014,1.0,1.0,0.9387946428300337
338,1.0,1.0,1.0,1.0,1.0,1.0,1.0
339,1.0,1.0,1.0,1.0,1.0,1.0,1.0
340,1.0,1.0,1.0,1.0,1.0,1.0,1.0
341,1.0,1.0,1.0,1.0,1.0,1.0,1.0
342,1.0,1.0,1.0,1.0,1.0,1.0,1.0
343,1.0,1.0,1.0,1.0,1.0,1.0,1.0
344,1.0,1.0,1.0,1.0,1.0,1.0,1.0
345,0.48985574308246527,0.8150145497952751,0.5604958107318788,1.0,1.0,1.0,0.8108943506016032
346,1.0,1.0,1.0,1.0,1.0,1.0,1.0
347,1.0,1.0,1.0,1.0,1.0,1.0,1.0
348,1.0,1.0,1.0,1.0,1.0,1.0,1.0
349,1.0,1.0,1.0,1.0,1.0,1.0,1.0
350,1.0,1.0,1.0,1.0,1.0,1.0,1.0
351,1.0,1.0,0.9920652373079353,1.0,1.0,1.0,0.9986775395513225
352,1.0,1.0,1.0,1.0,1.0,1.0,1.0
353,1.0,1.0,1.0,1.0,1.0,1.0,1.0
354,1.0,1.0,1.0,1.0,1.0,1.0,1.0
355,1.0,1.0,1.0,1.0,1.0,1.0,1.0
356,1.0,1.0,1.0,1.0,1.0,1.0,1.0
357,1.0,1.0,0.4441654091440367,0.9102501982285839,1.0,1.0,0.8924026012287701
358,1.0,0.7856934177624453,1.0,1.0,1.0,1.0,0.9642822362937409
359,1.0,1.0,1.0,1.0,1.0,1.0,1.0
360,1.0,1.0,1.0,1.0,1.0,1.0,1.0
361,1.0,1.0,1.0,1.0,1.0,1.0,1.0
362,1.0,1.0,1.0,1.0,1.0,1.0,1.0
363,1.0,0.8929931191916429,0.7459561194300692,1.0,0.8533288420622994,1.0,0.9153796801140018
364,1.0,1.0,1.0,1.0,1.0,1.0,1.0
365,1.0,1.0,1.0,1.0,1.0,1.0,1.0
366,1.0,1.0,1.0,1.0,1.0,1.0,1.0
367,1.0,0.9228545076258687,1.0,1.0,1.0,1.0,0.9871424179376448
368,1.0,1.0,1.0,1.0,1.0,1.0,1.0
369,0.7562785837070694,1.0,1.0,1.0,1.0,1.0,0.9593797639511782
370,1.0,1.0,1.0,1.0,1.0,1.0,1.0
371,1.0,1.0,1.0,1.0,1.0,1.0,1.0
372,1.0,1.0,1.0,1.0,1.0,1.0,1.0
373,1.0,1.0,1.0,1.0,1.0,1.0,1.0
374,1.0,1.0,1.0,1.0,1.0,1.0,1.0
375,1.0,1.0,0.9867654510124502,0.8053304937251354,1.0,1.0,0.965349324122931
376,0.8953214283384144,1.0,1.0,1.0,1.0,1.0,0.9825535713897358
377,1.0,1.0,1.0,1.0,1.0,1.0,1.0
378,0.4703748369367387,1.0,1.0,1.0,1.0,1.0,0.9117291394894563
379,0.5994339706275149,1.0,1.0,1.0,1.0,1.0,0.9332389951045857
380,1.0,1.0,1.0,1.0,1.0,1.0,1.0
381,1.0,1.0,1.0,1.0,1.0,1.0,1.0
382,1.0,1.0,1.0,1.0,1.0,1.0,1.0
383,1.0,1.0,1.0,1.0,1.0,1.0,1.0
384,1.0,1.0,1.0,1.0,0.9789486736000649,1.0,0.9964914456000108
385,1.0,0.8210370115668736,1.0,1.0,1.0,1.0,0.9701728352611457
386,1.0,1.0,1.0,1.0,1.0,1.0,1.0
387,1.0,1.0,1.0,1.0,1.0,1.0,1.0
388,1.0,1.0,1.0,1.0,1.0,1.0,1.0
389,0.7390002607739102,1.0,1.0,1.0,1.0,1.0,0.9565000434623183
390,0.8006070047130052,1.0,1.0,1.0,1.0,1.0,0.9667678341188343
391,1.0,1.0,0.7402066741544616,1.0,1.0,1.0,0.956701112359077
392,1.0,1.0,0.9903339310979375,1.0,1.0,1.0,0.998388988516323
393,1.0,1.0,1.0,1.0,1.0,1.0,1.0
394,1.0,1.0,1.0,1.0,1.0,1.0,1.0
395,1.0,1.0,0.524684328943207,0.9706930391937703,1.0,1.0,0.9158962280228296
396,0.9828749957294566,1.0,1.0,1.0,1.0,1.0,0.9971458326215762
397,1.0,1.0,1.0,0.9080435413520954,1.0,1.0,0.9846739235586824
398,1.0,1.0,1.0,1.0,1.0,1.0,1.0
399,1.0,1.0,1.0,1.0,1.0,1.0,1.0
400,1.0,1.0,1.0,1.0,1.0,1.0,1.0
401,0.8668138193139537,1.0,1.0,1.0,1.0,1.0,0.9778023032189923
402,1.0,1.0,1.0,1.0,1.0,1.0,1.0
403,1.0,1.0,1.0,1.0,1.0,1.0,1.0
404,1.0,1.0,1.0,1.0,1.0,1.0,1.0
405,1.0,1.0,1.0,0.9364033447797859,1.0,1.0,0.9894005574632976
406,1.0,1.0,1.0,0.9989774007939158,1.0,1.0,0.9998295667989859
407,1.0,1.0,1.0,1.0,1.0,1.0,1.0
408,1.0,1.0,1.0,1.0,1.0,1.0,1.0
409,1.0,0.7129640824778096,1.0,1.0,1.0,1.0,0.9521606804129683
410,0.8428415640502137,1.0,1.0,0.8214101415832822,1.0,1.0,0.944041950938916
411,1.0,1.0,1.0,1.0,1.0,1.0,1.0
412,1.0,1.0,1.0,1.0,1.0,1.0,1.0
413,1.0,1.0,1.0,1.0,1.0,1.0,1.0
414,1.0,1.0,1.0,1.0,1.0,1.0,1.0
415,1.0,1.0,1.0,1.0,1.0,1.0,1.0
416,1.0,1.0,1.0,0.8222126447976826,1.0,1.0,0.9703687741329471
417,0.8137553206376167,1.0,1.0,1.0,1.0,1.0,0.9689592201062694
418,0.9381450036051483,1.0,1.0,1.0,1.0,1.0,0.9896908339341914
419,1.0,1.0,1.0,0.958099230448963,1.0,1.0,0.9930165384081605
420,1.0,1.0,1.0,1.0,1.0,1.0,1.0
421,1.0,1.0,1.0,1.0,1.0,1.0,1.0
422,1.0,1.0,1.0,1.0,1.0,1.0,1.0
423,1.0,1.0,1.0,1.0,1.0,1.0,1.0
424,1.0,0.5648173602867662,1.0,1.0,1.0,1.0,0.9274695600477944
425,1.0,1.0,1.0,1.0,1.0,1.0,1.0
426,1.0,1.0,1.0,1.0,1.0,1.0,1.0
427,1.0,1.0,1.0,1.0,1.0,1.0,1.0
428,1.0,1.0,1.0,1.0,1.0,1.0,1.0
429,1.0,1.0,1.0,1.0,1.0,1.0,1.0
430,0.9489855792547177,1.0,1.0,1.0,1.0,1.0,0.991497596542453
431,1.0,1.0,1.0,1.0,1.0,1.0,1.0
432,1.0,1.0,1.0,1.0,1.0,1.0,1.0
433,1.0,1.0,1.0,1.0,1.0,1.0,1.0
434,1.0,1.0,1.0,1.0,0.9980026721108275,1.0,0.9996671120184711
435,1.0,1.0,1.0,1.0,1.0,1.0,1.0
436,1.0,1.0,1.0,1.0,1.0,1.0,1.0
437,1.0,0.8185216046382501,1.0,1.0,1.0,1.0,0.9697536007730417
438,1.0,1.0,1.0,1.0,1.0,1.0,1.0
439,1.0,0.8106695029735475,1.0,1.0,1.0,1.0,0.968444917162258
440,1.0,1.0,1.0,1.0,1.0,1.0,1.0
441,0.933625291942571,1.0,1.0,1.0,1.0,1.0,0.9889375486570952
442,1.0,1.0,1.0,1.0,1.0,1.0,1.0
443,1.0,1.0,1.0,1.0,1.0,1.0,1.0
444,1.0,1.0,1.0,1.0,1.0,1.0,1.0
445,1.0,1.0,0.7935851738210072,1.0,1.0,1.0,0.9655975289701679
446,1.0,1.0,1.0,1.0,1.0,1.0,1.0
447,0.931065191418807,1.0,1.0,1.0,1.0,1.0,0.9885108652364677
448,1.0,1.0,1.0,1.0,1.0,1.0,1.0
449,1.0,1.0,1.0,1.0,1.0,1.0,1.0
450,1.0,1.0,1.0,1.0,1.0,1.0,1.0
451,1.0,1.0,1.0,1.0,1.0,1.0,1.0
452,1.0,1.0,1.0,1.0,1.0,1.0,1.0
453,1.0,1.0,0.9135126770006537,1.0,1.0,1.0,0.9855854461667756
454,1.0,1.0,1.0,1.0,1.0,1.0,1.0
455,1.0,1.0,1.0,1.0,1.0,1.0,1.0
456,0.6272969089360065,0.8217218230637968,1.0,1.0,1.0,1.0,0.9081697886666339
457,0.7619706683286418,1.0,0.6962825052039573,1.0,1.0,1.0,0.9097088622554331
458,0.9794054328728549,0.713123452767469,1.0,1.0,0.707592337632285,0.9076655777666637,0.8846311335065454
459,1.0,1.0,0.9221027168055825,1.0,1.0,1.0,0.9870171194675971
460,1.0,1.0,1.0,1.0,1.0,1.0,1.0
461,1.0,1.0,1.0,1.0,1.0,1.0,1.0
462,1.0,1.0,1.0,1.0,1.0,1.0,1.0
463,0.9391469879683475,1.0,1.0,1.0,1.0,1.0,0.989857831328058
464,1.0,0.8118022562057083,1.0,1.0,1.0,1.0,0.9686337093676181
465,1.0,1.0,1.0,1.0,1.0,1.0,1.0
466,1.0,0.8194173890268269,1.0,1.0,1.0,1.0,0.9699028981711377
467,1.0,1.0,1.0,1.0,1.0,1.0,1.0
468,1.0,1.0,0.8548881814577863,1.0,1.0,1.0,0.9758146969096311
469,1.0,1.0,1.0,1.0,1.0,1.0,1.0
470,1.0,1.0,1.0,1.0,1.0,1.0,1.0
471,1.0,1.0,1.0,1.0,1.0,1.0,1.0
472,1.0,1.0,0.945432161955049,1.0,1.0,1.0,0.9909053603258414
473,0.9695803620227091,1.0,1.0,1.0,1.0,1.0,0.9949300603371182
474,1.0,1.0,1.0,1.0,1.0,1.0,1.0
475,1.0,1.0,1.0,1.0,1.0,1.0,1.0
476,1.0,1.0,1.0,0.923685913256195,1.0,1.0,0.9872809855426992
477,0.9456725643179761,1.0,1.0,1.0,1.0,1.0,0.9909454273863293
478,0.9574349094156067,1.0,1.0,1.0,1.0,1.0,0.9929058182359345
479,1.0,1.0,1.0,1.0,1.0,1.0,1.0
480,1.0,1.0,0.9534973661303525,1.0,1.0,1.0,0.9922495610217253
481,1.0,1.0,0.907705483655937,1.0,1.0,0.857925928841039,0.960938568749496
482,1.0,0.7921914124599033,1.0,1.0,0.9849918560460525,1.0,0.962863878084326
483,1.0,1.0,1.0,1.0,1.0,1.0,1.0
484,1.0,0.9784054114619442,1.0,1.0,1.0,1.0,0.996400901910324
485,1.0,1.0,1.0,1.0,1.0,1.0,1.0
486,0.7545977290877063,1.0,1.0,1.0,1.0,1.0,0.9590996215146177
487,1.0,1.0,1.0,1.0,1.0,1.0,1.0
488,1.0,1.0,1.0,1.0,1.0,1.0,1.0
489,1.0,1.0,1.0,1.0,1.0,1.0,1.0
490,1.0,1.0,0.6289721399345313,1.0,1.0,1.0,0.9381620233224218
491,1.0,1.0,0.915401120518289,1.0,1.0,1.0,0.9859001867530481
492,1.0,0.42221238798893973,0.9452806823950188,1.0,1.0,1.0,0.8945821783973265
493,1.0,1.0,1.0,1.0,1.0,1.0,1.0
494,1.0,1.0,1.0,1.0,1.0,1.0,1.0
495,1.0,1.0,1.0,0.7827416866920628,1.0,1.0,0.9637902811153438
496,0.8367021442848857,1.0,1.0,1.0,1.0,1.0,0.9727836907141475
497,1.0,1.0,1.0,1.0,1.0,1.0,1.0
498,1.0,1.0,1.0,1.0,1.0,1.0,1.0
499,1.0,1.0,1.0,1.0,1.0,1.0,1.0
500,1.0,1.0,1.0,1.0,1.0,1.0,1.0
501,1.0,1.0,0.619880964242053,1.0,1.0,1.0,0.9366468273736756
502,1.0,1.0,1.0,1.0,1.0,1.0,1.0
503,1.0,0.8739894950543775,1.0,1.0,1.0,1.0,0.9789982491757296
504,1.0,1.0,1.0,1.0,1.0,1.0,1.0
505,0.9151840554783166,1.0,1.0,1.0,1.0,1.0,0.9858640092463862
506,1.0,1.0,1.0,1.0,1.0,1.0,1.0
507,1.0,1.0,0.5297271842515963,1.0,1.0,1.0,0.921621197375266
508,0.9371478224039983,1.0,1.0,1.0,1.0,1.0,0.9895246370673331
509,0.8874816780951519,1.0,1.0,1.0,1.0,1.0,0.981246946349192
510,1.0,1.0,1.0,1.0,1.0,1.0,1.0
511,0.5650228600991604,1.0,1.0,1.0,1.0,1.0,0.9275038100165268
512,1.0,1.0,1.0,1.0,1.0,1.0,1.0
513,1.0,1.0,1.0,1.0,1.0,1.0,1.0
514,1.0,1.0,0.8203589234494076,1.0,1.0,1.0,0.9700598205749014
515,1.0,1.0,1.0,1.0,1.0,1.0,1.0
516,0.7902279205262961,0.8644254750692199,1.0,0.9951181472771483,1.0,0.6471127942523494,0.8828140561875023
517,0.9604704171624786,1.0,1.0,1.0,1.0,1.0,0.9934117361937465
518,1.0,1.0,1.0,1.0,1.0,1.0,1.0
519,1.0,1.0,1.0,1.0,1.0,1.0,1.0
520,0.9577379648110426,1.0,1.0,1.0,1.0,1.0,0.992956327468507
521,1.0,1.0,1.0,1.0,1.0,1.0,1.0
522,1.0,1.0,1.0,1.0,1.0,1.0,1.0
523,0.8614817314616526,1.0,1.0,1.0,1.0,1.0,0.9769136219102754
524,1.0,1.0,1.0,1.0,1.0,1.0,1.0
525,1.0,1.0,1.0,1.0,1.0,1.0,1.0
526,0.8442648876118888,1.0,1.0,1.0,1.0,1.0,0.9740441479353148
527,1.0,1.0,1.0,1.0,1.0,1.0,1.0
528,1.0,1.0,1.0,1.0,1.0,1.0,1.0
529,1.0,1.0,1.0,1.0,1.0,1.0,1.0
530,1.0,1.0,0.988779307228343,1.0,1.0,1.0,0.9981298845380572
531,1.0,1.0,0.9222185718704381,1.0,1.0,1.0,0.987036428645073
532,1.0,1.0,1.0,1.0,1.0,1.0,1.0
533,1.0,1.0,1.0,1.0,1.0,1.0,1.0
534,1.0,1.0,1.0,1.0,1.0,1.0,1.0
535,1.0,1.0,1.0,0.9489319894702053,1.0,1.0,0.9914886649117008
536,1.0,1.0,1.0,1.0,1.0,1.0,1.0
537,1.0,1.0,1.0,1.0,1.0,1.0,1.0
538,1.0,1.0,1.0,1.0,1.0,1.0,1.0
539,1.0,0.8925367954117591,1.0,1.0,1.0,0.9724612017726226,0.977499666197397
540,1.0,1.0,1.0,1.0,1.0,1.0,1.0
541,0.7853599244307744,1.0,1.0,1.0,1.0,1.0,0.9642266540717958
542,0.5999117200767748,1.0,1.0,1.0,1.0,1.0,0.9333186200127958
543,1.0,1.0,1.0,0.4165703100788812,1.0,1.0,0.9027617183464803
544,0.9409571243886286,1.0,1.0,1.0,1.0,1.0,0.9901595207314381
545,1.0,1.0,1.0,1.0,1.0,1.0,1.0
546,1.0,1.0,1.0,1.0,1.0,1.0,1.0
547,1.0,1.0,1.0,1.0,1.0,1.0,1.0
548,1.0,1.0,1.0,1.0,1.0,1.0,1.0
549,1.0,1.0,1.0,1.0,1.0,1.0,1.0
550,1.0,1.0,1.0,1.0,1.0,1.0,1.0
551,1.0,0.9368397991671575,0.5763097178931295,1.0,1.0,1.0,0.9188582528433811
552,1.0,1.0,1.0,1.0,1.0,1.0,1.0
553,1.0,1.0,1.0,0.7080999936936222,1.0,1.0,0.951349998948937
554,1.0,1.0,1.0,1.0,1.0,1.0,1.0
555,0.6509103427487354,1.0,1.0,1.0,1.0,1.0,0.9418183904581227
556,1.0,0.4039006636174336,1.0,1.0,1.0,1.0,0.9006501106029056
557,1.0,1.0,1.0,1.0,1.0,1.0,1.0
558,1.0,0.4466256620634432,1.0,1.0,1.0,1.0,0.9077709436772405
559,1.0,1.0,1.0,1.0,1.0,1.0,1.0
560,0.9802390656170009,1.0,1.0,1.0,1.0,1.0,0.9967065109361668
561,0.9415953214607305,1.0,0.5434754472150655,1.0,1.0,1.0,0.9141784614459659
562,0.751802230274247,1.0,1.0,1.0,0.8228248322749767,1.0,0.9291045104248706
563,1.0,1.0,1.0,1.0,1.0,1.0,1.0
564,1.0,1.0,1.0,1.0,1.0,1.0,1.0
565,1.0,1.0,1.0,1.0,1.0,1.0,1.0
566,1.0,0.7126363255816087,0.9700056568818566,1.0,1.0,1.0,0.9471069970772442
567,0.9040964880019194,1.0,1.0,1.0,1.0,1.0,0.9840160813336531
568,1.0,1.0,1.0,1.0,1.0,1.0,1.0
569,1.0,1.0,1.0,1.0,1.0,1.0,1.0
570,1.0,1.0,1.0,1.0,1.0,1.0,1.0
571,1.0,1.0,1.0,1.0,1.0,1.0,1.0
572,1.0,1.0,1.0,1.0,1.0,1.0,1.0
573,1.0,1.0,1.0,1.0,1.0,1.0,1.0
574,0.8064121166474612,1.0,1.0,1.0,1.0,1.0,0.9677353527745769
575,1.0,1.0,1.0,1.0,1.0,1.0,1.0
576,1.0,1.0,1.0,1.0,1.0,1.0,1.0
577,1.0,1.0,1.0,1.0,1.0,1.0,1.0
578,1.0,1.0,1.0,1.0,0.8663682433042937,1.0,0.9777280405507156
579,1.0,1.0,1.0,1.0,1.0,1.0,1.0
580,1.0,1.0,1.0,1.0,1.0,1.0,1.0
581,1.0,0.8724716078554262,0.8013400537994481,0.6627916253758656,1.0,1.0,0.88943388117179
582,1.0,1.0,1.0,1.0,1.0,1.0,1.0
583,0.9203161786057648,1.0,1.0,1.0,1.0,1.0,0.9867193631009608
584,1.0,1.0,1.0,1.0,1.0,1.0,1.0
585,1.0,1.0,0.6983736793469564,1.0,1.0,0.8672173080454361,0.9275984978987322
586,1.0,1.0,1.0,1.0,1.0,1.0,1.0
587,1.0,1.0,1.0,1.0,1.0,1.0,1.0
588,1.0,1.0,1.0,1.0,1.0,1.0,1.0
589,1.0,1.0,0.829162935283459,1.0,1.0,1.0,0.9715271558805765
590,1.0,1.0,1.0,1.0,1.0,1.0,1.0
591,1.0,1.0,1.0,1.0,1.0,1.0,1.0
592,1.0,1.0,1.0,1.0,1.0,1.0,1.0
593,1.0,1.0,1.0,1.0,1.0,1.0,1.0
594,0.8447998489235317,1.0,1.0,1.0,1.0,1.0,0.974133308153922
595,1.0,1.0,1.0,1.0,1.0,1.0,1.0
596,1.0,1.0,1.0,1.0,1.0,1.0,1.0
597,1.0,1.0,1.0,0.8803083107240162,1.0,1.0,0.9800513851206695
598,1.0,1.0,1.0,1.0,1.0,1.0,1.0
599,1.0,1.0,1.0,1.0,1.0,1.0,1.0
600,1.0,1.0,1.0,1.0,1.0,1.0,1.0
601,0.22738227369475164,1.0,1.0,1.0,1.0,1.0,0.8712303789491253
602,1.0,1.0,1.0,0.5684330470915996,1.0,0.8355614658444865,0.9006657521560144
603,0.9599567004475281,1.0,1.0,1.0,1.0,1.0,0.9933261167412546
604,0.9853022896421073,1.0,1.0,1.0,1.0,1.0,0.9975503816070179
605,0.8015785419931757,1.0,1.0,1.0,1.0,1.0,0.9669297569988626
606,1.0,1.0,1.0,1.0,1.0,1.0,1.0
607,1.0,1.0,1.0,1.0,1.0,1.0,1.0
608,1.0,1.0,1.0,1.0,1.0,1.0,1.0
609,1.0,1.0,0.9665154164783193,1.0,1.0,1.0,0.9944192360797199
610,1.0,1.0,1.0,1.0,1.0,1.0,1.0
611,1.0,1.0,1.0,1.0,1.0,1.0,1.0
612,0.8417739119047881,1.0,1.0,1.0,1.0,1.0,0.9736289853174647
613,0.8359968955648347,1.0,1.0,1.0,1.0,1.0,0.9726661492608057
614,1.0,1.0,1.0,1.0,1.0,1.0,1.0
615,1.0,1.0,1.0,1.0,1.0,1.0,1.0
616,1.0,1.0,1.0,1.0,1.0,1.0,1.0
617,0.772097427610741,1.0,1.0,1.0,1.0,1.0,0.9620162379351235
618,1.0,1.0,0.9869442578821436,1.0,1.0,1.0,0.9978240429803572
619,0.8015539476254527,1.0,1.0,1.0,1.0,1.0,0.9669256579375755
620,1.0,1.0,1.0,1.0,1.0,1.0,1.0
621,1.0,1.0,1.0,1.0,1.0,1.0,1.0
622,1.0,1.0,0.8412129972404259,1.0,1.0,1.0,0.973535499540071
623,0.9385449317281571,1.0,1.0,1.0,1.0,1.0,0.9897574886213595
624,0.9590025674317134,1.0,1.0,1.0,1.0,1.0,0.9931670945719523
625,1.0,1.0,1.0,1.0,1.0,1.0,1.0
626,0.748808641777384,0.9160728611854629,1.0,1.0,1.0,1.0,0.9441469171604745
627,1.0,1.0,0.18861592247798958,0.9121675066037658,1.0,1.0,0.8501305715136258
628,0.9999591420623168,1.0,1.0,1.0,1.0,1.0,0.9999931903437195
629,1.0,1.0,0.9421534323265248,1.0,1.0,1.0,0.9903589053877542
630,1.0,1.0,1.0,1.0,1.0,1.0,1.0
631,1.0,1.0,1.0,1.0,1.0,1.0,1.0
632,0.7143635670248986,1.0,1.0,1.0,1.0,1.0,0.9523939278374831
633,1.0,1.0,1.0,1.0,1.0,1.0,1.0
634,1.0,1.0,1.0,1.0,1.0,1.0,1.0
635,1.0,1.0,1.0,1.0,1.0,1.0,1.0
636,0.9603859311501564,1.0,1.0,1.0,1.0,1.0,0.9933976551916928
637,1.0,0.9605573098162786,1.0,1.0,1.0,1.0,0.9934262183027132
638,1.0,0.9963335667598888,1.0,1.0,1.0,1.0,0.9993889277933148
639,0.800899414925668,1.0,1.0,1.0,1.0,1.0,0.966816569154278
640,1.0,1.0,1.0,1.0,1.0,1.0,1.0
641,1.0,1.0,1.0,1.0,1.0,1.0,1.0
642,1.0,1.0,1.0,1.0,1.0,1.0,1.0
643,1.0,0.9081668774586621,0.9743105549930383,1.0,1.0,0.8817806265046949,0.9607096764927326
644,1.0,1.0,1.0,1.0,1.0,1.0,1.0
645,1.0,1.0,1.0,1.0,1.0,1.0,1.0
646,0.9749027788116849,0.6542104302187909,1.0,0.6591814829543482,0.8874550395960263,1.0,0.8626249552634752
647,0.8128660961006487,1.0,1.0,1.0,1.0,1.0,0.9688110160167748
648,0.8268526622455855,1.0,1.0,1.0,1.0,1.0,0.9711421103742642
649,1.0,1.0,1.0,1.0,1.0,1.0,1.0
650,0.8799345546501349,1.0,1.0,1.0,1.0,1.0,0.9799890924416892
651,0.9825238294111829,1.0,1.0,1.0,1.0,1.0,0.9970873049018638
652,1.0,1.0,1.0,1.0,1.0,1.0,1.0
653,1.0,1.0,1.0,1.0,1.0,1.0,1.0
654,1.0,0.8848153997417124,1.0,1.0,1.0,1.0,0.9808025666236188
655,0.9946480408674437,1.0,1.0,1.0,1.0,1.0,0.9991080068112407
656,0.7191641025765525,1.0,1.0,1.0,1.0,1.0,0.9531940170960921
657,1.0,0.9455690990789295,1.0,1.0,1.0,1.0,0.9909281831798215
658,1.0,1.0,1.0,1.0,1.0,1.0,1.0
659,1.0,1.0,1.0,1.0,1.0,1.0,1.0
660,1.0,1.0,1.0,0.9213100239033178,0.9474404638352208,1.0,0.9781250812897565
661,1.0,1.0,1.0,1.0,1.0,1.0,1.0
662,0.5816453449301432,1.0,1.0,1.0,1.0,1.0,0.9302742241550238
663,1.0,1.0,0.83626328795979,1.0,1.0,1.0,0.9727105479932984
664,1.0,0.93354452838883,1.0,1.0,1.0,1.0,0.988924088064805
665,1.0,1.0,1.0,1.0,1.0,1.0,1.0
666,1.0,1.0,1.0,0.9342329098465652,1.0,1.0,0.9890388183077609
667,1.0,1.0,1.0,1.0,1.0,1.0,1.0
668,1.0,0.9806538877022899,1.0,0.3953786364932227,0.973120332068717,0.773120332068717,0.853712198055491
669,1.0,1.0,0.895112623681279,1.0,1.0,1.0,0.9825187706135465
670,1.0,1.0,1.0,1.0,1.0,1.0,1.0
671,1.0,1.0,1.0,1.0,1.0,1.0,1.0
672,1.0,1.0,1.0,1.0,1.0,1.0,1.0
673,1.0,1.0,1.0,1.0,1.0,1.0,1.0
674,1.0,0.7394705295135886,1.0,1.0,1.0,1.0,0.956578421585598
675,1.0,1.0,1.0,1.0,1.0,1.0,1.0
676,0.8550046490088078,1.0,1.0,1.0,1.0,1.0,0.9758341081681347
677,1.0,0.9783753159515426,1.0,1.0,1.0,1.0,0.9963958859919236
678,1.0,1.0,1.0,1.0,1.0,1.0,1.0
679,0.9960550867028347,1.0,1.0,1.0,1.0,1.0,0.9993425144504725
680,1.0,0.9683654329371507,1.0,1.0,1.0,1.0,0.9947275721561918
681,1.0,0.41897823080813773,1.0,1.0,1.0,1.0,0.903163038468023
682,1.0,1.0,1.0,1.0,1.0,1.0,1.0
683,0.7468857556343692,1.0,1.0,0.9101123304333322,1.0,1.0,0.9428330143446169
684,1.0,1.0,0.6020283021137492,1.0,1.0,1.0,0.933671383685625
685,1.0,1.0,1.0,1.0,1.0,1.0,1.0
686,1.0,0.6953743670959001,1.0,1.0,1.0,1.0,0.9492290611826499
687,1.0,1.0,0.9571876699323003,1.0,1.0,1.0,0.9928646116553833
688,1.0,1.0,1.0,1.0,1.0,1.0,1.0
689,1.0,1.0,1.0,1.0,1.0,1.0,1.0
690,1.0,1.0,1.0,1.0,0.9960978433912568,1.0,0.9993496405652095
691,1.0,0.7661383872670016,1.0,1.0,1.0,1.0,0.9610230645445003
692,1.0,1.0,1.0,1.0,1.0,1.0,1.0
693,1.0,1.0,1.0,1.0,1.0,1.0,1.0
694,1.0,1.0,0.8927645759285104,1.0,1.0,1.0,0.9821274293214183
695,1.0,1.0,1.0,1.0,1.0,1.0,1.0
696,1.0,1.0,1.0,1.0,1.0,1.0,1.0
697,0.7776699578495242,1.0,1.0,0.7112374793211359,1.0,1.0,0.9148179061951099
698,1.0,0.5734223844192488,1.0,1.0,1.0,1.0,0.9289037307365415
699,1.0,1.0,1.0,1.0,1.0,1.0,1.0
700,1.0,1.0,1.0,1.0,1.0,1.0,1.0
701,1.0,1.0,1.0,1.0,1.0,1.0,1.0
702,1.0,1.0,1.0,1.0,1.0,1.0,1.0
703,1.0,1.0,1.0,1.0,1.0,1.0,1.0
704,1.0,1.0,1.0,1.0,1.0,1.0,1.0
705,1.0,1.0,1.0,1.0,1.0,1.0,1.0
706,1.0,1.0,0.9316149647664853,1.0,1.0,1.0,0.9886024941277475
707,1.0,1.0,1.0,1.0,1.0,0.9253091545715431,0.987551525761924
708,1.0,1.0,1.0,1.0,1.0,1.0,1.0
709,1.0,1.0,1.0,1.0,1.0,1.0,1.0
710,1.0,0.7697648380340762,1.0,1.0,1.0,1.0,0.9616274730056794
711,1.0,1.0,1.0,1.0,1.0,1.0,1.0
712,1.0,1.0,1.0,1.0,1.0,1.0,1.0
713,1.0,1.0,1.0,1.0,1.0,1.0,1.0
714,1.0,1.0,0.8213375546622126,1.0,1.0,1.0,0.9702229257770355
715,1.0,1.0,1.0,1.0,1.0,1.0,1.0
716,1.0,1.0,1.0,0.86717369891218,1.0,1.0,0.9778622831520299
717,1.0,1.0,1.0,1.0,1.0,1.0,1.0
718,1.0,1.0,1.0,1.0,1.0,1.0,1.0
719,1.0,1.0,1.0,1.0,1.0,1.0,1.0
720,1.0,1.0,1.0,1.0,1.0,1.0,1.0
721,1.0,1.0,0.9261179873844361,1.0,1.0,1.0,0.9876863312307393
722,1.0,1.0,0.5385444307199396,1.0,1.0,1.0,0.9230907384533232
723,1.0,1.0,1.0,1.0,1.0,1.0,1.0
724,1.0,0.8384048243847921,1.0,1.0,0.4965809087657218,1.0,0.889164288858419
725,1.0,1.0,1.0,1.0,1.0,1.0,1.0
726,1.0,0.8032228799801879,1.0,0.7913969251168418,1.0,1.0,0.9324366341828383
727,1.0,1.0,1.0,1.0,1.0,1.0,1.0
728,1.0,1.0,1.0,1.0,1.0,1.0,1.0
729,1.0,0.7312576605630761,1.0,0.40946246690715477,0.6093889660387322,0.7156352419548873,0.7442907225773084
730,1.0,1.0,1.0,1.0,1.0,0.9624901694411181,0.9937483615735196
731,1.0,1.0,1.0,1.0,1.0,1.0,1.0
732,0.9060130257631412,1.0,1.0,1.0,1.0,1.0,0.9843355042938567
733,1.0,1.0,1.0,1.0,1.0,1.0,1.0
734,1.0,1.0,1.0,1.0,1.0,1.0,1.0
735,1.0,1.0,1.0,1.0,1.0,1.0,1.0
736,1.0,1.0,0.9402559775398885,1.0,1.0,1.0,0.9900426629233148
737,1.0,1.0,1.0,1.0,1.0,1.0,1.0
738,1.0,1.0,1.0,1.0,1.0,1.0,1.0
739,1.0,1.0,1.0,1.0,1.0,1.0,1.0
740,1.0,1.0,1.0,1.0,1.0,1.0,1.0
741,1.0,1.0,1.0,1.0,1.0,1.0,1.0
742,1.0,1.0,1.0,1.0,0.9856783543138119,1.0,0.997613059052302
743,1.0,1.0,0.8828150154700889,0.9619746738863916,1.0,1.0,0.9741316148927468
744,1.0,0.9605753991963994,1.0,1.0,1.0,1.0,0.9934292331993998
745,1.0,1.0,1.0,0.8753495193993951,1.0,1.0,0.9792249198998991
746,1.0,1.0,1.0,1.0,1.0,1.0,1.0
747,1.0,1.0,1.0,1.0,1.0,1.0,1.0
748,0.782082356966681,1.0,1.0,1.0,1.0,1.0,0.9636803928277802
749,1.0,1.0,1.0,1.0,1.0,1.0,1.0
750,0.7343879083406755,1.0,1.0,1.0,1.0,1.0,0.9557313180567792
751,1.0,0.9708205000941067,1.0,1.0,1.0,1.0,0.9951367500156844
752,1.0,0.9695789748899699,1.0,1.0,1.0,1.0,0.9949298291483283
753,1.0,1.0,1.0,0.7762149549741093,1.0,1.0,0.9627024924956848
754,1.0,1.0,1.0,1.0,1.0,1.0,1.0
755,1.0,1.0,1.0,1.0,1.0,1.0,1.0
756,0.7430308610137413,1.0,1.0,1.0,1.0,1.0,0.9571718101689569
757,1.0,1.0,1.0,1.0,1.0,1.0,1.0
758,1.0,1.0,1.0,1.0,1.0,1.0,1.0
759,0.9238378955531659,1.0,1.0,1.0,0.9421630342560882,1.0,0.9776668216348757
760,0.6998276672184706,0.9021196136038612,1.0,1.0,1.0,1.0,0.9336578801370553
761,1.0,1.0,1.0,1.0,1.0,1.0,1.0
762,1.0,1.0,1.0,1.0,1.0,1.0,1.0
763,1.0,1.0,1.0,1.0,1.0,1.0,1.0
764,1.0,0.7062475755655958,1.0,1.0,1.0,1.0,0.951041262594266
765,0.9640309875360122,1.0,1.0,1.0,1.0,1.0,0.9940051645893354
766,1.0,1.0,1.0,1.0,1.0,1.0,1.0
767,0.8848325032612316,1.0,1.0,0.7287376350198194,1.0,1.0,0.9355950230468418
768,1.0,1.0,1.0,1.0,1.0,1.0,1.0
769,1.0,1.0,1.0,1.0,1.0,1.0,1.0
770,1.0,1.0,1.0,0.6570002580412243,1.0,1.0,0.942833376340204
771,1.0,1.0,1.0,1.0,1.0,1.0,1.0
772,1.0,1.0,1.0,1.0,1.0,1.0,1.0
773,1.0,1.0,1.0,1.0,1.0,1.0,1.0
774,1.0,1.0,1.0,1.0,1.0,1.0,1.0
775,0.7552985511050034,1.0,1.0,1.0,1.0,1.0,0.9592164251841672
776,1.0,1.0,1.0,1.0,1.0,1.0,1.0
777,0.8324409184150076,1.0,1.0,1.0,1.0,1.0,0.9720734864025014
778,1.0,1.0,1.0,1.0,1.0,1.0,1.0
779,1.0,1.0,1.0,1.0,1.0,1.0,1.0
780,1.0,1.0,1.0,1.0,1.0,1.0,1.0
781,0.6140652629329936,0.6002382985965051,0.9873557888976048,1.0,1.0,1.0,0.8669432250711839
782,1.0,1.0,1.0,1.0,1.0,1.0,1.0
783,1.0,1.0,0.9774749206065383,1.0,1.0,1.0,0.9962458201010898
784,1.0,1.0,1.0,1.0,1.0,1.0,1.0
785,1.0,1.0,1.0,0.9715506727665909,1.0,1.0,0.9952584454610985
786,1.0,1.0,1.0,1.0,1.0,0.9108915359089376,0.9851485893181563
787,1.0,1.0,1.0,1.0,1.0,1.0,1.0
788,0.4037401173346493,1.0,1.0,1.0,1.0,1.0,0.9006233528891082
789,1.0,1.0,1.0,1.0,1.0,1.0,1.0
790,0.7423144113565092,1.0,1.0,1.0,1.0,1.0,0.9570524018927515
791,1.0,0.5630464642889832,1.0,1.0,1.0,1.0,0.9271744107148305
792,1.0,1.0,1.0,1.0,1.0,1.0,1.0
793,0.933721428330306,1.0,1.0,1.0,1.0,1.0,0.9889535713883845
794,1.0,0.7140273319701925,1.0,1.0,1.0,1.0,0.9523378886616988
795,0.47060476678924196,1.0,1.0,1.0,1.0,1.0,0.9117674611315403
796,1.0,1.0,1.0,1.0,1.0,1.0,1.0
797,1.0,1.0,1.0,1.0,1.0,1.0,1.0
798,1.0,1.0,1.0,1.0,1.0,1.0,1.0
799,1.0,1.0,1.0,1.0,1.0,1.0,1.0
800,1.0,1.0,1.0,1.0,1.0,1.0,1.0
801,0.8712149202589511,1.0,1.0,1.0,1.0,1.0,0.9785358200431585
802,1.0,1.0,0.9286563966241668,1.0,1.0,1.0,0.9881093994373611
803,0.6270625931501296,0.34922769209875776,1.0,1.0,1.0,0.7841688085676218,0.7934098489694182
804,1.0,1.0,0.7558661686628867,1.0,1.0,1.0,0.9593110281104811
805,1.0,0.8358747726828947,0.7998628036614877,0.670423593348918,1.0,1.0,0.8843601949488834
806,0.5161155583110841,1.0,1.0,1.0,1.0,1.0,0.9193525930518472
807,0.8733012476608578,0.7277016238119433,1.0,1.0,1.0,1.0,0.9335004785788001
808,1.0,1.0,1.0,1.0,1.0,1.0,1.0
809,1.0,1.0,1.0,0.9910666028472267,1.0,1.0,0.9985111004745377
810,0.36502830240943795,1.0,1.0,0.9426338921080571,1.0,1.0,0.8846103657529159
811,1.0,1.0,1.0,1.0,1.0,1.0,1.0
812,0.8897110539795396,1.0,1.0,1.0,1.0,1.0,0.9816185089965899
813,0.8003126313125578,1.0,1.0,1.0,1.0,1.0,0.9667187718854263
814,1.0,0.6997006094982144,1.0,1.0,1.0,1.0,0.9499501015830357
815,1.0,1.0,1.0,0.7934028861764714,1.0,1.0,0.9655671476960785
816,1.0,1.0,0.8230257202362468,1.0,1.0,1.0,0.9705042867060412
817,1.0,1.0,0.7779537904540886,1.0,1.0,1.0,0.9629922984090147
818,1.0,1.0,1.0,1.0,1.0,1.0,1.0
819,1.0,0.7627213414944095,1.0,1.0,0.9863348372902361,1.0,0.9581760297974409
820,1.0,1.0,1.0,1.0,1.0,1.0,1.0
821,0.892436299579937,1.0,1.0,0.9267321839565481,1.0,1.0,0.9698614139227475
822,1.0,1.0,1.0,1.0,1.0,1.0,1.0
823,1.0,1.0,0.9116103392338295,1.0,1.0,1.0,0.985268389872305
824,1.0,1.0,1.0,1.0,1.0,1.0,1.0
825,1.0,1.0,1.0,1.0,1.0,1.0,1.0
826,1.0,0.9570039346449649,1.0,1.0,0.9320302740069801,1.0,0.9815057014419909
827,1.0,1.0,1.0,1.0,1.0,1.0,1.0
828,1.0,1.0,1.0,1.0,1.0,1.0,1.0
829,1.0,1.0,1.0,1.0,1.0,1.0,1.0
830,1.0,1.0,1.0,1.0,1.0,1.0,1.0
831,1.0,1.0,1.0,1.0,1.0,1.0,1.0
832,1.0,0.6329033463317174,1.0,1.0,1.0,1.0,0.9388172243886196
833,1.0,1.0,1.0,1.0,1.0,1.0,1.0
834,1.0,1.0,1.0,0.7913870917683204,1.0,1.0,0.9652311819613867
835,1.0,0.9571690493762841,1.0,1.0,1.0,1.0,0.9928615082293807
836,1.0,1.0,1.0,1.0,1.0,1.0,1.0
837,0.8744549185950914,0.5744549185950915,0.29048662809293163,0.9656575262635283,0.6741722142483538,1.0,0.729871034299166
838,1.0,0.9415627998446149,1.0,1.0,1.0,1.0,0.9902604666407692
839,1.0,0.7288871314804202,1.0,1.0,1.0,1.0,0.9548145219134033
840,1.0,1.0,1.0,1.0,1.0,1.0,1.0
841,1.0,1.0,1.0,1.0,1.0,1.0,1.0
842,1.0,1.0,1.0,1.0,1.0,1.0,1.0
843,1.0,1.0,1.0,1.0,1.0,1.0,1.0
844,1.0,1.0,1.0,1.0,1.0,1.0,1.0
845,1.0,1.0,1.0,1.0,1.0,1.0,1.0
846,0.45207825675071683,0.4961751968399125,0.6961815655999654,0.8739566891553538,0.6739566891553532,1.0,0.6987247329168836
847,1.0,1.0,1.0,1.0,1.0,1.0,1.0
848,1.0,1.0,1.0,1.0,1.0,1.0,1.0
849,1.0,0.7670620819117943,0.5670657243928381,0.6417873494246351,0.3950277429427921,0.555208517859136,0.6543585694218659
850,1.0,1.0,1.0,1.0,1.0,1.0,1.0
851,1.0,1.0,1.0,1.0,1.0,1.0,1.0
852,1.0,0.7825704019805942,1.0,1.0,1.0,1.0,0.9637617336634324
853,0.9987091041433207,0.9088208597600328,0.7088208597600328,0.658814421024825,1.0,0.7271107733392609,0.8337126696712454
854,0.6119562274104546,1.0,1.0,1.0,1.0,1.0,0.9353260379017424
855,1.0,0.9415558797451381,1.0,1.0,1.0,1.0,0.9902593132908564
856,1.0,0.9786427759072064,1.0,1.0,1.0,1.0,0.996440462651201
857,1.0,1.0,1.0,0.7171658041304624,1.0,1.0,0.9528609673550771
858,1.0,1.0,1.0,1.0,0.7574303339703861,1.0,0.9595717223283976
859,1.0,1.0,1.0,1.0,1.0,1.0,1.0
860,1.0,1.0,1.0,1.0,1.0,1.0,1.0
861,1.0,0.6994436964106834,1.0,1.0,1.0,1.0,0.9499072827351139
862,1.0,1.0,0.6532721519574866,1.0,1.0,1.0,0.9422120253262477
863,0.8512899339797433,1.0,1.0,1.0,1.0,1.0,0.9752149889966238
864,0.7549016737184092,1.0,1.0,1.0,1.0,1.0,0.9591502789530683
865,1.0,0.7103461876246044,1.0,1.0,1.0,1.0,0.9517243646041007
866,1.0,0.8386316792322875,1.0,0.4017792950743443,0.9693199930314069,0.8377351413735912,0.8412443514519384
867,1.0,0.7145627612263467,1.0,1.0,1.0,1.0,0.9524271268710578
868,0.9212488593353537,1.0,1.0,1.0,0.8242340759390356,1.0,0.9575804892123982
869,1.0,1.0,1.0,1.0,1.0,1.0,1.0
870,1.0,1.0,1.0,1.0,1.0,1.0,1.0
871,1.0,1.0,1.0,1.0,1.0,1.0,1.0
872,1.0,1.0,1.0,0.9493662769179542,1.0,1.0,0.9915610461529925
873,1.0,1.0,1.0,1.0,1.0,1.0,1.0
874,1.0,1.0,1.0,1.0,1.0,1.0,1.0
875,1.0,1.0,1.0,0.8676535421567291,0.6794156814634191,1.0,0.9245115372700248
876,1.0,1.0,0.9013934637405413,1.0,1.0,1.0,0.9835655772900903
877,1.0,1.0,1.0,0.7163209938557558,1.0,1.0,0.952720165642626
878,1.0,0.889071918644049,1.0,1.0,1.0,1.0,0.9815119864406748
879,1.0,1.0,1.0,1.0,1.0,1.0,1.0
880,1.0,1.0,1.0,1.0,1.0,1.0,1.0
881,1.0,0.772239863293479,1.0,1.0,1.0,1.0,0.9620399772155799
882,1.0,1.0,0.7406963106576486,1.0,1.0,1.0,0.9567827184429415
883,1.0,1.0,1.0,1.0,1.0,1.0,1.0
884,1.0,1.0,1.0,1.0,1.0,1.0,1.0
885,1.0,1.0,1.0,1.0,1.0,1.0,1.0
886,1.0,0.6788563832592034,1.0,1.0,1.0,1.0,0.9464760638765339
887,1.0,0.8824333440078491,1.0,1.0,1.0,1.0,0.9804055573346414
888,1.0,1.0,1.0,1.0,1.0,1.0,1.0
889,0.6703562785068621,1.0,1.0,1.0,1.0,1.0,0.9450593797511436
890,1.0,1.0,1.0,1.0,1.0,1.0,1.0
891,1.0,1.0,1.0,1.0,1.0,1.0,1.0
892,1.0,1.0,1.0,1.0,1.0,1.0,1.0
893,1.0,1.0,0.8992769934991696,1.0,1.0,1.0,0.9832128322498616
894,1.0,1.0,1.0,1.0,1.0,1.0,1.0
895,0.9964884225914596,1.0,1.0,1.0,1.0,1.0,0.9994147370985766
896,0.9062346230404097,1.0,1.0,1.0,1.0,1.0,0.9843724371734016
897,1.0,1.0,1.0,1.0,1.0,1.0,1.0
898,1.0,1.0,0.63169701162851,0.9697719615273379,1.0,1.0,0.9335781621926413
899,1.0,1.0,0.5951302700993627,1.0,1.0,1.0,0.9325217116832271
900,0.7329983307554009,1.0,1.0,0.8997940264822248,1.0,0.9667409635760091,0.9332555534689392
901,1.0,1.0,1.0,1.0,1.0,1.0,1.0
902,1.0,0.9270169600062333,1.0,1.0,1.0,1.0,0.9878361600010388
903,1.0,0.998349563099995,1.0,1.0,1.0,1.0,0.9997249271833325
904,1.0,1.0,1.0,1.0,1.0,1.0,1.0
905,1.0,1.0,1.0,0.9253904643986646,1.0,1.0,0.9875650773997774
906,1.0,0.8765326398231799,1.0,1.0,1.0,1.0,0.9794221066371968
907,1.0,1.0,1.0,1.0,1.0,1.0,1.0
908,1.0,1.0,1.0,1.0,1.0,1.0,1.0
909,0.8650753718056827,1.0,1.0,1.0,1.0,1.0,0.9775125619676137
910,1.0,1.0,1.0,1.0,1.0,1.0,1.0
911,1.0,1.0,1.0,0.8425258973236738,1.0,1.0,0.9737543162206123
912,1.0,1.0,1.0,1.0,1.0,1.0,1.0
913,1.0,1.0,1.0,0.9677844801732333,1.0,1.0,0.9946307466955387
914,0.7798525232909918,1.0,1.0,1.0,1.0,1.0,0.963308753881832
915,1.0,1.0,1.0,1.0,1.0,1.0,1.0
916,1.0,1.0,1.0,0.9357543795586667,1.0,1.0,0.9892923965931111
917,1.0,1.0,1.0,0.7925909940178372,1.0,1.0,0.9654318323363063
918,1.0,0.9761460934545163,1.0,1.0,1.0,1.0,0.996024348909086
919,1.0,1.0,0.9601017830124048,1.0,1.0,0.7204853077249868,0.9467645151228986
920,1.0,1.0,1.0,1.0,1.0,1.0,1.0
921,1.0,0.9175079740809106,1.0,1.0,1.0,1.0,0.9862513290134851
922,1.0,1.0,1.0,1.0,1.0,1.0,1.0
923,0.9582579541927699,1.0,1.0,1.0,0.8468188382855528,1.0,0.9675127987463871
924,1.0,1.0,1.0,1.0,1.0,1.0,1.0
925,1.0,1.0,1.0,1.0,1.0,1.0,1.0
926,1.0,1.0,1.0,1.0,1.0,1.0,1.0
927,1.0,1.0,1.0,1.0,0.6806765057534894,1.0,0.9467794176255815
928,1.0,1.0,1.0,1.0,1.0,1.0,1.0
929,1.0,1.0,0.6979480309775695,0.8422317900329281,1.0,1.0,0.9233633035017497
930,0.5484763265550964,1.0,0.9300320308926213,0.6542597179633891,1.0,1.0,0.8554613459018511
931,0.9537226699458131,1.0,1.0,1.0,1.0,1.0,0.9922871116576356
932,1.0,1.0,0.9389960865119423,1.0,1.0,1.0,0.9898326810853236
933,1.0,0.9790472430732347,1.0,1.0,1.0,1.0,0.9965078738455392
934,1.0,1.0,1.0,1.0,1.0,1.0,1.0
935,1.0,1.0,1.0,1.0,1.0,1.0,1.0
936,1.0,1.0,1.0,1.0,1.0,1.0,1.0
937,0.7335447871103449,1.0,1.0,1.0,1.0,1.0,0.9555907978517242
938,1.0,1.0,1.0,1.0,1.0,1.0,1.0
939,1.0,1.0,1.0,1.0,1.0,1.0,1.0
940,1.0,1.0,1.0,1.0,1.0,1.0,1.0
941,1.0,1.0,1.0,1.0,1.0,1.0,1.0
942,1.0,1.0,1.0,1.0,1.0,1.0,1.0
943,1.0,1.0,1.0,1.0,1.0,1.0,1.0
944,1.0,1.0,1.0,1.0,1.0,1.0,1.0
945,1.0,1.0,1.0,1.0,1.0,1.0,1.0
946,1.0,1.0,1.0,1.0,1.0,1.0,1.0
947,1.0,1.0,1.0,1.0,1.0,1.0,1.0
948,0.9022524145304447,1.0,1.0,1.0,1.0,1.0,0.9837087357550741
949,1.0,1.0,0.9510279745025035,1.0,1.0,1.0,0.9918379957504172
950,1.0,0.6037006226306418,0.94277581740564,1.0,1.0,1.0,0.9244127400060469
951,1.0,1.0,1.0,1.0,1.0,1.0,1.0
952,1.0,1.0,0.7973949517720432,1.0,1.0,1.0,0.9662324919620072
953,0.511929991703728,1.0,1.0,1.0,1.0,1.0,0.9186549986172879
954,1.0,1.0,0.9810689812725348,1.0,1.0,1.0,0.9968448302120891
955,0.9031148670544367,1.0,1.0,1.0,1.0,1.0,0.9838524778424061
956,1.0,1.0,1.0,1.0,1.0,0.9471044439060883,0.991184073984348
957,1.0,0.7789056120648014,1.0,1.0,1.0,1.0,0.9631509353441335
958,1.0,1.0,1.0,1.0,1.0,1.0,1.0
959,0.9909517839496259,1.0,1.0,1.0,1.0,1.0,0.9984919639916043
960,1.0,0.9799576353951491,1.0,1.0,1.0,1.0,0.9966596058991914
961,1.0,1.0,1.0,1.0,1.0,1.0,1.0
962,1.0,1.0,0.87145349665808,0.690433970565759,0.6285354321231261,0.8857306768260312,0.8460255960288326
963,1.0,0.9271031695483556,1.0,1.0,1.0,1.0,0.9878505282580593
964,1.0,1.0,1.0,1.0,1.0,1.0,1.0
965,1.0,1.0,1.0,1.0,1.0,1.0,1.0
966,1.0,1.0,1.0,1.0,1.0,1.0,1.0
967,1.0,1.0,1.0,1.0,1.0,1.0,1.0
968,1.0,1.0,1.0,1.0,1.0,1.0,1.0
969,1.0,1.0,1.0,1.0,1.0,1.0,1.0
970,1.0,1.0,1.0,0.8016229430277411,1.0,1.0,0.9669371571712903
971,1.0,1.0,1.0,1.0,1.0,1.0,1.0
972,0.6913579236368184,0.9599534060902248,1.0,0.8922073427946697,1.0,1.0,0.9239197787536187
973,1.0,1.0,1.0,1.0,1.0,1.0,1.0
974,1.0,1.0,1.0,1.0,1.0,1.0,1.0
975,1.0,1.0,1.0,1.0,1.0,1.0,1.0
976,1.0,1.0,1.0,1.0,1.0,1.0,1.0
977,1.0,1.0,1.0,1.0,1.0,1.0,1.0
978,1.0,1.0,1.0,0.9478026630855146,1.0,1.0,0.9913004438475858
979,1.0,1.0,1.0,1.0,1.0,1.0,1.0
980,1.0,1.0,1.0,1.0,1.0,1.0,1.0
981,1.0,1.0,1.0,1.0,1.0,1.0,1.0
982,1.0,1.0,1.0,0.8358594632235918,1.0,1.0,0.9726432438705986
983,1.0,1.0,1.0,1.0,1.0,1.0,1.0
984,1.0,1.0,1.0,1.0,1.0,1.0,1.0
985,1.0,0.8957726394523446,1.0,1.0,1.0,1.0,0.9826287732420574
986,1.0,1.0,1.0,1.0,1.0,1.0,1.0
987,0.6403580936609033,1.0,1.0,0.37622737465455053,1.0,1.0,0.8360975780525757
988,1.0,0.7371271710644325,1.0,1.0,1.0,1.0,0.9561878618440721
989,1.0,1.0,1.0,1.0,1.0,1.0,1.0
990,0.4592537317392374,1.0,1.0,1.0,1.0,1.0,0.9098756219565396
991,1.0,1.0,1.0,1.0,1.0,1.0,1.0
992,1.0,1.0,0.8286058549197397,1.0,1.0,1.0,0.97143430915329
993,1.0,1.0,1.0,1.0,1.0,1.0,1.0
994,0.8534183959026789,1.0,1.0,1.0,1.0,0.9667908790691179,0.9700348791619661
995,1.0,0.8239197346593125,1.0,1.0,1.0,1.0,0.9706532891098855
996,0.43891274212855336,1.0,1.0,1.0,1.0,1.0,0.9064854570214256
997,1.0,1.0,1.0,1.0,1.0,1.0,1.0
998,0.6024834517112418,1.0,1.0,1.0,1.0,1.0,0.9337472419518736
999,1.0,1.0,1.0,1.0,1.0,1.0,1.0
1000,0.30522337145941647,0.5262511844068757,0.5262536487766573,0.4210212412947084,0.22102124129470826,0.4526541739923029,0.40873747687077816
