Num,R_1,R_2,R_3,R_4,R_5,R_6,Average
1,1.0,1.0,0.7549724204456307,0.7784226774442353,0.7844405142257583,1.0,0.886305935352604
2,0.6258652298530298,0.849331232919547,0.7082129087061623,0.3322819100620916,0.37413477014697016,1.0,0.6483043419479668
3,0.6403853798735062,0.980209068211528,1.0,0.8842454075943244,1.0,1.0,0.9174733092798931
4,0.8056854018011906,0.0,0.6428486137842553,1.0,0.8078574487960012,1.0,0.7093985773969078
5,0.4739350290501458,0.8007698533895864,0.6128481029515986,1.0,1.0,1.0,0.8145921642318884
6,0.7564141588484149,1.0,1.0,0.9969134997203767,1.0,0.8280636783932,0.9302318894936651
7,0.7374973921009319,1.0,1.0,1.0,0.5064804782381789,0.6582346329948189,0.8170354172223216
8,0.959165278042082,0.9904773855839534,0.9213601850923417,1.0,1.0,1.0,0.9785004747863962
9,0.8267117231051607,0.8156999842836109,1.0,1.0,1.0,1.0,0.940401951231462
10,0.6732309169113138,1.0,1.0,1.0,1.0,0.8685456702157459,0.9236294311878432
11,1.0,1.0,0.0,0.6007155578158156,0.8083376028015532,1.0,0.7348421934362283
12,0.9265882171472385,1.0,0.9969871021916791,0.7632612523212343,1.0,1.0,0.9478060952766919
13,0.8920988020487405,1.0,0.6453165504044311,0.0,1.0,0.9815390781494879,0.75315907176711
14,1.0,1.0,0.8030924945762407,0.7641623561077803,0.9701503889506293,1.0,0.9229008732724417
15,1.0,1.0,0.8595201772259614,1.0,0.5472366494917221,0.6903217446419768,0.84951309522661
16,1.0,0.8088636165198562,0.5483882648975429,0.8550121557208985,1.0,1.0,0.868710672856383
17,1.0,1.0,0.9828834406063542,1.0,1.0,1.0,0.997147240101059
18,0.5696879700438925,1.0,0.9384474521718666,0.9738543535088037,0.7070676084932476,0.664290059577635,0.8088912406325742
19,0.5790482963087756,0.7888792582776192,0.8498082544137675,1.0,1.0,1.0,0.8696226348333603
20,1.0,0.14194696494681958,0.9132251495105306,0.8076911389475762,0.8803508104377752,1.0,0.7905356773071169
21,0.7501498591065812,1.0,1.0,1.0,0.74349841397388,1.0,0.9156080455134101
22,1.0,1.0,0.7783070110196056,0.5839156504487325,1.0,1.0,0.8937037769113897
23,1.0,0.8263555282430773,0.8429528726309452,0.7391783866889362,0.7948763022965123,1.0,0.8672271816432452
24,0.8957170916753678,0.0,0.5367842907077018,1.0,1.0,0.9873467756749028,0.7366413596763287
25,1.0,1.0,0.8401219251056676,0.7755075510272841,1.0,1.0,0.9359382460221587
26,1.0,0.839917497752045,0.8862550779762954,1.0,0.5341336553043692,1.0,0.8767177051721182
27,1.0,0.8604498312067265,0.7522153280172365,0.7697019302262886,0.9695890226942715,1.0,0.8919926853574206
28,1.0,1.0,0.7071230440642428,0.5321452671392278,0.9456556825957378,0.7188735861384272,0.8172995966562726
29,0.0,0.907002346611576,0.987884678822333,0.8163278454195837,1.0,1.0,0.7852024784755821
30,0.5755172762510801,0.907501396584524,1.0,1.0,0.7427329549649121,1.0,0.8709586046334193
31,1.0,0.5858605468019873,0.7137060607064647,0.7790576780012978,1.0,0.8476057673650755,0.8210383421458042
32,1.0,1.0,1.0,0.9236309361483476,0.0,0.7351822884299329,0.7764688707630468
33,0.637971895993352,0.7922466590879281,0.2685495524821493,0.9440451110254124,0.9413699095635749,1.0,0.7640305213587361
34,0.4354921053711616,0.0,0.47963771334322136,0.9653559829557756,1.0,0.9788221812136736,0.6432179971473054
35,0.4631157388195952,1.0,1.0,1.0,0.820226306583153,1.0,0.8805570075671246
36,1.0,0.5683524747453549,1.0,1.0,0.9024445105771394,1.0,0.9117994975537491
37,0.6549750852501915,0.7282976390765666,1.0,0.9408366095081184,1.0,1.0,0.8873515556391461
38,0.5682156091597834,0.2906959366088388,1.0,1.0,1.0,1.0,0.809818590961437
39,0.5345864188946795,1.0,1.0,0.8853195741543464,0.9406658406171647,0.9299619746666274,0.8817556347221363
40,1.0,1.0,1.0,1.0,0.8440359058048595,0.5900706470504399,0.9056844254758832
41,1.0,0.5159797132903147,0.6079284340774107,1.0,1.0,1.0,0.8539846912279542
42,1.0,1.0,1.0,1.0,0.4781539550783796,0.840865412342865,0.8865032279035407
43,0.607698955150363,0.7104796634630411,1.0,1.0,0.6994101200891222,0.8092577141960213,0.8044744088164246
44,0.5349811822397292,0.3877417329864326,1.0,1.0,0.8268534390221693,1.0,0.7915960590413885
45,0.6962126132363903,0.8921873778208076,0.6860926336349821,1.0,0.9031223422357586,1.0,0.8629358278213232
46,0.8786422707908835,0.7460263128000766,0.9230576666965163,1.0,0.9776391000836854,0.5609651722422656,0.8477217537689046
47,1.0,0.5564171258171413,1.0,1.0,0.8218083487738311,1.0,0.8963709124318288
48,0.7653768147489446,1.0,0.6394954660986821,0.5872750899162539,1.0,1.0,0.8320245617939802
49,0.612145033498348,1.0,1.0,0.7871882406672741,0.541171686206138,0.935708459248477,0.8127022366033728
50,0.7286273303758847,0.6303240975855795,1.0,1.0,1.0,1.0,0.8931585713269108
51,0.8460167006064554,0.6334552410776603,0.7758112318509788,1.0,1.0,0.8589290495947791,0.8523687038549789
52,0.8559218526733148,0.9603669271678895,0.6401590657223912,0.7954544672263342,1.0,0.7057434969612268,0.8262743016251927
53,0.4301796956323618,0.7588041776186738,0.6766195964414192,0.8564879406272666,0.9429559595593112,0.6464499988866543,0.7185828947942813
54,0.8043905532095571,0.5835196734344007,0.7615090381983923,1.0,0.9796295469124644,1.0,0.8548414686258025
55,0.7770289668785115,1.0,0.18956455927617138,0.7815613150594563,0.5788127058045377,1.0,0.7211612578364462
56,0.880746888849705,1.0,0.9127575980916929,1.0,0.926905080977558,1.0,0.9534015946531592
57,0.8159488772705704,0.7596146392053651,0.6949054062220635,0.8556923989219352,1.0,0.8117605412552922,0.8229869771458711
58,1.0,1.0,0.8686776216226465,0.8981333823674099,0.9732588353546985,0.9718716617989778,0.951990250190622
59,1.0,0.8270850410599401,0.9339055423793922,1.0,0.8727497504953683,1.0,0.9389567223224501
60,0.38022232666019695,0.7331336471457538,0.951206169645359,1.0,0.6536605071594078,1.0,0.786370441768453
61,0.5650342369787832,0.11286437981988898,1.0,0.770093344177098,1.0,1.0,0.7413319934959617
62,0.7044922280148049,0.8628364637822299,0.6757585173482071,0.7197730674494028,1.0,0.885711607210219,0.8080953139674772
63,0.11402697029630893,0.5214107965024402,1.0,1.0,0.9863783356425713,1.0,0.77030268374022
64,0.9295239078150773,1.0,0.7520400943567864,0.7943560217076345,0.9454197280505577,1.0,0.9035566253216759
65,1.0,0.654616568914856,0.5470599740938727,0.829466659935209,0.8388794603166408,0.9310320289557613,0.8001757820360565
66,1.0,0.8067781972898949,1.0,0.8748664618195042,1.0,0.9162983092045114,0.9329904947189851
67,0.6501436659647751,1.0,1.0,1.0,0.875166680211924,0.8664892618560467,0.8986332680054576
68,0.7124667192666462,0.17323186306512742,0.3485678448966993,1.0,1.0,0.7744313393603043,0.6681162944314628
69,0.40008695287495993,0.511667594216084,1.0,0.46556504250456215,1.0,0.8123443633514585,0.6982773254911775
70,0.6400641380365506,0.9055082818975493,1.0,0.5997966542951535,1.0,1.0,0.8575615123715422
71,0.5619285047780451,0.6813667518446226,1.0,0.8953141119490248,1.0,0.8602099296555389,0.8331365497045385
72,0.4952672469250934,1.0,0.0,1.0,1.0,0.9132315250570592,0.7347497953303588
73,0.6896200427553049,1.0,0.9132460275357667,1.0,1.0,0.6170808210993912,0.869991148565077
74,0.6900081410040299,0.4378331595606365,1.0,0.8435869397902366,1.0,0.6590728232946302,0.7717501772749222
75,0.8656042973700584,0.7035227769784858,0.3582327395442096,0.8318213990096199,1.0,0.6905481043126452,0.7416215528691699
76,0.955210398234958,1.0,0.8524238872848376,1.0,1.0,1.0,0.9679390475866326
77,0.7007578010195746,0.0,0.9794757710708109,0.8534246194022145,1.0,0.7905918442408216,0.7207083392889037
78,0.566166533748319,1.0,1.0,1.0,1.0,0.7670963026275204,0.8888771393959732
79,1.0,1.0,1.0,0.5851491480910678,0.7647458319870001,1.0,0.8916491633463446
80,0.7905331530910212,0.8016182758885257,0.6822337590045363,0.6793384049883964,1.0,1.0,0.8256205988287465
81,1.0,1.0,0.9096606572431563,1.0,0.9353518283346198,0.8747590237064865,0.953295251547377
82,0.8931741814353649,0.7401039753645476,1.0,1.0,0.5247398954696478,1.0,0.8596696753782601
83,0.0,1.0,0.20728686540020286,1.0,1.0,1.0,0.7012144775667005
84,0.7577898773976792,0.7713846279891516,0.6846311836638356,1.0,0.692108594341229,0.8546287977990785,0.7934238468651623
85,1.0,0.5373902230250561,1.0,0.8548780033726406,1.0,0.8182686882040533,0.8684228191002917
86,0.8366190094658877,0.6074632500296171,0.9416697102818474,1.0,1.0,1.0,0.8976253282962254
87,1.0,1.0,0.7274877795659219,1.0,1.0,1.0,0.9545812965943203
88,0.6793502398137069,0.23222814859806146,1.0,0.8684133273319539,0.9029972562697347,1.0,0.7804981620022428
89,0.7755599918127832,1.0,1.0,1.0,0.7686132276570888,1.0,0.9240288699116453
90,0.7564049859829235,1.0,0.7706990089842257,1.0,0.4588051920883593,1.0,0.8309848645092514
91,1.0,0.6875664806265928,0.7117788613960746,0.909972493497509,0.9716297250671335,0.5089640165164754,0.7983185961839641
92,0.5859432175514565,0.914434766151855,0.9639585821839814,0.7092673393017465,1.0,0.8351376454489725,0.8347902584396687
93,0.0,0.7979090372680194,0.3526632027754709,0.8949117057915464,0.8982575802570576,1.0,0.6572902543486824
94,0.626887040236243,0.8107347837907888,0.6990853811394097,1.0,0.768035728167202,0.9592847401266806,0.810671278910054
95,0.8412637657694755,1.0,0.47929697131134297,1.0,0.7082145625499191,1.0,0.838129216605123
96,0.3972707207946056,1.0,0.8420080999255686,0.9295242822254087,0.9745823937413259,0.8621388984969175,0.8342540658639711
97,1.0,1.0,1.0,0.9141949620181369,0.7248681010321545,1.0,0.9398438438417153
98,0.6180625063656682,0.7842677070355892,1.0,0.6607090356901205,1.0,0.9872051124502543,0.8417073935902722
99,1.0,0.8321964322327862,0.8852374952445349,0.9740553782857203,0.7686856298819101,1.0,0.9100291559408252
100,0.7699120817601849,1.0,0.9989135276451774,1.0,1.0,0.9580540665077191,0.9544799459855136
101,0.8667678492327558,1.0,1.0,0.8946625816179168,1.0,0.7947047741424683,0.9260225341655236
102,0.6379959157976509,0.7861843807968389,0.595766568447063,1.0,1.0,0.9326377586976823,0.8254307706232059
103,1.0,1.0,0.8415137698274362,0.9733836161475921,0.7091668437075682,1.0,0.9206773716137661
104,0.9460932694525119,1.0,1.0,1.0,0.9620722175928599,0.8313020600446592,0.9565779245150052
105,1.0,0.6496124628729998,1.0,0.791119835260263,1.0,1.0,0.9067887163555438
106,0.5712367833777906,0.8171662997761316,0.6120928290691535,1.0,1.0,0.7572399080319331,0.7929559700425015
107,1.0,1.0,1.0,0.8982693079791668,1.0,0.9614985236338409,0.9766279719355012
108,1.0,0.8170189105893838,0.6592706714116298,1.0,0.9567943571128574,1.0,0.9055139898523118
109,0.6809069708829871,0.9967044116381842,0.0,1.0,0.7986254436194504,1.0,0.7460394710234369
110,1.0,0.8303922965560818,0.8900716088630218,0.8183944937205624,1.0,1.0,0.9231430665232777
111,1.0,0.8370695176475166,0.6706035083747423,1.0,0.8978253281375823,1.0,0.9009163923599735
112,0.8775087814673531,0.7021523755666627,1.0,1.0,1.0,1.0,0.929943526172336
113,0.8884896383469806,0.8165416498594176,0.8947826424396221,0.9567608200005024,1.0,1.0,0.9260957917744205
114,0.5777237676977911,1.0,0.7792129647910703,1.0,1.0,0.6475947984162728,0.834088588484189
115,1.0,0.8054790766317187,0.4461855986722414,1.0,1.0,0.9454831172034266,0.8661912987512311
116,0.7382861371988008,1.0,0.6671775711393398,0.9490919255163027,1.0,1.0,0.8924259389757406
117,0.8596717779663322,0.8378576391561854,1.0,1.0,0.9614765898607556,1.0,0.9431676678305455
118,0.8741437517358008,0.8185365932365766,0.7078386065901242,1.0,0.9972149020719271,0.9573065789026085,0.8925067387561728
119,0.8268435716647055,1.0,0.9889776769498749,1.0,0.9538413200717613,0.684407526519525,0.9090116825343112
120,1.0,1.0,0.8432820885606479,0.7703641343812729,1.0,1.0,0.9356077038236535
121,0.646823472251424,0.6243638546001538,0.9797224757959581,0.8335719482452935,1.0,1.0,0.8474136251488048
122,0.9470312390680453,0.9275482126187661,0.8361405764382283,0.8753917359908843,1.0,0.9942353115846843,0.9300578459501012
123,1.0,0.8540337326280969,1.0,0.8266728916411485,0.9921047570550542,1.0,0.9454685635540501
124,0.8993041889292164,1.0,1.0,0.7843161051992887,1.0,0.9502551401417925,0.9389792390450497
125,0.7893879996848734,1.0,1.0,0.7331531641576892,0.9629890301852325,1.0,0.9142550323379658
126,0.7707519378721897,1.0,0.0,1.0,1.0,0.9983339850134118,0.7948476538142669
127,0.66166502928487,0.3717868620403347,0.8793811150545772,0.6801946304733042,1.0,1.0,0.765504606142181
128,0.6809637041878184,1.0,1.0,1.0,0.8254160431011384,1.0,0.9177299578814928
129,0.7473297095596934,0.6736953511737005,0.5991296504390969,1.0,1.0,0.8716086569419478,0.8152938946857399
130,0.5525468337923745,0.9057874230683717,0.9741805788832876,0.6821117098280927,1.0,0.9367225394522265,0.8418915141707255
131,1.0,1.0,0.9230647420907883,1.0,0.9732588353546981,0.9718716617989778,0.9780325398740772
132,0.8434123868293234,0.8516894776867255,0.800389879353062,1.0,0.9802979431341701,1.0,0.912631614500547
133,0.7955468492595607,1.0,0.9126908518482247,0.6607735311686104,1.0,0.8482515672784451,0.8695437999258068
134,1.0,0.8438726271291132,0.5574357645510822,0.6673529989808078,1.0,0.9339933709833672,0.8337757936073951
135,0.9205280441248666,0.6432026868034406,0.8007220438102197,0.7650325493770073,1.0,1.0,0.8549142206859224
136,1.0,0.6629194828486793,0.8467790219612107,0.8824944552194128,1.0,0.6646973021022029,0.8428150436885843
137,1.0,0.8679438124183593,0.9872742421281824,0.8460235285823172,1.0,0.9638385113660487,0.9441800157491512
138,0.041715144100357246,0.7199386160805891,0.9268803528555969,1.0,1.0,1.0,0.7814223521727572
139,0.4891347327704583,0.8089675335386669,0.1619477433230446,0.7312191704523684,1.0,1.0,0.6985448633474229
140,1.0,1.0,0.8059809627228949,0.48329011456928805,1.0,1.0,0.8815451795486972
141,1.0,0.0,0.9522807523867518,0.8213939526933636,1.0,1.0,0.7956124508466859
142,0.6877374285805387,0.8893072340103689,0.7714762356947171,1.0,1.0,0.8980784873599177,0.8744332309409236
143,1.0,1.0,0.7500793843888675,1.0,0.5893825253344068,1.0,0.8899103182872125
144,1.0,0.76582991321303,0.9088022106487785,1.0,1.0,1.0,0.9457720206436347
145,0.6208941521654957,1.0,0.8472787521182743,1.0,1.0,0.9443663292822849,0.902089872261009
146,0.6662406773402565,0.7614197443414369,0.8706259663578929,0.8784832758446264,0.9568534371993916,1.0,0.8556038501806008
147,0.6111389894671245,0.7877004947315012,1.0,0.9592427858489261,0.9490361087886087,0.7142419542642163,0.8368933888500628
148,1.0,0.5543428799921034,0.7005262468960374,0.820318786159549,1.0,1.0,0.8458646521746149
149,1.0,1.0,1.0,0.8466632484755812,0.9502236294502358,0.8842889304149071,0.946862634723454
150,0.8590455360077824,0.7587492306596713,0.928570001174044,0.9295678718808794,0.7829301326121395,0.9287552902931034,0.8646030104379366
151,0.5607544537956843,0.7904025066475594,1.0,1.0,1.0,1.0,0.8918594934072073
152,0.9351260422902433,0.6654222089026384,1.0,0.7052056020771093,0.8744041081038291,1.0,0.86335966022897
153,0.7419411187672038,1.0,0.8120546616220119,1.0,1.0,1.0,0.9256659633982026
154,0.6137256904179473,1.0,1.0,1.0,1.0,0.8974541975071842,0.9185299813208553
155,1.0,0.5424287941241416,0.7057430261115537,1.0,1.0,0.894862358061203,0.8571723630494831
156,1.0,1.0,0.0,1.0,0.8137930803125626,0.9895710526449941,0.8005606888262594
157,0.5622562961657639,0.7729406413286901,0.9445549513636795,1.0,1.0,0.6078551191000708,0.814601167993034
158,0.7253194474555863,1.0,0.8145718641375566,0.7413455008173203,0.8789808843831957,0.9572741405806298,0.8529153062290481
159,1.0,1.0,0.97137892218495,1.0,0.7341632024749334,1.0,0.9509236874433139
160,0.5026093095791875,1.0,1.0,1.0,0.7567254239162152,0.9800428533220258,0.8732295978029048
161,1.0,0.9389747792999968,0.8377736676036242,1.0,1.0,1.0,0.9627914078172702
162,0.5803473242171254,1.0,0.8417407815834284,0.9583793230446582,1.0,0.9811599372230313,0.893604561011374
163,0.36570942814718627,0.6415320139959231,1.0,0.9671918927603106,0.8261261918315564,0.7517813956577395,0.7587234870654527
164,0.7837900244368341,0.6232054285026576,1.0,1.0,0.8691083544503744,0.7359829599822844,0.8353477945620251
165,0.03590396133667729,1.0,1.0,1.0,0.6331234241436028,1.0,0.77817123091338
166,0.0,0.7879542549492313,1.0,0.6667191039902799,1.0,0.7982458597467382,0.7088198697810415
167,0.5367273470899571,1.0,1.0,1.0,1.0,0.8175210088395211,0.8923747259882465
168,0.7221176508181717,0.5938061770969669,0.8383602900101229,0.7394647649521107,0.8146430697497049,0.8793910534959425,0.7646305010205033
169,0.8925146853878522,1.0,0.7004428304891971,1.0,1.0,1.0,0.9321595859795083
170,0.0,0.0,0.8081970885522126,1.0,1.0,0.8034616177900842,0.6019431177237161
171,1.0,0.6032943871275416,0.6113099124067075,1.0,0.7056399134555943,0.9796326872737489,0.816646150043932
172,0.7856435086498516,0.914603412550015,0.6001081930329171,0.7478477291488574,1.0,0.9740793834873421,0.8370470378114973
173,0.5594039553734472,0.9432019404879337,1.0,0.9965823248839277,1.0,1.0,0.916531370124218
174,0.6352304508403815,1.0,0.9942627121773965,0.8443311167771542,1.0,0.8183581633764369,0.8820304071952282
175,0.700633429304051,0.740594913838066,1.0,0.7285591149858041,1.0,1.0,0.8616312430213201
176,0.9752800241874139,0.6647422086319743,0.7792578804363358,1.0,0.9430370560600921,1.0,0.8937195282193028
177,1.0,0.9165896124836629,0.9884502628879872,0.5456300258039224,0.9826184462836163,1.0,0.9055480579098649
178,0.6790732033541439,1.0,0.9769110109222997,0.6887272734236123,1.0,0.8784470074842642,0.8705264158640534
179,1.0,0.06354142726575204,0.9382655461729691,1.0,1.0,0.7991011254131561,0.8001513498086462
180,0.6796648099087671,1.0,1.0,1.0,1.0,0.9095248639227037,0.931531612305245
181,0.5941009850583387,1.0,0.8803013183724223,1.0,1.0,1.0,0.9124003839051268
182,1.0,0.76939638789936,1.0,1.0,0.926752460083004,0.9880117635865925,0.9473601019281594
183,0.7115355092039896,0.16976441918763663,0.5543009660526391,0.5571230291629458,1.0,1.0,0.6654539872678685
184,1.0,1.0,1.0,0.9283175955021408,0.6983174318632547,0.8817530744295955,0.9180646836324985
185,0.8704414777886719,1.0,0.800577449079007,0.9354134829738365,0.7072931471753197,0.6403562864260367,0.8256803072404786
186,0.5185434816283587,1.0,1.0,1.0,1.0,0.887218558487691,0.9009603400193417
187,0.9082654086967193,0.7040129668072848,1.0,0.8384500448872054,1.0,0.9045784938964605,0.8925511523812784
188,0.5547080716415294,0.5357171843413874,1.0,0.6000958592695577,0.746907529236409,1.0,0.7395714407481474
189,1.0,0.6185013169525392,0.9924217772547733,1.0,1.0,0.9671593589501608,0.9296804088595788
190,0.7006382410028474,1.0,1.0,0.9328195620188482,0.9690235290513814,1.0,0.9337468886788463
191,0.48775921605254197,0.9253091385160652,1.0,0.8773115799125577,0.9236698280625496,0.9618759384776038,0.8626542835035531
192,0.8213838874403929,0.9116983213149229,0.7630031662625503,1.0,1.0,1.0,0.9160142291696444
193,0.0,0.0,1.0,0.8244129494027448,1.0,0.8371666097861264,0.6102632598648118
194,0.8318354401848828,0.9453319663401717,1.0,1.0,0.965215187738874,1.0,0.9570637657106548
195,0.6341101504745924,0.6116911535800564,1.0,1.0,0.8948602039831824,0.9441326483312505,0.8474656927281803
196,0.8689486540155255,0.7840505589362249,0.619667186266937,0.5016131752686798,1.0,0.7703841520759932,0.7574439544272268
197,0.9591857262711604,0.679710532545387,0.5949240525727404,1.0,0.7257945290457869,1.0,0.8266024734058458
198,0.7307917152172727,1.0,0.9496338356385473,1.0,0.943328496571758,1.0,0.9372923412379297
199,1.0,0.4901178056247242,0.803290472934923,1.0,1.0,1.0,0.8822347130932746
200,0.8348024357291984,0.6419875609947049,1.0,1.0,0.711996430810674,0.883402421331383,0.8453648081443269
201,1.0,0.5841818604744864,1.0,1.0,0.9708402120731806,0.9193444502997469,0.9123944204745689
202,0.6656539331964665,0.7037285425098454,1.0,1.0,1.0,1.0,0.8948970792843852
203,0.5010016923092785,0.8078643368244063,0.7717132089343645,1.0,1.0,0.9154032707351494,0.8326637514671997
204,0.9507558298988473,1.0,1.0,1.0,1.0,1.0,0.9917926383164746
205,1.0,0.8169286445782805,1.0,0.8747615914147092,0.9864270411621392,0.935919838622629,0.9356728526296263
206,0.5331623229501338,0.6901974184923373,0.9476282183027519,0.7516951636220427,1.0,1.0,0.8204471872278777
207,1.0,1.0,0.9402079376642705,0.9372249415676128,1.0,1.0,0.9795721465386472
208,0.8087773130331168,0.9474096117225227,0.9586392269161542,1.0,1.0,1.0,0.9524710252786323
209,0.7485486845415636,0.7232056421719496,0.5959676796681536,0.8122008005013893,1.0,1.0,0.8133204678138428
210,0.5028084560776196,1.0,0.6832170435165537,1.0,1.0,1.0,0.8643375832656955
211,1.0,1.0,0.5041218738083919,0.7479358501956058,0.7520238431422737,0.7095267884383762,0.7856013925974413
212,0.623287638721403,0.9011684544159855,0.8784050581813797,0.5487662790320368,1.0,0.895613879707307,0.807873551676352
213,0.8445708147034261,0.8438645527051225,0.8365755247922262,0.8840829129361901,0.7041945533324503,1.0,0.8522147264115691
214,0.8357574436952965,0.741511221716734,1.0,1.0,1.0,1.0,0.9295447775686717
215,1.0,1.0,0.6751451245561513,1.0,1.0,1.0,0.9458575207593585
216,1.0,0.5223847366761706,0.7636641023095402,1.0,0.9646285768509403,1.0,0.8751129026394419
217,1.0,0.5666668196974661,0.9917063671996033,1.0,0.8842464825817039,1.0,0.9071032782464622
218,1.0,1.0,0.7997303950346126,0.663893417219854,0.7845589269732616,0.9672794199098754,0.8692436931896005
219,1.0,0.3990676503362883,0.6951566734280685,0.7990491617083229,1.0,0.8571561052947659,0.7917382651279077
220,0.9992687372031954,1.0,1.0,1.0,0.8980525536460651,0.9178061444368885,0.9691879058810248
221,0.6460193791552956,0.5986483212898513,1.0,0.5110778623141103,1.0,1.0,0.7926242604598762
222,1.0,0.6187254821523352,1.0,0.9835717611597693,0.7363188769690749,1.0,0.8897693533801966
223,0.6022913733421729,0.8351978923397503,0.6732703184428704,1.0,0.9641324695290171,1.0,0.845815342275635
224,0.7437230091168796,0.8498406009979769,0.8360860236652957,0.7082097038090146,1.0,1.0,0.8563098895981945
225,0.7210982558269502,0.9224517550148288,0.575140153670826,0.884408431505432,1.0,0.784323571522361,0.8145703612567329
226,0.5458796889470093,0.9486024342761548,0.9012148604443916,0.954151370757499,0.8090428431477359,1.0,0.8598151995954652
227,1.0,0.8245996532412897,1.0,0.7897421136830195,0.932280619039391,1.0,0.9244370643272833
228,1.0,0.6149115811542296,0.9186846973172592,0.2464939346023974,1.0,0.9278758079762893,0.7846610035083627
229,0.4043829844082404,1.0,0.16941125244736224,0.9508887359970559,1.0,0.8534338138610769,0.7296861311189559
230,1.0,0.7275273355803323,1.0,0.6288193860228112,1.0,1.0,0.892724453600524
231,1.0,1.0,0.8552192391714368,1.0,0.6718493282943121,0.9082224854618554,0.9058818421546007
232,1.0,1.0,0.9702323258130554,0.9597858807441404,0.9454921833583024,0.9354541138838764,0.9684940839665624
233,0.6179581196598359,0.6010693722097689,1.0,0.9084800903810736,1.0,1.0,0.8545845970417797
234,1.0,0.8401772591242535,0.7096936713950741,1.0,0.027832453637143616,1.0,0.7629505640260786
235,1.0,1.0,0.8073050095234229,1.0,0.9842342561523686,1.0,0.9652565442792986
236,1.0,0.806070139680165,0.585458533257772,0.7178720435552097,1.0,0.7663424278368131,0.8126238573883265
237,0.7011433154854578,1.0,0.9485862362752416,1.0,1.0,0.9972450552171611,0.9411624344963102
238,0.8085893592010583,1.0,0.9572529414290117,0.8767524696668956,0.797348082162776,1.0,0.9066571420766235
239,1.0,0.5212989111297075,1.0,1.0,0.8764672989887167,1.0,0.8996277016864039
240,0.6263618696673942,0.9954098612862771,0.932300165180044,1.0,0.7839974903837186,0.9899532595470805,0.8880037743440857
241,0.6768890056510818,0.7241559076102962,0.0,0.2651883651621223,0.7143635156338525,0.9246031175148102,0.5508666519286939
242,0.9563038297627999,0.7617271534799716,0.9160395815867323,1.0,0.6108586963520681,0.9919318814052611,0.8728101904311387
243,0.6895640280670108,0.0,0.79128990093979,1.0,0.7608974886737787,1.0,0.70695856961343
244,1.0,1.0,0.8687325633975399,0.784014616885669,0.9046588154978931,1.0,0.9262343326301835
245,0.0,0.870164473497734,0.7994840012742896,1.0,0.993874194575653,0.8630725465601808,0.7544325359846429
246,0.825752448042199,0.35056271356796664,0.9628959534586524,0.48849846805855063,1.0,0.9582985766302159,0.7643346932929308
247,0.7210572902297189,0.658557978296517,0.6762998836904368,1.0,0.8494444595902314,1.0,0.8175599353011508
248,1.0,1.0,1.0,0.9985308212838724,0.5771402634983198,0.881251245332449,0.909487055019107
249,1.0,0.0,0.7142083454485926,1.0,1.0,1.0,0.7857013909080988
250,0.8821380292279057,0.8429884745326056,0.7177749693828175,1.0,1.0,0.9918668195804329,0.9057947154539603
251,1.0,0.0,0.4975696020926584,0.69999540395117,0.9221641947156335,1.0,0.6866215334599103
252,1.0,0.6664387482738975,0.9201488974178802,1.0,0.8009236646798275,1.0,0.8979185517286008
253,1.0,0.5827694316204065,0.7552975975951538,0.6482834917820507,0.9985901253563593,0.7999540577142544,0.7974824506780375
254,1.0,0.9444881549116252,0.7828052136247666,1.0,1.0,1.0,0.9545488947560653
255,0.6141576449087572,0.6740903495401206,0.8859146224225066,0.928878813798806,0.924088944279068,1.0,0.837855062491543
256,1.0,1.0,0.4772211913608309,0.9425612875375684,0.889872472802983,1.0,0.8849424919502304
257,1.0,0.6496377468335325,0.9218930663056492,1.0,0.7767614531668319,1.0,0.8913820443843355
258,1.0,0.787201202686578,0.8323982297137942,0.7125932514013904,1.0,0.9609645407646598,0.8821928707610703
259,0.8078198556904511,0.7683832851490886,1.0,0.8340659515654988,1.0,1.0,0.9017115154008396
260,0.5547161368509865,0.9930497532669869,0.6012233141774413,0.899216460898045,0.9340325876025478,1.0,0.8303730421326678
261,1.0,0.5755198113390969,0.8911493260869938,0.6841662079377372,0.7552249713481951,1.0,0.8176767194520038
262,0.9514970862983843,0.8234255619555135,0.8819098416366451,1.0,0.7351042199258427,0.9496056141900622,0.8902570540010747
263,1.0,0.6571379681791476,1.0,0.6124479360754888,0.48026222327257556,0.6983209255016445,0.7413615088381427
264,1.0,0.6234783835993356,1.0,0.8985791124203683,0.8477845837677107,0.7681155293500114,0.8563262681895711
265,0.4583815826737173,0.8362561507265351,0.7940103876744614,0.9937958914655683,1.0,0.653007053866007,0.7892418444010483
266,1.0,0.8435897152616894,1.0,0.9323543261462878,1.0,1.0,0.9626573402346629
267,0.769758966437414,0.7615178518601569,0.0,1.0,1.0,1.0,0.7552128030495951
268,0.7783200738783445,0.8271741168627912,0.7676600974726712,1.0,1.0,1.0,0.895525714702301
269,0.0,1.0,1.0,0.5018333101983555,1.0,1.0,0.7503055516997259
270,1.0,0.7191701031429035,0.736915224425173,0.5842683386232782,1.0,0.9737677622582959,0.8356869047416083
271,0.12768404911456976,0.6662180075858408,0.5109518816852411,0.9084742549079777,0.7354027521402882,1.0,0.6581218242389862
272,1.0,1.0,0.8090166797804421,0.6074541145192975,0.6331458859897311,0.9021428974096262,0.8252932629498496
273,1.0,1.0,0.5178530203599452,1.0,0.8763563432788278,1.0,0.8990348939397955
274,0.8479882495335224,0.8206128182580781,0.9874091662070497,1.0,0.7950194016784891,0.9936999322886767,0.9074549279943027
275,0.3883460848053006,0.5992737349484147,1.0,0.7067976334347258,0.8183240902553798,1.0,0.7521235905739702
276,1.0,0.9125080638713948,0.9657185538569892,1.0,0.8326151997810587,1.0,0.9518069695849071
277,1.0,0.9539531952176453,0.06073562977262932,0.2646319908984644,1.0,1.0,0.7132201359814565
278,0.701392600649553,0.7716533754010432,1.0,0.8899904752005828,1.0,0.7580270462171461,0.8535105829113876
279,1.0,1.0,0.38823271134345755,1.0,1.0,1.0,0.8980387852239096
280,0.9637163759486727,0.0350797450183302,0.931836285463776,0.9369593197143128,0.9926740709963225,1.0,0.810044299523569
281,1.0,0.26999227961450856,0.6458830534803081,0.6805560210825088,0.47422472610824457,1.0,0.678442680047595
282,1.0,0.5804448517358154,1.0,0.7988958376170233,1.0,0.7202554128033838,0.8499326836927038
283,1.0,0.5838669857202162,1.0,1.0,0.86923545371498,1.0,0.9088504065725327
284,1.0,1.0,1.0,1.0,0.7400850850338762,0.7090273354521457,0.9081854034143371
285,0.8348976403446661,0.39333049037488677,0.9381575231462499,0.6948177772569236,1.0,1.0,0.8102005718537878
286,0.9251255691290788,0.6493112456978315,1.0,0.6448026774562904,0.9443469287706893,1.0,0.860597736842315
287,0.5990144182042696,1.0,0.7959187462172479,1.0,0.969882991767293,1.0,0.8941360260314685
288,0.9492669172758513,0.849454402426656,0.599876103757716,1.0,0.8560089503163809,1.0,0.8757677289627673
289,0.0,0.7079582340372368,0.6402460048629056,1.0,0.7027981361836457,1.0,0.6751670625139647
290,0.7963649949022045,1.0,1.0,0.8872991798529097,1.0,0.9648392407257048,0.9414172359134699
291,1.0,1.0,0.6139679095840067,1.0,1.0,0.855316352786101,0.9115473770616846
292,0.5698887417015471,0.7234345063527848,0.7536997124454151,0.8505827372558987,1.0,1.0,0.8162676162926076
293,0.7633078929187954,1.0,0.987670351419459,1.0,1.0,1.0,0.9584963740563758
294,0.9119836224283966,1.0,0.6361797190962207,0.9588160116695438,0.6285267523259561,1.0,0.8559176842533528
295,0.18602423227543258,0.5974047047955804,1.0,1.0,1.0,1.0,0.7972381561785022
296,0.6184740118909746,0.9538056767625723,1.0,0.8636205092326126,1.0,1.0,0.9059833663143598
297,1.0,0.7117279306372339,0.838194530035343,1.0,0.9609895868678026,0.8899666980356511,0.9001464575960051
298,0.6141899733629134,1.0,0.8134074122905881,0.5171913933171776,1.0,0.9052858369486715,0.8083457693198918
299,0.6953866450979223,0.8714327840564974,0.9354142613562374,0.49609861420071233,0.9629865195456494,1.0,0.826886470709503
300,0.6562694535776715,1.0,1.0,1.0,0.9765801566351385,0.9697667589433211,0.9337693948593553
301,0.5496630462646266,0.5248067529606363,1.0,1.0,1.0,1.0,0.8457449665375437
302,0.7099047802058357,0.6372399481602129,0.7854496459385601,0.9253481503797218,0.7618994258880175,1.0,0.803306991762058
303,1.0,0.7925150370051804,0.7908289649652053,0.8693106024244519,0.7486895293703375,1.0,0.8668906889608626
304,0.8499232671710234,0.7319032386699487,0.6669305092193555,0.9838000004775118,1.0,0.9770551960125254,0.8682687019250608
305,1.0,1.0,1.0,1.0,1.0,0.8451492872170036,0.9741915478695006
306,0.7496274672219684,0.9560839398665608,1.0,0.9191930452454594,0.9361527421281399,1.0,0.926842865743688
307,0.503023246757522,0.7881702184063959,1.0,1.0,1.0,1.0,0.8818655775273196
308,1.0,1.0,0.6536038683228098,0.9929367187448638,0.6927636042614468,1.0,0.8898840318881867
309,1.0,0.8860089535544027,0.8499630820149191,0.9633838940388172,1.0,0.7371512154750984,0.9060845241805394
310,0.7449044080898245,0.8829133849385867,0.961737130900657,0.816338393574004,1.0,1.0,0.9009822195838453
311,0.8303142169636484,0.9497139233198796,0.7802450344145481,0.8296342607699297,1.0,1.0,0.8983179059113343
312,0.8217069869926203,0.7945933121435669,0.8954760732110593,0.6319143824421162,1.0,1.0,0.8572817924648938
313,0.6351042635635391,1.0,0.5058406279981714,0.0,1.0,0.782307941178019,0.6538754721232882
314,0.2793806608954808,0.8897445352455107,0.8002403573018985,1.0,1.0,0.63848905590753,0.7679757682250701
315,1.0,0.9343832720888194,1.0,1.0,1.0,1.0,0.9890638786814699
316,0.454025625209167,0.9557443433912569,0.6782051116455579,1.0,1.0,1.0,0.8479958467076636
317,0.7777261477038558,0.004936375357941616,1.0,0.9377239341651854,0.77600339191397,0.9837559796843816,0.746690971470889
318,0.5912465087613535,0.7754967827255096,1.0,0.48075529519531557,1.0,1.0,0.8079164311136964
319,0.7856416013483709,1.0,1.0,0.9305181015015133,0.8714919145022453,1.0,0.9312752695586882
320,0.4780335515583145,0.6704876159673255,1.0,0.6485925208117521,1.0,1.0,0.799518948056232
321,0.9122316602620363,1.0,0.9941374287328765,1.0,1.0,0.8199735207658516,0.9543904349601274
322,0.06556951589921758,0.8526793113563195,0.6407535210752902,0.8885041571863319,0.7586270297942945,0.9296235924469727,0.6892928546264044
323,0.8948773220428123,1.0,1.0,0.7174618050076951,0.8749198026817548,0.9234107792099918,0.9017782848237091
324,0.8967992300505956,0.0,0.5596695726727668,0.8147574563490231,1.0,0.9056368267144571,0.6961438476311405
325,0.6447615707285131,1.0,1.0,0.8108516589883721,1.0,0.0,0.7426022049528141
326,0.0,1.0,1.0,0.671226441719754,1.0,0.9133985316315677,0.7641041622252204
327,0.7886854772346056,1.0,1.0,0.7611299702638075,1.0,0.5691406657191337,0.8531593522029245
328,0.6260116587446883,0.7515363197995445,1.0,0.9967429199202605,1.0,1.0,0.8957151497440824
329,0.6134890461922301,1.0,0.8578901613978043,0.7744673904284437,1.0,1.0,0.8743077663364129
330,1.0,0.9298699106705669,0.5829616028608023,0.6253947774650015,1.0,0.9337778295821132,0.845334020096414
331,1.0,0.0,0.9397187190367701,0.7212702341118086,0.8607752264650357,0.9368988372703576,0.7431105028139954
332,0.7324101379311782,1.0,0.40088417375024094,1.0,1.0,0.8124790096866469,0.8242955535613444
333,1.0,0.7589406126861689,0.9843872011104633,0.6061755903990222,1.0,1.0,0.8915839006992757
334,1.0,1.0,0.9013456992807651,0.7849212062764336,0.732317339494242,1.0,0.90309737417524
335,1.0,0.6855240306074831,1.0,1.0,1.0,1.0,0.9475873384345807
336,0.611355993682667,1.0,1.0,1.0,0.6748247500159673,0.9108979453847906,0.8661797815139041
337,0.0,0.9749202109669338,1.0,0.7604142969540784,1.0,1.0,0.7892224179868353
338,0.888522438249686,1.0,0.7850848074616308,1.0,1.0,1.0,0.9456012076185528
339,0.8724976062589521,0.3051297989702281,1.0,0.8285543650551437,1.0,1.0,0.8343636283807206
340,0.19937302446046917,0.38832902783019874,0.5015422094884563,1.0,0.26667322537355787,1.0,0.5593195811921138
341,1.0,1.0,1.0,1.0,1.0,1.0,1.0
342,1.0,0.9057625093272337,0.6756496214673258,0.7495569432054194,0.9295354621438684,1.0,0.8767507560239746
343,0.6999889381689478,1.0,1.0,0.897880114261303,0.9223609282157728,1.0,0.9200383301076706
344,0.8777089167573406,1.0,0.932117790838046,0.5348598908134435,1.0,1.0,0.890781099734805
345,1.0,0.0,0.8577659304737038,1.0,0.9867156471855207,1.0,0.8074135962765374
346,0.848430795869465,0.6638821813315566,1.0,0.8209460028369355,1.0,1.0,0.8888764966729928
347,0.6466372016477958,0.8802365688003819,0.49916527355610785,1.0,0.8388962552029519,0.8798419208351763,0.7907962033404022
348,0.40718284585190023,0.7945601289320638,1.0,0.6624881784070514,0.8730168223556047,1.0,0.7895413292577701
349,1.0,1.0,0.8466647641206128,1.0,0.8793990653947473,0.9324501249834357,0.9430856590831326
350,1.0,0.8703980187231258,0.9520122755222139,1.0,0.910816642580183,0.9506471892843887,0.9473123543516521
351,1.0,1.0,0.789113612184489,1.0,1.0,1.0,0.9648522686974149
352,1.0,0.8853395496249181,1.0,0.798584757724472,0.827376654280058,1.0,0.9185501602715748
353,1.0,0.6975056012962658,1.0,0.8137918447643061,0.9722099010989357,1.0,0.9139178911932513
354,0.9399963163990567,1.0,1.0,1.0,0.9544760910143121,1.0,0.982412067902228
355,0.7184313691417525,0.8741016399384591,1.0,0.7295040248744981,0.7996589615902956,1.0,0.8536159992575009
356,1.0,1.0,0.9892827993239927,1.0,1.0,0.8599137156261963,0.9748660858250315
357,1.0,1.0,0.6955922981305434,0.0,0.7011314158661408,1.0,0.732787285666114
358,0.41951003463676756,0.9133852300913009,1.0,0.8982355680806691,0.8072861023546595,1.0,0.8397361558605662
359,0.8213881037807916,0.9695778747952463,1.0,0.8685024516849679,0.6197772879013842,1.0,0.8798742863603984
360,0.43628828496689515,1.0,1.0,1.0,1.0,1.0,0.9060480474944826
361,0.5245448099398345,1.0,1.0,0.9352331799037135,0.8716452449691493,1.0,0.8885705391354496
362,0.7739939882455911,0.574064213601843,1.0,1.0,1.0,1.0,0.891343033641239
363,1.0,0.47135402393555886,0.8749737197199903,1.0,0.9162385825689369,0.7077651517009172,0.8283885796542338
364,0.8922670993028259,0.8005672148239565,0.6805995318281886,0.8341983541490114,1.0,0.9829835346414187,0.865102622457567
365,0.984137341021124,0.9951412317774314,0.9211414476176892,1.0,1.0,0.7271500558240899,0.9379283460400559
366,0.734845006694521,0.7583254397888021,1.0,0.7727935379275365,1.0,1.0,0.8776606640684766
367,0.7092710586420924,0.7367304958199626,0.7515646301005297,0.6516183342896209,1.0,0.7491437799538975,0.7663880498010172
368,1.0,1.0,0.9006002183806333,0.5828137422645052,0.8708198226400015,1.0,0.8923722972141901
369,0.7927555076570961,1.0,0.8321248495660909,1.0,1.0,0.8244637323894739,0.9082240149354436
370,0.7124559069287744,0.5926352637961915,0.9651290435790059,0.8845874045883059,0.8152940152176262,1.0,0.8283502723516506
371,1.0,0.6989878244623065,0.5120941451706734,0.9130095459792593,0.920574702610472,1.0,0.8407777030371185
372,0.987568632711065,1.0,1.0,0.7613861078189693,0.9829078963927058,1.0,0.9553104394871234
373,1.0,0.7028400696615409,0.9414395573108431,0.9259962395157143,1.0,1.0,0.9283793110813496
374,1.0,1.0,1.0,0.8804785916841751,0.8970017648558091,1.0,0.962913392756664
375,1.0,1.0,1.0,0.8439003873646999,1.0,1.0,0.9739833978941167
376,0.6168674664695363,1.0,1.0,1.0,0.7969753673387755,1.0,0.902307138968052
377,0.4286433705876869,1.0,0.466699966649158,0.8634639872131619,0.8821552446907021,0.9808924722759029,0.7703091735694353
378,0.8060548017516883,0.036815495730141666,0.7587527233746805,1.0,0.9516839792073528,0.7465384088884204,0.7166409014920472
379,0.7227704721503287,0.0019499040241188704,0.8770366985970969,0.7651771082752,1.0,1.0,0.7278223638411241
380,1.0,0.8346227787706687,0.8890807428143779,1.0,1.0,0.7633238697604738,0.9145045652242535
381,1.0,0.6393366136586262,0.6896214807149565,0.5682789682870664,0.8325968624510579,1.0,0.7883056541852845
382,0.5717365535214901,0.8272668629221375,0.9946353145827609,0.9099631689889552,1.0,1.0,0.8839336500025573
383,0.9755999629205309,1.0,0.7132769771236923,0.9521332846466352,0.9623584640352617,1.0,0.9338947814543532
384,1.0,1.0,0.8433172809953757,1.0,0.8311435720081972,0.8294617570648009,0.9173204350113956
385,1.0,0.7128071742126155,1.0,0.6441042636868445,0.8429368008971106,1.0,0.8666413731327617
386,0.6815398093658214,0.858106560577797,0.6038681526455363,0.7173845351731659,1.0,0.8653392772887414,0.787706389175177
387,0.4878859527584991,0.5710981632042964,1.0,1.0,1.0,0.9004492434385947,0.8265722265668983
388,1.0,1.0,0.0,0.8669373860063367,0.6675983053052642,1.0,0.7557559485519335
389,0.7603221266276615,1.0,0.7912916784974294,1.0,1.0,1.0,0.9252689675208486
390,0.6860790308583956,0.27320699878335714,0.9245955726213857,1.0,1.0,1.0,0.8139802670438564
391,0.5396239336750689,1.0,0.7712159793467748,0.6205006402304534,0.6079765444801467,1.0,0.7565528496220738
392,0.9089385178141247,0.3546154322031204,0.8804204012299709,0.14907836226857427,1.0,1.0,0.715508785585965
393,1.0,0.6481721729270351,0.6849037869449863,1.0,0.7216278791669246,1.0,0.8424506398398243
394,0.4735623706883844,0.8881335442931116,1.0,0.9391624951455705,1.0,1.0,0.8834764016878444
395,1.0,1.0,0.7728747342029407,1.0,0.8480227366151677,1.0,0.9368162451363514
396,0.5106559985668855,0.9731709062463332,0.5127247838780392,0.9546391446430357,1.0,1.0,0.8251984722223823
397,0.9246393239512973,1.0,0.9907800391985527,0.741581623022827,0.6066096740961556,1.0,0.8772684433781389
398,1.0,0.6847261807182654,1.0,1.0,0.9341588771098547,0.681090355048298,0.883329235479403
399,0.8833464564141021,1.0,1.0,1.0,1.0,0.7623876401937509,0.9409556827679756
400,1.0,1.0,0.5621347833873984,1.0,0.9743666949172033,1.0,0.9227502463841003
401,1.0,1.0,0.0,0.6009352790862457,1.0,0.7855288231605664,0.7310773503744686
402,0.7860004146696862,1.0,0.9448307277063522,0.8389345269948342,1.0,0.9120495340071747,0.9136358672296745
403,0.8534553657916011,0.8727631038861471,0.5425664704851455,0.9091945555752439,1.0,0.8794101854179409,0.8428982801926796
404,0.5881377368986902,1.0,0.819466192897404,0.8130749306056586,0.6003823896967849,1.0,0.8035102083497563
405,1.0,1.0,0.7512147553721542,0.8008145074812938,0.650481108894413,0.7573521756880467,0.8266437579059845
406,1.0,1.0,0.5124030908759898,0.6809282410973387,0.8654363290860618,1.0,0.8431279435098983
407,0.6737815227439878,0.7422968862601754,1.0,1.0,1.0,1.0,0.9026797348340271
408,0.9921094204040545,1.0,1.0,1.0,1.0,0.9905651727110033,0.9971124321858428
409,0.6456584198213061,0.7187869627935781,0.8893544372269951,1.0,1.0,0.6611939416780762,0.8191656269199924
410,1.0,1.0,1.0,0.9972904885637313,1.0,1.0,0.9995484147606218
411,0.980365718053475,0.7430144860773753,0.7201453060891247,0.6121112389387457,1.0,1.0,0.8426061248597868
412,1.0,0.7396123194908447,0.3358552217158075,0.9991501274780371,0.8538845819582567,0.9150975672997325,0.8072666363237797
413,1.0,1.0,0.8915016867393344,0.6133941263839027,0.5494091084032974,0.5544643684252649,0.7681282149919667
414,1.0,1.0,1.0,0.8749531959105981,1.0,1.0,0.9791588659850996
415,0.6094791532890146,1.0,1.0,1.0,0.8676399932373633,0.8123997781497914,0.8815864874460283
416,1.0,0.9532612102056168,0.6391132724470773,0.838951537577165,1.0,0.785987762740846,0.8695522971617842
417,0.8826180939556758,0.5747480773034028,1.0,1.0,0.9320941704754598,1.0,0.8982433902890897
418,0.7739909381947868,1.0,1.0,1.0,0.7589733058343034,0.7385733312219944,0.8785895958751807
419,1.0,1.0,1.0,0.9447259999110601,0.6222244494554815,0.7493031779706293,0.8860422712228618
420,0.7127512207350735,1.0,0.9244093119976421,0.6866327331141274,0.9873575152031161,0.8596462210209286,0.861799500345148
421,0.7139016600673669,0.7706571637897179,0.7786754457468951,1.0,0.9989837404894587,0.9668730563763995,0.871515177744973
422,0.8632386835260349,0.5687841431807029,1.0,0.6120540597719412,1.0,1.0,0.8406794810797799
423,0.5870684597856153,0.8932779309348692,0.9130107631438087,0.6054431734318654,1.0,1.0,0.8331333878826931
424,0.7380763943100922,0.7253878466993497,1.0,1.0,1.0,1.0,0.9105773735015736
425,1.0,0.12459020914032952,1.0,1.0,1.0,0.996031569908072,0.8534369631747336
426,0.6451165397147194,1.0,0.9419460974187412,1.0,1.0,0.8273686984450878,0.9024052225964246
427,0.8099758462213645,0.5213738175215271,0.7166728108078937,0.500925713868492,0.7474024184250044,1.0,0.7160584344740469
428,1.0,0.6425223501985836,0.5018103385352771,0.8022990085417381,0.9465404084281718,1.0,0.8155286842839619
429,0.6763555168004852,1.0,1.0,1.0,0.8860850244121624,1.0,0.9270734235354413
430,0.5805305288473364,0.8042775480013816,1.0,1.0,0.9732212219502189,1.0,0.8930048831331562
431,0.7941409088183878,0.7649120976613756,1.0,0.6096158634436533,0.8477532077898617,0.9599708375418736,0.8293988192091919
432,0.5537009488310423,0.6059752438196178,1.0,0.6487933694750861,1.0,0.7149749868666723,0.7539074248320697
433,1.0,1.0,0.8455522524884855,0.5512499655868577,1.0,0.9571290109460566,0.8923218715035667
434,1.0,1.0,1.0,0.7278848121865578,1.0,0.6543873547864534,0.8970453611621685
435,0.8459614950251348,0.8071193546347895,1.0,1.0,0.9242131715758383,1.0,0.9295490035392938
436,0.8776997700677406,1.0,0.9706145076600577,0.6634710358281901,0.7648734104355597,1.0,0.879443120665258
437,0.634786992872461,0.7002990949198098,0.9162554430330098,1.0,1.0,0.6915157380318042,0.8238095448095142
438,0.8563245280921364,0.8026861822696739,0.4699360894691105,1.0,1.0,1.0,0.8548244666384868
439,1.0,1.0,0.0,0.745349648004269,1.0,0.8582976715641293,0.7672745532613997
440,1.0,0.7166205627865696,0.650226537831879,1.0,1.0,1.0,0.8944745167697414
441,0.732236322965893,1.0,0.7764776349330696,1.0,1.0,0.8746594043831353,0.8972288937136829
442,0.5998527274399631,0.8242703358416544,0.5887021940068838,1.0,0.8502035489995394,1.0,0.8105048010480068
443,0.7712642519106382,0.5689540471469917,1.0,1.0,1.0,1.0,0.8900363831762718
444,1.0,0.6111811113327513,1.0,0.8768869023852832,0.5911871704004468,1.0,0.8465425306864135
445,1.0,0.6134712802029477,0.7595272417849469,0.8768814431653291,1.0,1.0,0.874979994192204
446,0.6595488046852317,0.9804207300690522,0.9288444711606648,1.0,0.9097432158046628,1.0,0.913092870286602
447,0.9188403125679931,0.8796539790786893,0.45942064153431783,0.9842842524257198,0.7759836555745088,1.0,0.8363638068635382
448,0.8486718581363023,0.7725838102067463,0.3518998402758792,0.8418658076410743,0.8635428345772918,0.9580982284961498,0.7727770632222405
449,1.0,0.6315625388983966,0.9845458043010785,1.0,1.0,1.0,0.9360180571999125
450,0.5301402317821865,0.5337703715925812,0.6950170897460188,0.9802907443920309,0.8676412176051136,1.0,0.7678099425196553
451,0.49413882797999964,1.0,0.8109951539646847,1.0,1.0,0.6482566746977853,0.8255651094404116
452,0.5507801959141777,1.0,0.8738035639975967,0.9995859086340365,1.0,0.7218073301352959,0.857662833113518
453,1.0,0.909652222141404,0.5609655132350552,0.8999175015821537,1.0,1.0,0.8950892061597688
454,0.9365491719867769,1.0,0.8268277351161348,0.8735123286319885,1.0,0.818541897323252,0.9092385221763587
455,0.987378790076202,0.8076687380763337,0.864985599552685,0.7265887646163645,1.0,0.9956869664647335,0.8970514764643864
456,0.9640214039009549,0.8774099218445771,1.0,1.0,0.3642330153462017,0.7716914948261866,0.8295593059863201
457,1.0,0.6624749642363316,0.7359588649476394,0.5581451777753831,0.5602810595741344,1.0,0.7528100110889148
458,0.12024390214582652,0.45066933602889003,0.6943962709551565,1.0,0.7448073634988202,1.0,0.6683528121047821
459,1.0,0.9302434342860069,0.982012974858596,1.0,1.0,0.9394604752066137,0.9752861473918695
460,0.9109140437190134,0.6856346102121013,1.0,1.0,0.8558585992562775,0.915124673141641,0.8945886543881721
461,1.0,0.7399395327925602,0.8940204363642524,0.9748280339041264,0.8408381735573436,0.9485492139917489,0.8996958984350051
462,0.7395855663196842,1.0,0.794834961836029,1.0,0.8203220340288012,0.8304374702983587,0.8641966720804789
463,0.46967513339194417,0.24152284779259872,1.0,1.0,1.0,0.94428191093292,0.7759133153529105
464,1.0,0.45442728508540736,0.44603022334050413,1.0,0.7338210284455466,1.0,0.7723797561452429
465,0.5106699190049929,0.646784237490031,1.0,0.0,1.0,1.0,0.692909026082504
466,0.746432308323415,0.5385947238367182,0.6031867669023975,1.0,0.9533051716784618,1.0,0.8069198284568321
467,0.6224184261083736,0.8176460232286026,0.8926806679097984,1.0,0.5830493966912972,1.0,0.8192990856563452
468,0.80883013586218,0.603184339003621,0.6897831751611379,1.0,1.0,1.0,0.850299608337823
469,0.5752382664244692,0.9475140203713995,0.9673297476985866,0.8197159496434452,0.7697761244824981,1.0,0.8465956847700665
470,0.6069301115574137,1.0,0.9867298838324061,0.807970845070339,1.0,1.0,0.9002718067433598
471,1.0,1.0,0.8721823484773591,1.0,1.0,1.0,0.9786970580795599
472,1.0,0.9094628594194006,0.8249267407963872,0.6725111409170984,1.0,0.508593537821954,0.8192490464924734
473,0.871037100662853,1.0,1.0,1.0,1.0,0.6533631324995615,0.9207333721937357
474,0.7582375055526781,0.8248477147472189,0.9583886055572507,1.0,0.7283943538152877,1.0,0.8783113632787393
475,1.0,0.8472329766153616,1.0,0.9106850236352627,0.7510647518238338,0.9566800694146906,0.9109438035815246
476,1.0,1.0,1.0,0.85411353775769,1.0,0.9393810223130677,0.9655824266784596
477,0.49829322456804936,0.7796386096339101,0.5400884966510877,0.9424341827769297,0.6082377090346296,1.0,0.728115370444101
478,0.7055045061885714,0.8249614500166375,1.0,0.9018895527338135,1.0,0.8203118490100161,0.875444559658173
479,0.738789338158747,0.590835883230117,0.6263241407634637,0.8008567819084814,1.0,0.9322495240743806,0.7815092780225316
480,0.23761351997826063,0.1981684893457343,0.885386781227377,1.0,0.9677543076268088,0.9408515784352653,0.704962446102241
481,1.0,1.0,0.9225313505744143,1.0,0.5598055416090355,1.0,0.9137228153639083
482,0.9791539137520443,0.7840739264151967,0.9364525065896383,0.9682292965957993,0.0,1.0,0.7779849405587798
483,1.0,0.7378271713294337,0.6690253568816544,0.8005737960174538,0.9029076719870981,1.0,0.8517223327026066
484,1.0,0.7410292263335991,0.7486994703047403,1.0,1.0,1.0,0.9149547827730565
485,0.5309564400010395,0.7906012788459519,1.0,1.0,1.0,1.0,0.8869262864744986
486,0.8909342546830986,0.6016818703315869,0.9207596538578126,1.0,1.0,1.0,0.9022292964787497
487,0.9246804079413729,0.8070904568598625,0.42937464753422544,1.0,0.44463173083746355,0.7705423218398695,0.7293865941687989
488,1.0,0.7797957049528018,1.0,1.0,0.7350775247578437,0.9005542216296012,0.9025712418900412
489,0.5252851943634458,1.0,1.0,1.0,0.7821544640699792,1.0,0.8845732764055708
490,0.27802401562901075,0.9207878709147529,0.6647084525255593,0.862384161234691,0.9534278931234161,0.9212061898947218,0.7667564305536919
491,0.9718073829902647,1.0,0.829008046753302,1.0,1.0,1.0,0.9668025716239278
492,1.0,1.0,0.39498587130330703,1.0,1.0,0.8146746750021558,0.8682767577175771
493,0.8069741127301876,0.7642151190458775,1.0,0.9682534238380115,0.8180307744069253,1.0,0.8929122383368336
494,0.7258056761399672,0.7631947551528985,1.0,0.9563107914261744,0.7402828590648994,1.0,0.8642656802973233
495,0.5440979183332559,0.9048479345492614,0.9732714175961508,1.0,1.0,1.0,0.9037028784131113
496,0.5312667064549463,1.0,1.0,1.0,1.0,0.7559582417869921,0.881204158040323
497,0.7442866566653266,0.9804353823134485,0.588164914695174,0.5042549918958085,0.584252145260778,0.9842482511110229,0.730940390323593
498,0.8009264570125052,0.5910715650791154,1.0,1.0,1.0,1.0,0.89866633701527
499,0.5318926090192327,1.0,0.7008064718141411,0.8003353240040619,1.0,1.0,0.8388390674729059
500,0.44118732182990056,1.0,0.31293548128094073,0.8303827568490133,1.0,0.8840305288260288,0.7447560147976473
501,1.0,0.6486257087564156,0.7517037406466109,1.0,0.7835084473155437,1.0,0.8639729827864283
502,0.6662040509521426,0.8490226483258851,0.9575301635905102,0.4283861061668051,1.0,0.936399379976654,0.8062570581686662
503,0.0,0.6817543665890823,0.6833821227021566,1.0,0.873476930234556,1.0,0.7064355699209658
504,0.7643817218868014,0.5847163043786141,0.5971324247796023,1.0,0.9723787757085496,1.0,0.8197682044589278
505,0.7914850374870396,0.7510867198111753,0.633187946763074,1.0,1.0,1.0,0.8626266173435481
506,1.0,0.7421620576606598,1.0,0.8815257935974234,1.0,0.7375273239471898,0.8935358625342121
507,0.7615820192900846,1.0,0.6713970846098327,1.0,1.0,1.0,0.9054965173166529
508,0.8508707772724008,0.9618607859884837,0.819300058230349,0.8001548786121714,0.9412294527797812,0.9310989228975398,0.8840858126301211
509,0.620283043688962,1.0,1.0,0.4174898657814456,0.9916066366101892,1.0,0.838229924346766
510,1.0,0.8616338225473792,0.8550813698676302,0.8486268582147949,0.8407676653062542,1.0,0.9010182859893431
511,0.7508445191125486,1.0,0.736281590129573,0.836654967705631,0.8449945538133816,1.0,0.8614626051268557
512,0.8823070651101048,1.0,0.709365614215497,0.9080543955698024,0.792792576937258,0.8777413117270164,0.8617101605932799
513,0.7148609982298416,0.857593060674298,0.9939571284807194,0.8935878013994769,0.8382642296197257,1.0,0.8830438697340103
514,1.0,0.9124851620962091,1.0,1.0,1.0,1.0,0.9854141936827014
515,1.0,0.6899079201544731,0.9902058723455688,0.8776593040094682,0.6848885798974197,1.0,0.8737769460678216
516,0.23236178482020753,0.7176939600630319,1.0,1.0,1.0,0.9250292942294559,0.8125141731854493
517,0.7928836971607317,0.6937070702482098,0.34141262657556104,1.0,1.0,0.9359745770375512,0.7939963285036756
518,0.6884626760885492,0.6988795968739938,0.8125429688555571,0.8705619190283307,0.9741878940443391,0.8550764257370869,0.8166185801046429
519,0.517958653752052,0.6589047792324412,0.9647299481164426,1.0,1.0,0.9585869776923528,0.8500300597988814
520,0.581445681352257,1.0,0.838842241516235,1.0,0.585241943610816,0.9600631021845171,0.8275988281106375
521,0.7524301030317114,1.0,1.0,1.0,0.8830700470777983,0.7828535443869957,0.9030589490827511
522,0.5594655242642053,0.9730568189335478,0.7956576005937661,0.6727232461913504,1.0,1.0,0.8334838649971449
523,0.7776160036425338,0.6923307512979444,1.0,1.0,1.0,1.0,0.9116577924900797
524,1.0,1.0,0.7679368326508089,0.94986651777964,1.0,1.0,0.9529672250717415
525,1.0,0.6236537878780135,0.9081186823836621,1.0,1.0,1.0,0.9219620783769459
526,0.516879288525205,1.0,0.7311319644186455,0.4431518920718593,0.8107090529722681,1.0,0.7503120329979963
527,0.6314310934442635,0.8884090083922354,0.7467978927782419,0.8828390527835118,0.7457779044214473,1.0,0.8158758253032833
528,0.6727435055231809,1.0,0.839449192929341,0.9958143974232054,0.9710034855049641,0.8617255290244026,0.8901226850675156
529,0.8073256106318101,1.0,1.0,0.9208181640074868,0.7763696053409723,1.0,0.9174188966633782
530,1.0,0.8930825550997327,0.8846672727417124,0.7841851183145634,1.0,0.6859460940706166,0.8746468400377708
531,1.0,1.0,0.7464211730335047,0.8452671524094111,0.7580865093108266,1.0,0.8916291391256238
532,0.9496212710686621,0.8452469579875908,0.530667644908884,0.9409882601632689,1.0,0.7067258797694762,0.8288750023163137
533,1.0,0.7282429269551602,1.0,0.7311833896103125,0.5905098043704653,1.0,0.8416560201559897
534,0.7531660718718396,1.0,1.0,1.0,1.0,1.0,0.9588610119786399
535,0.6180476483316388,1.0,0.896530906587015,0.5099117934213587,0.953894647966223,0.9630349571976757,0.8235699922506519
536,0.9710414678423109,0.9457036342728717,1.0,0.762644888990692,0.6054332531817849,0.7345762079687763,0.8365665753760726
537,0.916621757699469,0.8026700285450709,0.702146938407965,1.0,0.9829974398679854,1.0,0.900739360753415
538,0.8569577119016767,0.4090810251397877,1.0,0.43882071110229104,1.0,0.9545082169841216,0.7765612775213128
539,1.0,0.9736589093440262,1.0,1.0,0.8628578729541039,1.0,0.9727527970496883
540,0.6969587862166137,1.0,0.0,1.0,0.6950219637512939,1.0,0.7319967916613179
541,1.0,0.8285594775014813,1.0,1.0,0.8654063374941631,1.0,0.9489943024992741
542,0.8889863333488504,0.29570039107260243,1.0,1.0,1.0,0.3573743945389602,0.7570101864934021
543,1.0,1.0,0.8204917841336826,0.7832348300223424,1.0,1.0,0.9339544356926708
544,0.6615372362380473,0.9402468710462358,1.0,0.7826692550392637,0.0,0.6139585040931486,0.666401977736116
545,0.865312414643506,1.0,0.7733070681194042,0.8084807689327779,0.9859917537060247,0.9890632539731119,0.9036925432291375
546,0.9477059631597887,1.0,0.8245899633994148,0.7088880876205043,0.8176459952983491,0.9930869566557693,0.8819861610223044
547,0.5978007118539752,1.0,1.0,0.7223299571428171,1.0,1.0,0.8866884448327988
548,0.529210096786172,0.8870877793969401,1.0,0.9891281230703481,1.0,0.8520748406416935,0.8762501399825254
549,0.2303750140374909,0.7666432666227856,1.0,0.3985022549435491,1.0,0.7295738918400133,0.6875157379073066
550,1.0,0.720695448321968,1.0,0.6845599870108198,1.0,0.8061744094317363,0.8685716407940873
551,1.0,0.8105911161951934,0.9332402721348461,0.8397223657854037,0.9701813522879448,1.0,0.925622517733898
552,0.3589980149121295,0.4488854093862213,0.8342342721358971,1.0,1.0,1.0,0.7736862827390413
553,1.0,1.0,0.9882250637344868,0.7556291257788766,0.6228335188045453,1.0,0.8944479513863182
554,0.6910288690159654,0.955728426895325,1.0,1.0,1.0,0.8868870550885883,0.9222740584999798
555,0.7870290376285995,0.6663085794928667,0.7887936534707816,1.0,1.0,1.0,0.873688545098708
556,0.4542016125253037,0.5799655820534487,0.9077699707437894,0.8736044710930506,0.7616490847543244,1.0,0.7628651201949861
557,0.7710774391830072,1.0,0.8300095673750404,1.0,0.9020600283167651,1.0,0.9171911724791354
558,1.0,0.6013461433176296,0.5453298040716114,0.8612429095332313,0.8346775559702292,1.0,0.8070994021487836
559,1.0,1.0,1.0,1.0,0.6496451107862498,0.8947592740344419,0.9240673974701153
560,1.0,0.6893430498980805,0.7212097505501253,0.3735320298968326,1.0,0.6009553704983309,0.7308400334738948
561,0.44276396890192676,0.8545043254202165,0.634294211070578,1.0,1.0,1.0,0.8219270842321201
562,0.9418444699575336,1.0,1.0,1.0,0.8376228596958765,0.8435472188509656,0.9371690914173959
563,0.7994561152517436,0.6715128024066934,1.0,1.0,0.8616381615258252,1.0,0.8887678465307104
564,0.9723086499532786,0.391059189607265,0.9834955282550834,0.4492618912732847,0.8797257104745846,1.0,0.7793084949272494
565,1.0,1.0,0.9578844082137444,0.7589647447595139,1.0,1.0,0.9528081921622098
566,0.7852684901143436,0.8091706457372536,0.13451164168541177,0.579625506315217,1.0,1.0,0.7180960473087042
567,0.7373902269863275,0.528520140685412,0.5058431308211685,1.0,1.0,0.8897368897805572,0.7769150647122443
568,0.9148991855381521,0.7872257518100714,0.546371590385133,0.9581397256109265,0.8029758541655924,0.6185209755919943,0.7713555138503115
569,0.8745916322747086,1.0,1.0,1.0,1.0,0.9067198761752447,0.9635519180749923
570,1.0,0.771643758791763,1.0,0.7604389938676115,0.6640626223436826,1.0,0.8660242291671761
571,0.0,0.9826500303349429,0.7968130432965256,1.0,1.0,0.8428023346103191,0.7703775680402979
572,0.909865062823293,0.5061288501009291,1.0,0.5189116043625868,0.872661875448169,0.7460187126793965,0.7589310175690623
573,0.8423976654172778,0.9876742951751967,1.0,0.8640576586564781,0.9443996195500167,0.8780498732473706,0.9194298520077232
574,0.6907242468312145,0.0,0.9368132290328117,0.4872221206440087,1.0,1.0,0.6857932660846725
575,0.9438772790380218,0.9240500754302972,1.0,1.0,0.8878143648482321,1.0,0.9592902865527585
576,1.0,0.7135612462801332,1.0,0.8296298799238876,1.0,0.412349688826956,0.8259234691718295
577,1.0,0.9116321884464266,0.7867528214088451,1.0,0.9666119386489026,1.0,0.944166158084029
578,0.0,0.11822327096019246,1.0,1.0,0.8662475207392155,0.9658493416326396,0.6583866888886746
579,0.8012049396073027,0.7161494678237151,0.7765212591535022,1.0,1.0,1.0,0.88231261109742
580,0.6123611091242237,0.8056095564632296,0.6810005844770693,0.7773493716708976,1.0,1.0,0.8127201036225701
581,0.8512300607692388,0.6722274306042313,1.0,0.0,1.0,0.866560451538603,0.7316696571520122
582,0.3600764910199814,1.0,1.0,0.9318878171058868,0.8688430545185353,1.0,0.8601345604407339
583,0.813635846521182,0.7305074660917367,1.0,1.0,0.4369272150647507,0.8198884283681594,0.8001598260076381
584,1.0,1.0,1.0,1.0,0.953452886701739,0.5582102570211472,0.9186105239538144
585,0.5046066841515108,1.0,0.742189553739959,0.6960258391268364,0.933390178368203,0.0,0.6460353758977515
586,0.4864274301091667,0.0,1.0,0.9484951400255642,1.0,0.7104153000588727,0.6908896450322674
587,0.8926206086619938,1.0,1.0,1.0,1.0,0.20575798646129784,0.8497297658538819
588,0.5853726565825919,0.8863155010416682,1.0,0.853907907745322,1.0,0.9966345705627256,0.8870384393220513
589,1.0,1.0,0.6284095807479482,0.6806191346572475,0.9604092874158627,0.972754796356576,0.8736987998629391
590,0.8431290576679419,0.7889349154577365,1.0,1.0,1.0,0.9250082908301781,0.9261787106593093
591,0.538715273465334,1.0,0.47902753910198254,1.0,0.5121293475806465,0.9305813987160145,0.7434089264773297
592,0.630001230334679,0.5596149998742375,1.0,1.0,1.0,1.0,0.8649360383681527
593,0.6024655355315038,1.0,1.0,0.9201350413833622,0.8157052869522912,1.0,0.8897176439778596
594,0.5223201105717941,1.0,0.8720456273464086,1.0,0.6974359683943819,1.0,0.8486336177187641
595,0.44006635775600444,1.0,0.015827957306904814,0.6155208800499656,0.9176603440973975,0.8911318242687793,0.6467012272465086
596,0.949095909790979,1.0,1.0,1.0,0.8501468418868116,0.795805626373725,0.9325080630085859
597,1.0,1.0,1.0,0.8025437418076311,1.0,0.9024497537325061,0.9508322492566896
598,0.835663692561604,1.0,1.0,1.0,1.0,0.8054321474513491,0.9401826400021589
599,1.0,1.0,0.5338983833014178,1.0,0.7949758917366067,0.7856420149021185,0.8524193816566905
600,0.9507578535601183,1.0,0.9235799666715696,0.8932090337780747,0.7998875240672948,1.0,0.9279057296795096
601,0.47865692297822515,0.7833458393901108,0.24457484677322963,1.0,1.0,1.0,0.751096268190261
602,0.0,1.0,1.0,0.6938842489383159,1.0,1.0,0.7823140414897193
603,0.4423907954807839,1.0,0.9126182770591504,0.6299199221439736,0.5628986230574664,1.0,0.7579712696235624
604,0.8558103241850806,0.8499034157940966,0.904402244125022,0.6067969880319174,1.0,1.0,0.8694854953560194
605,0.5812010105741373,0.7218706705516783,0.5242152742586961,1.0,0.6795268396769915,0.9749234691866264,0.7469562107080217
606,0.7096031136255091,1.0,0.4858458180950193,1.0,0.7937090953107572,1.0,0.8315263378385476
607,0.787619578407332,0.79618359544207,0.9479055044719279,0.7335936497002064,0.9801260702257475,0.8266927119838956,0.8453535183718631
608,0.6718439086659254,1.0,0.7267258920273163,0.7953194169866452,1.0,1.0,0.8656482029466478
609,1.0,1.0,0.6748182630116452,0.7165727626298243,1.0,0.8385185596690641,0.8716515975517556
610,1.0,0.5664753968549443,0.7565538461934272,0.7036211093368299,0.8588792277660627,1.0,0.8142549300252107
611,0.7956456964116478,0.2686818920792198,1.0,0.8735089541330243,0.41201884040038544,1.0,0.7249758971707129
612,0.5519453352455556,1.0,0.7867862841089006,0.9459654377285827,1.0,0.9169699491062394,0.8669445010315465
613,0.8131773862494034,1.0,1.0,1.0,0.7921537301143845,1.0,0.9342218527272981
614,0.8448345053253989,0.6531270118736902,0.6939929367336926,0.8698145176685417,0.9865804092323752,1.0,0.8413915634722832
615,0.41303416660232206,1.0,0.7546917056268506,0.8409237698250788,0.7168861932225534,0.8097891164695508,0.755887491957726
616,1.0,0.9211689455473074,1.0,1.0,1.0,1.0,0.9868614909245513
617,0.6111389894671246,1.0,1.0,1.0,0.923708402636086,1.0,0.9224745653505351
618,0.477281923532939,0.7040694476921683,0.7346851467240803,1.0,0.9323781683600093,1.0,0.8080691143848662
619,0.5686671820680881,0.5702583124958415,1.0,0.9348216475686475,1.0,1.0,0.8456245236887628
620,1.0,0.49008990851411977,1.0,0.9872639501268174,0.7315259219165932,1.0,0.8681466300929217
621,0.9320597746156326,0.6343774815671492,0.6850814820293125,0.9726385432147246,1.0,0.5200326168497256,0.790698316379424
622,0.7676270687834688,1.0,0.7949306149895958,0.9324978944236212,0.8658180323929368,1.0,0.8934789350982705
623,0.37094945089711523,1.0,1.0,1.0,1.0,0.719688290801782,0.8484396236164828
624,0.6568743075179193,0.5527775785809673,0.7079550035505673,0.8891043054824456,1.0,0.9308620881560671,0.7895955472146611
625,0.9032686938373844,0.8528464764884226,0.9800254946056777,0.5956087021150854,0.8682414898178361,1.0,0.8666651428107345
626,0.7411476090258623,0.5784315256733036,1.0,1.0,0.7194571144669428,0.9747638629114707,0.8356333520129299
627,1.0,1.0,0.6670538763712153,0.23912615636862486,1.0,1.0,0.8176966721233067
628,0.9075301758602294,0.8861747950540786,1.0,0.9504430474995894,0.7966141903186938,1.0,0.9234603681220985
629,0.5521170363166301,0.8387599237358867,0.9480125494941691,1.0,1.0,1.0,0.8898149182577809
630,1.0,0.9907859713502232,0.8853472959765049,1.0,1.0,1.0,0.9793555445544547
631,1.0,0.6535030146625492,0.6905844029556287,1.0,1.0,1.0,0.8906812362696964
632,0.9151321809636909,0.7986220516398526,0.8938612153259631,1.0,0.8875299292758005,0.9197537448360222,0.9024831870068882
633,0.8891487521676712,0.8246858761049425,0.6430865242655063,0.7239460088651137,1.0,1.0,0.8468111935672056
634,0.6516076402162453,0.7134850118994487,0.16151508878155066,1.0,1.0,1.0,0.754434623482874
635,0.6689165570218238,0.8568120848249005,0.7407143642050217,0.8390142892301455,0.5441481652161941,0.865830673156873,0.7525726889424932
636,0.7291568564732531,0.8387946624040324,0.9420128843773719,1.0,0.7994664133494873,1.0,0.8849051361006909
637,0.6517884773846548,1.0,1.0,1.0,0.9579832746447303,0.9010365806583517,0.9184680554479562
638,1.0,0.8440582447548987,1.0,0.8830227667888848,1.0,1.0,0.9545135019239638
639,0.8348950297251256,0.6370413546885508,1.0,1.0,1.0,1.0,0.9119893974022794
640,0.5389628703926888,1.0,1.0,0.7621247329142325,1.0,1.0,0.8835146005511536
641,1.0,0.8078632803681364,1.0,0.8529281352429937,0.7222309211168177,1.0,0.897170389454658
642,0.2915828033793754,0.4887390808781229,1.0,0.6636141424483041,0.9457363942922529,0.8701310861681969,0.7099672511943753
643,1.0,1.0,1.0,0.8524355207151316,1.0,1.0,0.9754059201191886
644,1.0,1.0,0.6026501633830714,1.0,0.6544598704425415,0.8883854144928425,0.8575825747197424
645,0.8793368000252987,0.7525689009593063,0.9724318701412114,0.9173033188410461,0.732899923742176,1.0,0.8757568022848398
646,0.0,0.8267086001096283,1.0,0.7536551415131337,1.0,1.0,0.763393956937127
647,1.0,1.0,0.5990821160053674,0.7886985087945089,0.47940060478490304,0.8745606257059989,0.7902903092151297
648,0.5438763223161425,0.57995159594538,1.0,1.0,1.0,1.0,0.8539713197102538
649,1.0,1.0,0.6687543509698983,0.7363984527123477,1.0,0.7024797442528259,0.851272091322512
650,0.5028043031410052,1.0,0.7150741147258372,0.7754134275847891,0.9280140664709965,1.0,0.8202176519871047
651,0.6240740483807161,0.6036435642310929,0.6741565923967788,0.31866754596265184,0.8579189233741853,1.0,0.6797434457242376
652,0.8937934888327234,0.9635103328904566,0.9534376227598557,0.9618779664505529,0.8475564720816696,1.0,0.936695980502543
653,0.792825874497552,0.824806260986751,0.9382910198483538,0.8235770874657382,0.7732547075668506,0.8561109482651614,0.834810983105068
654,1.0,0.6633326525679589,0.0,1.0,1.0,1.0,0.7772221087613266
655,0.5612237763739385,1.0,1.0,1.0,1.0,0.9056038547235015,0.9111379385162399
656,0.5411943552929935,1.0,1.0,0.9032095836464369,0.7895322932660157,1.0,0.8723227053675743
657,0.35357941167341583,0.8398328312340122,0.6926478168890414,1.0,0.7283006767446522,1.0,0.7690601227568536
658,1.0,0.8624285238569147,0.9151860468753046,1.0,0.937448839158044,0.8104765755744748,0.9209233309107897
659,0.8941706367734099,0.8351237728285673,0.6081856123850515,1.0,1.0,1.0,0.8895800036645047
660,0.880853633480099,0.6045939449489268,1.0,0.9631478432719971,0.616188259772677,1.0,0.84413061357895
661,0.6066620857898504,0.5922375700233218,0.6934108614963302,1.0,0.8370399868474772,1.0,0.7882250840261632
662,0.5970277034113886,0.9078894410204328,0.2454851523106667,1.0,1.0,1.0,0.791733716123748
663,0.8437082094954049,1.0,0.8140965102029933,0.9581204142258912,1.0,1.0,0.9359875223207149
664,1.0,0.6706229794423557,1.0,0.850488042791507,1.0,1.0,0.9201851703723104
665,1.0,0.6786529340382031,0.7484372752667376,0.8060609871872306,0.7050917107772825,1.0,0.823040484544909
666,0.9724591871594086,0.7485956390439403,0.7328289580264156,0.7104221668661522,0.5770269195602205,1.0,0.7902221451093562
667,0.816087046429201,0.553472199135781,1.0,1.0,0.8411907628575226,0.9970271838931591,0.867962865385944
668,1.0,0.8205668838197838,0.9075024460160793,0.7588499372629439,1.0,1.0,0.9144865445164679
669,1.0,1.0,0.38025426750097036,1.0,1.0,0.9097990013146481,0.8816755448026031
670,0.47561146708433255,0.7124950199129308,0.449350028000338,0.6064243606726263,1.0,1.0,0.7073134792783713
671,0.897565298366585,1.0,0.7119849291231589,0.7274567588571013,0.7053551911215861,0.6510370209588799,0.7822331997378852
672,0.9255466882328992,0.9952089295854843,0.6931722898243227,1.0,0.9490102875417155,0.9748861626056451,0.9229707262983444
673,0.5021240008764324,1.0,0.9446691845654346,0.7963503051643694,0.872894052388079,1.0,0.8526729238323859
674,1.0,1.0,0.915266296042044,1.0,1.0,0.7770982133356241,0.9487274182296114
675,1.0,1.0,0.8844566388683235,0.9607434353672195,1.0,0.6783567989623749,0.920592812199653
676,0.9138079780589401,1.0,1.0,1.0,0.7935371226071135,0.987296421471525,0.9491069203562631
677,1.0,0.8352597794216367,0.6290351067658093,0.803191640351482,1.0,1.0,0.8779144210898213
678,1.0,0.8599825686862582,0.7567819940737603,1.0,1.0,1.0,0.9361274271266696
679,0.8512157658433444,1.0,0.7176149895319939,1.0,1.0,0.7627045068598666,0.8885892103725341
680,0.4330436400758532,0.7990576054787859,1.0,1.0,1.0,1.0,0.8720168742591065
681,0.7195051007666408,0.6343162018123181,1.0,0.9422181709071403,1.0,1.0,0.8826732455810165
682,0.6763930090040771,0.5921774856863004,1.0,1.0,0.9281149983023553,0.8186104190636774,0.8358826520094018
683,1.0,1.0,1.0,0.8891570822085643,0.9151618626297793,0.7691109390423508,0.9289049806467825
684,1.0,1.0,0.7573549265842786,1.0,0.6563511791371812,1.0,0.9022843509535766
685,1.0,0.8272636502362072,0.6926143996467785,1.0,1.0,1.0,0.9199796749804975
686,1.0,0.7951105670544462,0.6179014975452194,1.0,1.0,1.0,0.9021686774332777
687,1.0,0.7290040917919919,0.8260542325270002,1.0,0.8542832858246486,1.0,0.9015569350239402
688,0.5703296951115323,0.5321180810492309,0.37794058009384157,0.7841063851158422,1.0,1.0,0.7107491235617411
689,0.5207755426623325,1.0,0.7025537124667848,0.6933457368710175,1.0,0.8438751025975714,0.7934250157662843
690,0.3479650589412686,0.7678651015241831,0.40403379743750095,1.0,0.717144209494635,1.0,0.706168027899598
691,1.0,0.6266232160125501,0.5494696003917143,0.9896953751441017,1.0,1.0,0.8609646985913942
692,0.8693232080303316,1.0,0.9371457071325163,0.8930624187176308,0.6839516718665268,0.7461830384198325,0.8549443406944729
693,1.0,0.6724142012517849,0.6069064810694572,1.0,0.8152079753400875,1.0,0.8490881096102215
694,1.0,1.0,0.6776745960748903,0.8009646203591967,0.6871624528043473,0.9981661872323285,0.8606613094117939
695,0.901030506977242,1.0,1.0,0.6960523704532601,0.9841928281611363,0.9463971186815029,0.9212788040455235
696,1.0,0.5779591507471837,0.9159734497442742,0.7326382548945575,0.8368298585213385,1.0,0.8439001189845591
697,0.0,1.0,1.0,0.6389969377814172,1.0,1.0,0.7731661562969029
698,1.0,0.8142358011286677,0.7252755874864076,1.0,0.44978494513552536,0.7563229579714954,0.7909365486203495
699,1.0,1.0,0.7232846335953399,1.0,0.984399255107157,1.0,0.9512806481170828
700,0.7372391270203287,0.7232013699898783,1.0,0.6836187760908856,0.8214261256417679,0.9705146637440202,0.8226666770811467
701,0.5067856185289064,0.210310490844649,1.0,0.5039185829758788,1.0,1.0,0.7035024487249056
702,0.9085288183899315,0.9161181030402865,0.810099020193585,1.0,1.0,0.8918601694715196,0.9211010185158872
703,1.0,1.0,0.4454677900186217,1.0,0.974568876093651,1.0,0.9033394443520454
704,0.722459937148129,1.0,1.0,0.9907973932817461,0.7970168626158979,0.9773579488428954,0.9146053569814447
705,1.0,0.37039385226185756,0.7530609162206804,1.0,1.0,1.0,0.853909128080423
706,1.0,1.0,0.677382990483631,1.0,1.0,1.0,0.9462304984139385
707,0.23997962074724505,1.0,1.0,1.0,0.7036852868612743,0.8881578126835517,0.8053037867153452
708,1.0,0.8996883105709775,0.9061732679842928,1.0,0.9172959129716409,1.0,0.9538595819211518
709,0.6124546376354126,0.9116293051382375,0.8262424899434136,0.9344748033326377,0.8388603550625122,0.8049628723494249,0.8214374105769396
710,0.0,0.9602076731687326,0.759323939043736,1.0,0.9694472010411325,1.0,0.7814964688756002
711,1.0,1.0,1.0,0.8508864635888009,0.8156506058220901,0.9395800538433607,0.9343528538757088
712,1.0,0.698374338303921,0.677129815767544,0.9368894896489321,0.5720715383679646,1.0,0.8140775303480603
713,0.6737098886687555,0.6962250031304792,0.9557807735984237,1.0,0.9641446837794675,1.0,0.8816433915295211
714,1.0,0.7329568725826475,0.7902970561567375,0.764148229860877,1.0,1.0,0.8812336931000436
715,0.4413731605916484,0.911357093277261,1.0,0.907461553969266,1.0,0.931487959266045,0.8652799611840368
716,1.0,1.0,0.7850457354488177,0.7671743038608384,0.8831212085154191,1.0,0.9058902079708459
717,0.7977505125510855,0.733638332379561,0.7580520499199673,0.7641898534013217,0.7320533848672184,1.0,0.7976140221865257
718,0.6727699179807085,0.45834402981525535,0.9967760409995787,1.0,1.0,1.0,0.8546483314659238
719,0.6315470173844836,0.7660200240797351,0.9973098486254682,1.0,1.0,1.0,0.8991461483482812
720,1.0,0.5856776067251362,0.9614562064600563,1.0,0.7996487092465485,1.0,0.8911304204052902
721,1.0,0.7578218753457544,0.922342172716445,1.0,1.0,1.0,0.9466940080103665
722,0.9926602816620712,0.7644348762557062,0.9125543808793789,0.28998857382271287,1.0,0.9863581850216001,0.8243327162735783
723,1.0,0.7490815094413208,0.9098542806877477,0.7722791910230596,0.9495894498789857,0.9891120717499603,0.8949860837968457
724,1.0,0.7886892789658851,0.448280760818887,1.0,0.8608596233517115,0.8426560020460329,0.8234142775304193
725,0.0,0.6785404111262077,1.0,1.0,0.7134289381771395,0.5853087854065914,0.6628796891183231
726,0.0,0.9066246248727912,1.0,1.0,1.0,1.0,0.8177707708121318
727,0.5264206887858321,1.0,0.8362162891795284,1.0,1.0,0.8742707504998767,0.8728179547442062
728,0.8894262711979811,1.0,0.94386026866553,1.0,0.9050710903106721,0.7197260008572594,0.9096806051719072
729,1.0,0.0,0.0,0.907978075839782,0.7504507206639869,0.5195114903112814,0.5296567144691751
730,1.0,0.9577293639176363,0.8217775085566955,1.0,1.0,0.8100281485140847,0.9315891701647362
731,0.7373100660437911,1.0,1.0,1.0,0.772884210108642,1.0,0.9183657126920721
732,0.8121135138575888,1.0,1.0,0.9766148463626487,1.0,0.776561607256964,0.9275483279128669
733,0.9134788439131682,1.0,1.0,1.0,1.0,1.0,0.9855798073188614
734,0.679699876273442,0.6447630188172019,1.0,0.9180213137610479,0.9512406266811625,1.0,0.8656208059221423
735,1.0,1.0,1.0,0.8365387585153155,0.8951749846195295,0.9045844083817038,0.9393830252527581
736,1.0,1.0,0.8133954275308635,0.37648941403831426,0.6893557430273661,1.0,0.8132067640994239
737,1.0,1.0,0.6546530157694496,0.6270048325365056,1.0,0.5794407218191998,0.8101830950208592
738,0.5717891027437512,0.9367691368585653,0.833177856245201,0.9241661382999389,0.7564193290843465,0.8364697298834656,0.8097985488525449
739,0.9589955206759562,1.0,1.0,1.0,1.0,0.7913862707948703,0.9583969652451377
740,1.0,1.0,0.8686776216226465,0.5217095014642051,1.0,1.0,0.8983978538478086
741,0.7630145318778364,1.0,0.7856949814791331,1.0,1.0,0.7972429832890678,0.8909920827743396
742,0.3912644519728692,0.7529771976914128,1.0,1.0,0.6063433977650838,1.0,0.791764174571561
743,1.0,1.0,0.9271891592457866,1.0,0.9568103932547628,1.0,0.9806665920834249
744,0.5567535151593962,0.7906597350551182,1.0,1.0,1.0,0.9696752952663411,0.8861814242468092
745,0.7379691811233764,1.0,1.0,0.6212915467720649,1.0,0.4803565990792928,0.8066028878291222
746,1.0,0.6440156328053763,1.0,0.7371965038897328,1.0,1.0,0.8968686894491849
747,0.3897559962783373,0.6556537269364275,0.6777005269705868,0.6823055139116381,0.8703919837936472,1.0,0.7126346246484395
748,0.5339378446482782,0.7953848103600328,1.0,1.0,1.0,1.0,0.8882204425013852
749,1.0,0.8115574670759367,0.6899354169235253,1.0,1.0,1.0,0.916915480666577
750,0.5498538450324055,0.5883066861622674,1.0,0.8385381868434272,0.9099004925028288,1.0,0.8144332017568215
751,1.0,0.6655633346003519,1.0,0.9334992950321621,1.0,0.7273172761078843,0.8877299842900664
752,0.3552711908767504,0.8719661410741727,0.8383305081240638,1.0,1.0,0.8693822782109569,0.8224916863809907
753,1.0,0.7021662568227474,1.0,0.6553054149506643,0.8502630083899722,1.0,0.8679557800272306
754,0.7826550149253586,0.6947527183188876,1.0,0.7341069205269806,1.0,1.0,0.8685857756285378
755,0.8586758446032385,1.0,1.0,1.0,1.0,1.0,0.9764459741005398
756,0.5590981082854128,0.7231180343135366,1.0,1.0,1.0,0.712003804780045,0.8323699912298324
757,0.8817103265192803,1.0,1.0,1.0,0.9623497707438844,0.8819632526874497,0.954337224991769
758,0.5596744430842308,0.6488778333650111,0.6576082646987171,0.7268201911661275,1.0,1.0,0.7654967887190144
759,0.0,0.9932947681667765,0.9777673667542114,1.0,0.9033842409832147,1.0,0.8124077293173672
760,0.5389716970012943,0.8887894518937124,1.0,0.8879445029689523,1.0,1.0,0.8859509419773266
761,0.7424677646925605,1.0,1.0,1.0,1.0,1.0,0.9570779607820934
762,1.0,1.0,0.49903550290449483,1.0,1.0,0.6356020783280033,0.8557729302054163
763,0.5710476660633657,1.0,1.0,1.0,1.0,1.0,0.9285079443438943
764,1.0,0.8061904698825745,1.0,0.8131248697586411,1.0,1.0,0.9365525566068693
765,0.4609443334630816,0.9666451040797124,0.7845949324884179,0.771284061430132,0.1819262250318133,1.0,0.6942324427488596
766,1.0,0.8441387097323171,0.9935496050710186,1.0,0.8013970505154664,0.9359468757206304,0.9291720401732387
767,0.705332805888788,1.0,1.0,1.0,0.4531893432919071,1.0,0.8597536915301158
768,0.6062592055251897,0.7453002669162696,0.953848062307762,1.0,0.9194008646289651,0.6388640417759737,0.8106120735256933
769,0.5132532914520632,0.9844684210797555,0.7651653118120759,0.7270322791640135,0.745325916233101,0.9286394313697808,0.7773141085184649
770,0.6699879089830535,1.0,1.0,0.715122992965012,0.96909439996533,1.0,0.8923675503188994
771,0.4863994864592598,1.0,0.3385160169890215,0.8865916784209416,1.0,1.0,0.7852511969782038
772,0.9934018606195885,0.8062799937829752,1.0,0.6864467253167308,0.8060060611746064,1.0,0.8820224401489835
773,0.3412858989153684,0.7383790800052078,0.7310342041510491,1.0,1.0,1.0,0.8017831971786041
774,0.8398247124010145,0.8573476260669597,1.0,1.0,0.8297424214651521,1.0,0.9211524599888543
775,0.9888270518774551,0.9099641627060705,1.0,0.9288022734297892,0.7850489545873449,1.0,0.9354404071001099
776,0.41121053321965395,0.8855350107924146,0.823984672083747,1.0,0.9510458266675665,1.0,0.8452960071272303
777,0.6411801171309731,1.0,1.0,1.0,0.7912552002783462,0.9572738224336467,0.8982848566404943
778,0.8817762647361281,0.5850912772539713,1.0,0.765894697204577,0.9391092078147713,0.763602460459169,0.8225789845781027
779,0.8268852790641377,1.0,0.9114995266879928,0.7689719241610581,0.9901853387684915,0.9568974509949636,0.9090732532794407
780,1.0,0.9101307561833621,1.0,0.8856552445152635,0.7728074658637278,1.0,0.9280989110937256
781,0.7184519343944448,1.0,0.20175867512187765,1.0,1.0,1.0,0.8200351015860537
782,1.0,0.5488264749153418,0.9044022441250221,0.9157247078634033,0.7568394653985562,0.9872123794740186,0.852167545296057
783,1.0,0.7183876003614841,0.78081094883846,1.0,0.9427369752980522,1.0,0.9069892540829994
784,1.0,0.8220323862667311,1.0,1.0,1.0,0.9411189863299302,0.9605252287661101
785,0.6146402073291015,0.9195773273415548,1.0,0.7248665863052765,0.8638704308258917,1.0,0.8538257586336373
786,1.0,0.4805748885630829,1.0,0.9971419860704825,1.0,1.0,0.9129528124389276
787,0.6432552386520759,1.0,0.3083816622177176,0.6633748593801441,0.8726673550969903,1.0,0.7479465192244881
788,0.4629411376640665,1.0,0.27794326858180224,1.0,1.0,1.0,0.790147401040978
789,0.9436237463760273,0.6671135905375295,0.5987800098250949,1.0,0.8427899919229759,1.0,0.8420512231102713
790,0.6981120915089741,1.0,1.0,1.0,1.0,0.9512370817181047,0.9415581955378466
791,0.8495795051848285,0.9535096100729613,1.0,1.0,1.0,0.9716465252905384,0.9624559400913881
792,1.0,0.7110410523476591,1.0,0.8604119887180586,0.7590792634015899,0.6263422767723692,0.8261457635399463
793,0.4987631829543022,1.0,0.5021964101717223,0.839506381053469,1.0,0.7154517217803352,0.7593196159933048
794,0.5223427744150767,0.20379190606531083,1.0,0.6724027490502132,1.0,1.0,0.7330895715884335
795,0.5325398179262728,0.30293171074701375,1.0,0.9421769480555718,1.0,1.0,0.7962747461214764
796,1.0,0.8825323804133045,0.572519698302026,1.0,0.6151544903142462,1.0,0.8450344281715961
797,1.0,0.9661579568289741,0.8175453303063943,0.7062548182018273,0.8953950732881603,0.9012336422292834,0.8810978034757732
798,0.0,1.0,0.6453038596438915,1.0,1.0,0.7778006929109212,0.7371840920924688
799,0.8670645345790545,1.0,0.6759392989145772,0.9597711871183676,0.7543882912728854,0.9682841554874612,0.8709079112287242
800,0.819918659697452,0.7768599502963722,0.9376895881045457,0.7741398689994969,1.0,0.9366361482040854,0.8742073692169922
801,0.6875131551390145,1.0,1.0,1.0,1.0,1.0,0.9479188591898358
802,1.0,0.9351522457655755,0.796314775515447,0.7753416606613869,1.0,1.0,0.9178014469904016
803,1.0,0.999202545756669,1.0,1.0,0.9565704274322068,1.0,0.9926288288648126
804,0.9417611170705227,0.8350658407758144,0.8858580908525485,1.0,1.0,1.0,0.9437808414498142
805,1.0,0.0,0.4650079321935421,0.9625520007114,0.5036620138320456,1.0,0.655203657789498
806,0.614290663433012,1.0,1.0,1.0,1.0,0.9110869500681704,0.9208962689168638
807,0.4475851845755213,1.0,0.9408977235444071,1.0,1.0,1.0,0.8980804846866547
808,0.8074155556061865,0.7647671533459258,0.9332066967754947,1.0,1.0,1.0,0.9175649009546012
809,1.0,1.0,1.0,0.84862151274713,0.971845541056779,1.0,0.9700778423006516
810,0.1724248226786514,1.0,1.0,0.1834625197013481,1.0,1.0,0.7259812237299998
811,0.7175333320878685,0.6644473388134162,1.0,0.6746984286951467,0.9646873472528517,1.0,0.8368944078082139
812,0.636786329214214,0.0,0.9625515511548989,0.8740442301702149,1.0,1.0,0.745563685089888
813,0.8091342118020225,0.0,0.6081264531989096,0.819814628334794,1.0,1.0,0.7061792155559544
814,0.554098348159542,0.8025793995307205,0.8413300749097106,1.0,1.0,0.5237033220608803,0.7869518574434755
815,0.7928517783504929,0.0,1.0,0.9921502175522378,1.0,0.7302873291223009,0.7525482208375053
816,0.7852987189030896,0.9377662247374803,0.7729438336125855,1.0,1.0,1.0,0.916001462875526
817,1.0,1.0,0.8357735648251455,1.0,1.0,0.5408790913557956,0.8961087760301568
818,0.5482374279483563,0.9904443175652519,0.685762861138254,1.0,0.4966643072400594,1.0,0.7868514856486536
819,1.0,0.9263768419958001,0.9210299000885582,1.0,0.9479446594777634,1.0,0.9658919002603535
820,0.6851188264023861,1.0,0.9916951325078935,1.0,1.0,1.0,0.94613565981838
821,0.5967867492054497,0.945428663452982,0.946024065461158,1.0,1.0,1.0,0.9147065796865984
822,0.638343640279056,0.8358071886395662,1.0,1.0,0.8223949064332622,0.965639006654889,0.8770307903344623
823,0.0,0.6657321539483176,0.7188204676419385,1.0,1.0,0.7633563349660922,0.691318159426058
824,0.015255772070099451,0.43359839432352093,1.0,0.9758916235064374,0.7737944281843131,1.0,0.6997567030140619
825,1.0,0.868823678000412,0.8325709512534301,1.0,0.7352711455587785,1.0,0.9061109624687701
826,1.0,1.0,1.0,1.0,1.0,1.0,1.0
827,0.7224170487389721,1.0,1.0,1.0,1.0,0.960669373305345,0.9471810703407195
828,0.7535447133070524,1.0,0.7326518617570065,1.0,0.9199001433486852,1.0,0.9010161197354574
829,1.0,1.0,0.6323276184052177,0.757823863857371,1.0,0.8849456421318752,0.8791828540657439
830,0.45971201547947504,0.7942509116127514,0.6400786020358583,1.0,1.0,0.8923606360776202,0.7977336942009509
831,1.0,1.0,0.7453491464797836,1.0,1.0,0.6917479756087515,0.9061828536814226
832,1.0,0.8127398280413163,1.0,1.0,0.8483079843270609,0.890699970410613,0.9252912971298316
833,1.0,0.812695271231939,1.0,0.9030200596932251,0.9717190274430709,1.0,0.9479057263947058
834,0.0,1.0,1.0,0.8440828998139429,1.0,0.801762826028896,0.7743076209738065
835,0.556182945313756,0.5823960930087893,0.006523642685432949,1.0,0.9335135296235597,1.0,0.6797693684385896
836,1.0,1.0,1.0,1.0,1.0,0.7018992889034659,0.9503165481505776
837,1.0,0.0,0.22760010673193817,1.0,0.9571354562096769,1.0,0.6974559271569358
838,0.6041077493413468,0.7257443300673029,0.5887683923318257,1.0,0.8750185437559358,1.0,0.7989398359160685
839,1.0,0.7216029943930776,0.5224875071279933,1.0,1.0,0.9438078496367696,0.8646497251929733
840,1.0,0.5589527729294956,0.9282562273623753,0.7609182393571639,1.0,0.9833554365888298,0.8719137793729774
841,0.8302199363383731,0.8526787084405667,1.0,1.0,1.0,1.0,0.9471497741298233
842,0.0,0.8984373683063518,0.7022163585478036,0.7254499248328734,0.9113407700204667,1.0,0.7062407369512492
843,0.5844310804191679,1.0,0.7550667458279017,1.0,0.9030602942426186,1.0,0.8737596867482814
844,0.9902019761723488,1.0,1.0,0.8599847506189947,1.0,1.0,0.9750311211318907
845,0.9607689841961373,0.6004045987723761,1.0,1.0,0.8641060490623759,0.8251226952050792,0.8750670545393282
846,1.0,0.7874182630458528,0.7684943406234289,1.0,0.3835607113257923,1.0,0.823245552499179
847,1.0,1.0,0.7516205203505818,0.7172077401721088,0.594396839967729,1.0,0.8438708500817366
848,0.8072432827669067,0.9293664284051786,0.9029546339420726,1.0,1.0,1.0,0.9399273908523597
849,1.0,1.0,1.0,0.6725519338180143,0.6961076778892287,1.0,0.8947766019512072
850,0.5334037419913723,0.664275255288474,1.0,1.0,0.4213474937981502,1.0,0.7698377485129994
851,1.0,1.0,0.0,0.96433306487579,0.4012708187899856,0.9601823649601791,0.7209643747709924
852,0.7086237218438404,0.6331635274318708,1.0,1.0,0.8943449242270461,0.9846860850551974,0.8701363764263258
853,1.0,1.0,0.09710616809792533,0.4025694902863412,1.0,0.9311680437381383,0.7384739503537342
854,0.721808256110884,1.0,1.0,1.0,1.0,0.744733313381527,0.9110902615820685
855,0.6429874692513136,0.6399091963819322,1.0,0.9961225083577491,1.0,1.0,0.8798365289984992
856,0.16953941082697002,0.7984861792134865,0.8755912683480108,1.0,0.8183926664305622,1.0,0.7770015874698383
857,0.7641315388631242,1.0,1.0,1.0,1.0,0.954085390847612,0.9530361549517893
858,0.656174890778351,0.9503072524368412,1.0,1.0,0.6923551910486556,1.0,0.8831395557106413
859,1.0,0.7955228383998305,0.8101451994747246,0.8381842938175404,1.0,0.911104466515477,0.892492799701262
860,1.0,0.6309468695288918,0.4971161604372561,0.7940425109076658,0.8620253830485266,0.7011608519786161,0.747548629316826
861,0.8281519847481379,0.6243048631772045,1.0,1.0,0.6770486188863521,0.5309856738501666,0.7767485234436435
862,0.4996166854613705,0.5989226108902785,0.8878867268152496,0.7759234270749858,0.8907613265334557,1.0,0.7755184627958901
863,0.9229104044117981,1.0,0.7372281450382648,1.0,0.9547052927361399,0.9703761121728969,0.9308699923931832
864,0.5202350320790609,0.7855865614119389,0.8610416090612201,1.0,1.0,0.82508482741691,0.8319913383281884
865,1.0,0.6856520030202568,0.8083368988054304,0.8340417174039466,1.0,0.9711594102857989,0.883198338252572
866,1.0,0.0,0.8843728182255782,0.7534887807445827,1.0,0.8708967218905022,0.7514597201434438
867,1.0,0.7225173370312314,0.9046706096650281,0.8859412388686458,1.0,0.8734339319857778,0.8977605195917805
868,0.6413827431516498,1.0,1.0,1.0,0.7781115294728651,1.0,0.9032490454374192
869,1.0,0.40436103791319666,0.8555147259378761,1.0,1.0,0.9757755828430016,0.8726085577823458
870,0.5396502822349828,0.8279675221012746,0.7286286067645363,1.0,0.9248199669556895,1.0,0.8368443963427472
871,0.9893631861217284,0.9936013949731692,0.8553236265276027,1.0,0.9310615650398469,0.7578479275871634,0.9211996167082517
872,1.0,0.5624098455616453,0.8393007869790217,0.841872334400707,0.9298610769094603,1.0,0.862240673975139
873,1.0,0.7980381614255108,0.9356247748564046,0.5361820274415335,1.0,1.0,0.8783074939539081
874,0.7144040256342434,1.0,0.9984705271743868,1.0,1.0,0.9861118436602722,0.9498310660781505
875,1.0,1.0,1.0,0.7396399785493877,0.39937802502126807,1.0,0.8565030005951093
876,1.0,0.8838755869026221,0.6394759658320824,0.534406794940254,1.0,0.9502891173755278,0.8346745775084145
877,0.8317072410408634,0.6890196313693078,0.9976545055307886,0.7330065953796296,1.0,1.0,0.8752313288867649
878,0.37086484382131346,0.6957817484896575,1.0,0.6902672575003868,0.6439617007692209,0.9777265439015876,0.7297670157470276
879,0.662889062745978,1.0,0.8070051115046952,0.8029863396651403,1.0,1.0,0.878813418985969
880,0.9097837340296507,0.4704585825769425,1.0,0.7032700381676021,0.9305583775361903,1.0,0.8356784553850644
881,1.0,0.7497724506347191,0.8315886615512104,1.0,1.0,1.0,0.9302268520309882
882,1.0,1.0,0.9495921092469838,1.0,0.7391456188411523,1.0,0.948122954681356
883,1.0,0.5459388701674501,0.8936495070393401,0.9392648689995978,0.8866494177577591,1.0,0.8775837773273579
884,0.7998209504485372,1.0,0.3299581595319105,0.8545281579615369,0.883042360134889,0.7355125710000593,0.7671436998461555
885,0.8220009978630054,0.8077941512412747,1.0,0.7739328620816326,1.0,0.669587108390574,0.8455525199294144
886,1.0,0.5842310561202783,0.8923187860416277,0.7731137222953316,1.0,0.8430642714576329,0.8487879726524783
887,0.5610256068174413,0.7771332642450338,0.7898041682558322,1.0,0.8929187537391254,0.9846547755699273,0.8342560947712266
888,0.658853604649697,0.7594235628457611,0.905015233451962,1.0,1.0,0.5959529241129203,0.8198742208433899
889,0.7967525280784178,1.0,1.0,1.0,0.9122955742015193,0.9314128477762683,0.9400768250093677
890,1.0,0.6964309078735994,0.6306110939690754,0.8129524595655923,0.9394686549839883,1.0,0.8465771860653759
891,0.6900118793779689,0.6690243837403983,1.0,1.0,1.0,1.0,0.8931727105197279
892,1.0,0.7229214142553264,0.9841203210605001,1.0,0.8686513979619938,1.0,0.9292821888796367
893,1.0,1.0,0.779404906979265,0.8808224106181679,0.6527702421139319,0.9133788080808009,0.871062727965361
894,1.0,1.0,1.0,0.9365973069230186,1.0,0.756462926167116,0.9488433721816891
895,0.6977624276821699,0.6729499689398958,1.0,1.0,1.0,1.0,0.8951187327703444
896,0.47862678813864223,0.5308002172109719,1.0,0.584515659609164,1.0,1.0,0.765657110826463
897,0.7166914061133824,0.9105599683413564,0.6543877351796187,0.8973406766046607,1.0,0.9611517876642154,0.8566885956505391
898,1.0,1.0,0.7621509879380234,0.0,0.9692414603291801,1.0,0.7885654080445339
899,0.5303583973214222,0.8948737547712197,0.7189815605904802,0.6155430404306107,1.0,1.0,0.7932927921856221
900,1.0,1.0,1.0,1.0,1.0,1.0,1.0
901,1.0,0.8720319063490964,0.8635487052150211,1.0,1.0,0.8469148660580726,0.9304159129370316
902,0.938311697803062,0.6980335044540654,0.7559485758106719,0.7414585606149662,1.0,1.0,0.8556253897804608
903,1.0,0.871471197388274,0.45124092470430893,1.0,0.6469150972720655,1.0,0.8282712032274414
904,0.6852310367663169,0.7145518417054525,0.7903712717361673,0.951289554496558,0.8747017423982076,1.0,0.8360242411837837
905,0.5035202611723752,0.0,1.0,0.579630801682055,1.0,0.9880055922473413,0.6785261091836285
906,0.4519518689235199,1.0,1.0,1.0,1.0,0.5055526343033367,0.8262507505378095
907,0.6719361200529061,0.8354873853888678,0.6725767212004097,1.0,0.7651478948720988,1.0,0.8241913535857138
908,1.0,0.7449986461155951,1.0,1.0,0.5862214320586864,1.0,0.8885366796957136
909,0.7809969545732027,0.9893969818706478,0.8583469348113716,0.8850243266847839,0.9868790313798718,0.9705888049455436,0.9118721723775702
910,1.0,0.7437850938506974,0.9918751223364299,1.0,0.635406228856202,1.0,0.8951777408405549
911,1.0,0.8380671435221886,0.8327248501085267,0.6963748643262826,1.0,1.0,0.8945278096594995
912,1.0,0.7628106357998417,0.0,0.7350432382397439,0.9398920041980766,1.0,0.7396243130396103
913,1.0,0.1948306702445843,0.8004788414100436,0.8901711361092951,0.8951424653344423,0.9543889049856592,0.7891686696806707
914,0.574313004636797,1.0,0.7206865636513176,0.9642222440440815,1.0,1.0,0.8765369687220327
915,0.7924982450223582,0.8098428533509139,0.7597436751386364,0.6136789290490446,1.0,1.0,0.8292939504268255
916,0.5358538678233448,1.0,1.0,0.8041988726648812,1.0,1.0,0.8900087900813709
917,0.5272063761208812,1.0,1.0,0.9248144587814477,1.0,1.0,0.9086701391503881
918,0.06273394744939376,0.7475406058231329,0.8509760334955225,0.3954002288517919,1.0,1.0,0.6761084692699736
919,1.0,1.0,0.817931992331357,0.8422798829018187,0.8476175225712328,1.0,0.9179715663007348
920,1.0,0.8288271110225159,0.7500721789383985,0.6734689992424427,0.8493825478059898,1.0,0.8502918061682245
921,0.2634630558336136,0.7846003978233063,0.9604478928150588,1.0,0.9214548813808434,1.0,0.8216610379754704
922,1.0,0.8336885650896861,0.6706348381363952,0.7418554214987365,1.0,1.0,0.8743631374541363
923,0.0,1.0,1.0,1.0,0.8066863701949607,0.8682908606725422,0.7791628718112505
924,0.5647104529609946,0.9166471363395453,0.8783555783513605,1.0,0.8880289305231439,1.0,0.8746236830291741
925,1.0,0.8026553369693102,0.9433575081679273,0.7385577863802765,0.9286520145324054,0.9390552512228042,0.8920463162121206
926,1.0,1.0,0.6739613322352003,1.0,1.0,1.0,0.9456602220392001
927,0.612825757476457,1.0,1.0,1.0,0.7797288586105653,1.0,0.8987591026811703
928,1.0,0.997759796607053,1.0,1.0,1.0,1.0,0.9996266327678421
929,1.0,0.5134713351584045,0.9607137458889654,0.9199655324021802,1.0,0.6470364462009242,0.8401978432750791
930,0.8455391238413705,0.4302528951449252,0.513968752099108,1.0,0.9704825820081892,1.0,0.7933738921822654
931,0.7225886904749604,0.6652774326497869,0.9699877655269054,0.9835467602710746,0.9411027070711483,1.0,0.8804172259989792
932,1.0,0.9112248382229959,0.7060551520600808,0.6801453034510333,1.0,1.0,0.8829042156223516
933,1.0,0.7185318453607205,1.0,0.6971046154181612,1.0,1.0,0.9026060767964803
934,0.601007610182942,0.718909773394124,0.8789436623359482,0.0,1.0,0.9342199843371002,0.688846838375019
935,0.7205091873330344,0.054118781913834485,1.0,0.9612539933506086,0.8245644725564563,1.0,0.7600744058589889
936,0.9036436498091012,1.0,1.0,1.0,1.0,0.8367748210015614,0.956736411801777
937,0.6149680155642545,0.8378486905345013,0.8746571396789129,0.9951153623801151,0.8317878636015601,1.0,0.859062845293224
938,0.651578674020067,0.7869265006578807,0.45124439905199976,1.0,0.8440111767692405,1.0,0.788960125083198
939,1.0,0.7685449147072396,0.8579987400532297,0.8953172651426216,1.0,0.7180613796331909,0.873320383256047
940,1.0,0.6536869322901974,0.8632063358742547,1.0,1.0,1.0,0.919482211360742
941,0.6904181910899256,0.8555249944364438,0.5884972006736716,1.0,0.8387680524997557,0.5959507484293719,0.7615265311881947
942,0.9986353789573934,0.9306169748300875,0.0679962456503592,1.0,0.9861369301174985,1.0,0.8305642549258897
943,1.0,0.5076410812559057,0.9899799819433625,0.9689508798848842,1.0,0.9436070758080994,0.9016965031487086
944,1.0,1.0,0.6841800653652398,0.45302205915384713,0.9862607981214988,1.0,0.8539104871067643
945,1.0,1.0,0.8546257563408165,0.806176413800407,0.9347316877197596,0.8596474175798666,0.9091968792401417
946,0.6645728776788216,1.0,0.7122833991170632,0.7992435027727444,0.9329737847506875,1.0,0.8515122607198862
947,0.8724925742376156,0.7900173877725061,1.0,1.0,0.9968999884484211,0.6259312510673334,0.8808902002543127
948,0.28380349847593034,0.9707833288303991,0.5207090072643147,0.7733580547380036,0.7606366829159615,1.0,0.7182150953707681
949,1.0,1.0,0.6058235659898328,0.0,0.5888786386001655,1.0,0.6991170340983329
950,1.0,0.8204008141804636,0.0,1.0,1.0,1.0,0.803400135696744
951,0.8031243471440279,0.6993762826297256,0.663375680429785,0.6015157725431941,0.7878770398144815,0.8738962603605229,0.7381942304869561
952,0.8990671699285108,1.0,0.7375198071931535,0.6766655414361765,1.0,1.0,0.8855420864263067
953,0.8388497535062338,0.33787213386816606,0.984153244405905,1.0,1.0,1.0,0.8601458552967175
954,0.6817365026676023,1.0,0.49181197684154815,1.0,0.8585406511098697,0.9738765780192729,0.8343276181063822
955,0.7235836239471424,0.9534541107227841,0.7964770677281661,1.0,0.9590111595284881,1.0,0.9054209936544302
956,0.5028191681234714,1.0,0.8788783721459354,0.8327218594978523,1.0,1.0,0.8690698999612098
957,0.3900171565326626,1.0,1.0,0.4866213779240275,1.0,1.0,0.812773089076115
958,0.7609587762768837,0.88965566413602,1.0,1.0,0.8181631317949628,1.0,0.9114629287013111
959,0.37897318390819285,1.0,0.4170368425143562,0.9325320762364281,0.7280004458207063,0.9795175259867416,0.7393433457444042
960,0.10789837602001962,0.7402702753457898,0.6687725919764133,1.0,1.0,0.9290532081440198,0.7409990752477071
961,1.0,0.6148676028658734,0.9755689976561737,0.8747897272628299,0.9008059883409408,1.0,0.894338719354303
962,1.0,1.0,1.0,0.848010926367865,1.0,1.0,0.9746684877279774
963,0.8510862084628538,1.0,0.15549353396321164,1.0,0.8821404447131846,0.9562971174993162,0.8075028841064277
964,0.627640523519339,0.5867622175824065,1.0,1.0,0.9327876077667324,0.7591165964452495,0.8177178242189546
965,0.6884149984583446,1.0,1.0,1.0,1.0,0.6859970943756146,0.89573534880566
966,0.8138733639662312,0.8892668267893885,1.0,1.0,1.0,1.0,0.9505233651259366
967,1.0,0.7539276541016526,0.8119271393636737,0.7834697931428677,1.0,0.9259417566134722,0.879211057203611
968,0.5608498454738968,0.686074368600128,1.0,1.0,1.0,0.8334864482981299,0.8467351103953592
969,1.0,0.5876034859269749,0.84591367161419,0.8341914765626939,0.9421547639884081,0.9418314852160131,0.8586158138847133
970,1.0,0.9407636913923373,0.95686651992472,0.7721529069837499,0.9766637158584547,1.0,0.941074472359877
971,0.747675080322342,0.5874939379642796,0.842579691221939,1.0,0.8718886121146215,1.0,0.8416062202705303
972,0.0,0.25218908323017486,1.0,1.0,1.0,1.0,0.7086981805383624
973,0.8190472510923215,0.46989032878255604,0.9287371195323242,0.5326459377183911,0.9789878266017991,0.9121766240407051,0.7735808479613495
974,1.0,0.46712352316131905,1.0,0.8040101217075063,0.8329683614033571,0.9852728176908312,0.8482291373271688
975,0.0,0.7977580388934441,0.969101025170483,1.0,0.7203275977890615,1.0,0.7478644436421648
976,1.0,1.0,1.0,1.0,0.5170970473163895,0.8699452601263126,0.8978403845737838
977,0.7080276675362193,0.926327311880327,1.0,0.9446608103900869,1.0,0.9678054250746463,0.924470202480213
978,0.5839955826567459,1.0,1.0,0.8571492935097729,1.0,0.9368244649300836,0.8963282235161003
979,0.582367795684324,0.5377568977517572,0.7444561639841359,0.7657246430193931,0.9495756116017936,1.0,0.7633135186735673
980,0.5802852475094264,1.0,1.0,1.0,0.8499674641201808,1.0,0.9050421186049346
981,1.0,0.5509249649652951,1.0,1.0,0.9044518164899531,1.0,0.9092294635758748
982,1.0,1.0,1.0,0.855786865482543,1.0,0.8352740673379601,0.9485101554700838
983,0.5283229983217864,0.7822634572453692,0.5595848423824977,1.0,1.0,1.0,0.8116952163249422
984,1.0,0.732262975507679,1.0,1.0,1.0,0.8991236783218581,0.9385644423049229
985,1.0,0.8830626014608886,0.6370383516176524,0.8000924097998063,1.0,1.0,0.8866988938130579
986,1.0,0.8831616944475822,1.0,0.8608332301845435,0.9401597485686007,1.0,0.9473591122001211
987,0.2561573462937015,1.0,1.0,0.3938176571346989,0.6560991078132853,1.0,0.7176790185402808
988,0.8484711193303265,0.6839692749319913,0.9326271134166959,0.9179967217973932,0.8998822543357414,0.7579410177290268,0.8401479169235292
989,0.3903512669008331,0.9009120416287477,0.4618193503544323,1.0,1.0,0.490302044415717,0.7072307838832884
990,0.5062585548148991,0.6225421053995298,1.0,1.0,0.8645455651411516,1.0,0.8322243708925967
991,0.0,0.8204548394760596,0.39699769892235,1.0,1.0,1.0,0.702908756399735
992,1.0,0.6637032509346144,0.7955870887550596,0.7437276725530457,0.8867878800467192,0.8976348136234801,0.8312401176521531
993,0.7014322965700353,1.0,0.6930061066754836,0.9561057127074739,1.0,0.8213815525560048,0.8619876114181663
994,0.7863013503618715,0.19873483526915292,1.0,1.0,0.7294225864673352,1.0,0.7857431286830598
995,0.971189772014798,0.8860977694940547,0.7035741801425023,0.8729585611848865,0.8977323907528405,0.7290801084829222,0.8434387970120006
996,0.9375250180937513,0.9042162879815694,1.0,1.0,1.0,0.8107497756414207,0.9420818469527902
997,0.6757620524511533,1.0,0.8852372216668949,0.9932715068057301,0.9947251439094996,0.9644703687429707,0.9189110489293747
998,0.44723610542049136,0.9166754950312105,1.0,1.0,0.576502215895235,0.9675506613142002,0.8179940796101896
999,0.7670477041642073,0.8437227204603115,1.0,0.9234294345590469,0.5791380695560788,1.0,0.8522229881232741
1000,1.0,1.0,1.0,1.0,0.5805712173109839,1.0,0.930095202885164
