Num,Q_1,Q_2,Q_3,Q_4,Q_5,Q_6,Q_7,Q_8,Average
1,1.0,1.0,1.0,1.0,1.0,1.0,1.0,1.0,1.0
2,1.0,1.0,1.0,1.0,1.0,1.0,1.0,1.0,1.0
3,1.0,1.0,1.0,1.0,1.0,1.0,1.0,1.0,1.0
4,1.0,1.0,1.0,1.0,1.0,1.0,1.0,1.0,1.0
5,1.0,0.93332974965875,1.0,1.0,1.0,1.0,1.0,1.0,0.9916662187073437
6,1.0,1.0,1.0,1.0,0.9570460935259647,1.0,1.0,1.0,0.9946307616907456
7,1.0,0.9878179944528733,1.0,0.9380479712542916,1.0,1.0,1.0,1.0,0.9907332457133957
8,1.0,1.0,1.0,1.0,1.0,1.0,1.0,1.0,1.0
9,1.0,1.0,1.0,1.0,1.0,1.0,1.0,1.0,1.0
10,1.0,1.0,1.0,1.0,1.0,1.0,1.0,1.0,1.0
11,1.0,1.0,1.0,1.0,1.0,1.0,1.0,1.0,1.0
12,1.0,1.0,1.0,1.0,1.0,1.0,1.0,1.0,1.0
13,1.0,1.0,1.0,1.0,1.0,1.0,1.0,1.0,1.0
14,1.0,1.0,1.0,1.0,1.0,1.0,1.0,1.0,1.0
15,1.0,1.0,1.0,1.0,1.0,1.0,1.0,1.0,1.0
16,1.0,1.0,1.0,1.0,1.0,1.0,1.0,1.0,1.0
17,1.0,1.0,1.0,1.0,1.0,1.0,1.0,1.0,1.0
18,1.0,1.0,0.6039691896362133,1.0,1.0,1.0,1.0,1.0,0.9504961487045267
19,1.0,1.0,1.0,1.0,1.0,1.0,1.0,1.0,1.0
20,1.0,1.0,1.0,0.9945848158489077,1.0,1.0,1.0,1.0,0.9993231019811135
21,1.0,1.0,1.0,0.8969741179468811,1.0,1.0,1.0,1.0,0.9871217647433601
22,1.0,1.0,1.0,1.0,1.0,1.0,1.0,1.0,1.0
23,1.0,1.0,1.0,1.0,1.0,1.0,1.0,1.0,1.0
24,1.0,1.0,1.0,1.0,1.0,1.0,1.0,1.0,1.0
25,1.0,1.0,1.0,1.0,1.0,1.0,1.0,1.0,1.0
26,1.0,1.0,1.0,1.0,1.0,1.0,1.0,1.0,1.0
27,1.0,1.0,1.0,1.0,1.0,1.0,1.0,1.0,1.0
28,1.0,1.0,0.9985619429884879,1.0,1.0,1.0,1.0,1.0,0.999820242873561
29,1.0,1.0,1.0,1.0,1.0,1.0,1.0,1.0,1.0
30,1.0,1.0,1.0,1.0,1.0,1.0,1.0,1.0,1.0
31,1.0,1.0,1.0,1.0,1.0,1.0,1.0,1.0,1.0
32,1.0,1.0,1.0,1.0,1.0,1.0,1.0,1.0,1.0
33,1.0,1.0,1.0,1.0,1.0,1.0,1.0,1.0,1.0
34,1.0,1.0,1.0,1.0,1.0,1.0,1.0,1.0,1.0
35,1.0,1.0,1.0,1.0,1.0,1.0,1.0,1.0,1.0
36,1.0,1.0,1.0,1.0,1.0,1.0,1.0,1.0,1.0
37,1.0,1.0,0.8828239779646794,1.0,1.0,1.0,0.9566384025880263,1.0,0.9799327975690881
38,1.0,1.0,1.0,1.0,1.0,1.0,1.0,1.0,1.0
39,1.0,1.0,1.0,1.0,1.0,1.0,1.0,1.0,1.0
40,0.9473868183453777,1.0,1.0,1.0,1.0,1.0,1.0,1.0,0.9934233522931722
41,1.0,1.0,1.0,1.0,1.0,1.0,1.0,1.0,1.0
42,1.0,1.0,1.0,1.0,1.0,1.0,1.0,1.0,1.0
43,1.0,1.0,1.0,1.0,1.0,1.0,1.0,1.0,1.0
44,1.0,1.0,1.0,1.0,1.0,1.0,1.0,1.0,1.0
45,0.7008234174464818,1.0,1.0,1.0,1.0,1.0,1.0,1.0,0.9626029271808102
46,1.0,1.0,1.0,1.0,1.0,1.0,1.0,1.0,1.0
47,1.0,1.0,1.0,1.0,1.0,1.0,1.0,1.0,1.0
48,1.0,1.0,1.0,1.0,1.0,1.0,1.0,1.0,1.0
49,1.0,1.0,1.0,1.0,1.0,1.0,1.0,1.0,1.0
50,1.0,1.0,1.0,1.0,1.0,1.0,1.0,1.0,1.0
51,1.0,1.0,1.0,1.0,1.0,1.0,1.0,1.0,1.0
52,1.0,1.0,1.0,1.0,1.0,1.0,1.0,1.0,1.0
53,1.0,1.0,1.0,1.0,1.0,1.0,1.0,1.0,1.0
54,1.0,1.0,1.0,1.0,1.0,1.0,1.0,1.0,1.0
55,1.0,1.0,1.0,1.0,1.0,1.0,1.0,1.0,1.0
56,1.0,1.0,1.0,1.0,1.0,1.0,1.0,1.0,1.0
57,1.0,1.0,1.0,1.0,1.0,1.0,1.0,1.0,1.0
58,1.0,1.0,1.0,1.0,1.0,1.0,1.0,1.0,1.0
59,1.0,1.0,1.0,1.0,1.0,1.0,1.0,1.0,1.0
60,1.0,1.0,1.0,1.0,1.0,1.0,1.0,1.0,1.0
61,1.0,1.0,1.0,1.0,1.0,1.0,1.0,1.0,1.0
62,1.0,1.0,1.0,1.0,1.0,1.0,1.0,1.0,1.0
63,1.0,1.0,1.0,1.0,1.0,1.0,1.0,1.0,1.0
64,1.0,1.0,1.0,1.0,1.0,1.0,1.0,1.0,1.0
65,1.0,1.0,1.0,1.0,1.0,1.0,1.0,1.0,1.0
66,1.0,1.0,1.0,1.0,1.0,1.0,1.0,1.0,1.0
67,1.0,1.0,1.0,1.0,1.0,1.0,1.0,1.0,1.0
68,1.0,1.0,1.0,1.0,1.0,1.0,1.0,1.0,1.0
69,1.0,1.0,1.0,0.8301452764756413,1.0,1.0,1.0,1.0,0.9787681595594552
70,1.0,1.0,1.0,1.0,1.0,1.0,1.0,1.0,1.0
71,1.0,1.0,1.0,1.0,1.0,1.0,1.0,1.0,1.0
72,1.0,1.0,1.0,1.0,1.0,1.0,1.0,1.0,1.0
73,1.0,1.0,1.0,1.0,1.0,1.0,1.0,1.0,1.0
74,1.0,1.0,1.0,1.0,1.0,1.0,1.0,1.0,1.0
75,1.0,1.0,1.0,1.0,1.0,1.0,1.0,1.0,1.0
76,1.0,1.0,1.0,1.0,1.0,1.0,1.0,1.0,1.0
77,1.0,1.0,1.0,1.0,1.0,1.0,1.0,1.0,1.0
78,1.0,1.0,1.0,1.0,1.0,1.0,1.0,1.0,1.0
79,1.0,1.0,1.0,1.0,1.0,1.0,1.0,1.0,1.0
80,1.0,1.0,1.0,1.0,1.0,1.0,1.0,1.0,1.0
81,1.0,1.0,1.0,1.0,1.0,1.0,1.0,1.0,1.0
82,1.0,1.0,1.0,0.9998795309870334,1.0,1.0,1.0,1.0,0.9999849413733792
83,1.0,1.0,1.0,1.0,1.0,1.0,1.0,1.0,1.0
84,1.0,1.0,1.0,1.0,1.0,1.0,1.0,1.0,1.0
85,1.0,1.0,1.0,1.0,1.0,1.0,1.0,1.0,1.0
86,1.0,1.0,1.0,1.0,1.0,1.0,1.0,1.0,1.0
87,1.0,0.8984430780237157,1.0,1.0,1.0,0.9947557217001707,1.0,1.0,0.9866498499654858
88,1.0,1.0,1.0,1.0,1.0,1.0,1.0,1.0,1.0
89,1.0,0.8984938725937643,0.9785137438626688,1.0,1.0,1.0,1.0,1.0,0.9846259520570542
90,1.0,1.0,1.0,1.0,1.0,1.0,1.0,1.0,1.0
91,1.0,1.0,1.0,1.0,1.0,1.0,1.0,1.0,1.0
92,1.0,1.0,1.0,0.8885926437415573,1.0,1.0,1.0,1.0,0.9860740804676946
93,1.0,1.0,1.0,1.0,1.0,1.0,1.0,1.0,1.0
94,1.0,1.0,1.0,1.0,0.9956670528066287,1.0,1.0,1.0,0.9994583816008286
95,1.0,1.0,1.0,1.0,1.0,1.0,1.0,1.0,1.0
96,1.0,1.0,1.0,1.0,1.0,1.0,1.0,1.0,1.0
97,1.0,0.9954243090419354,1.0,1.0,1.0,1.0,1.0,1.0,0.9994280386302419
98,1.0,1.0,1.0,1.0,1.0,1.0,1.0,1.0,1.0
99,1.0,1.0,1.0,1.0,1.0,1.0,1.0,1.0,1.0
100,1.0,1.0,1.0,1.0,1.0,1.0,1.0,1.0,1.0
101,1.0,1.0,1.0,1.0,1.0,1.0,1.0,1.0,1.0
102,1.0,1.0,1.0,1.0,1.0,1.0,1.0,1.0,1.0
103,1.0,1.0,1.0,1.0,1.0,1.0,1.0,1.0,1.0
104,1.0,1.0,1.0,1.0,1.0,1.0,1.0,1.0,1.0
105,1.0,1.0,0.9980977722523782,1.0,1.0,1.0,1.0,1.0,0.9997622215315473
106,1.0,1.0,1.0,1.0,1.0,1.0,1.0,1.0,1.0
107,1.0,1.0,1.0,1.0,1.0,1.0,1.0,1.0,1.0
108,1.0,1.0,1.0,1.0,0.998621155806595,1.0,1.0,1.0,0.9998276444758244
109,1.0,1.0,1.0,1.0,1.0,1.0,1.0,1.0,1.0
110,1.0,1.0,1.0,1.0,1.0,1.0,1.0,1.0,1.0
111,1.0,1.0,1.0,1.0,1.0,1.0,1.0,1.0,1.0
112,1.0,1.0,1.0,1.0,1.0,1.0,1.0,1.0,1.0
113,1.0,1.0,1.0,1.0,1.0,1.0,1.0,1.0,1.0
114,1.0,1.0,1.0,1.0,1.0,1.0,1.0,1.0,1.0
115,1.0,1.0,0.9986197696997073,1.0,1.0,1.0,1.0,1.0,0.9998274712124634
116,1.0,1.0,1.0,1.0,1.0,1.0,1.0,1.0,1.0
117,1.0,1.0,1.0,1.0,1.0,1.0,1.0,1.0,1.0
118,1.0,1.0,1.0,1.0,1.0,1.0,1.0,1.0,1.0
119,1.0,1.0,1.0,1.0,1.0,1.0,1.0,1.0,1.0
120,1.0,1.0,1.0,1.0,1.0,1.0,1.0,1.0,1.0
121,1.0,1.0,1.0,0.9653030346817434,1.0,1.0,1.0,1.0,0.9956628793352179
122,1.0,1.0,1.0,1.0,1.0,1.0,1.0,1.0,1.0
123,1.0,1.0,1.0,1.0,1.0,1.0,1.0,1.0,1.0
124,1.0,1.0,1.0,1.0,1.0,1.0,1.0,1.0,1.0
125,1.0,1.0,1.0,1.0,1.0,1.0,1.0,1.0,1.0
126,1.0,1.0,1.0,1.0,1.0,1.0,1.0,1.0,1.0
127,1.0,1.0,1.0,1.0,1.0,1.0,1.0,1.0,1.0
128,1.0,1.0,1.0,1.0,1.0,1.0,1.0,1.0,1.0
129,1.0,1.0,1.0,1.0,1.0,1.0,1.0,1.0,1.0
130,1.0,1.0,1.0,1.0,1.0,1.0,1.0,1.0,1.0
131,1.0,1.0,1.0,1.0,1.0,1.0,1.0,1.0,1.0
132,1.0,1.0,1.0,1.0,1.0,1.0,1.0,1.0,1.0
133,1.0,1.0,1.0,1.0,1.0,1.0,1.0,1.0,1.0
134,1.0,1.0,1.0,1.0,1.0,1.0,1.0,1.0,1.0
135,1.0,1.0,1.0,1.0,1.0,1.0,1.0,1.0,1.0
136,1.0,1.0,1.0,1.0,1.0,1.0,1.0,1.0,1.0
137,1.0,1.0,0.979475019253114,1.0,1.0,1.0,1.0,1.0,0.9974343774066392
138,1.0,1.0,1.0,1.0,1.0,1.0,1.0,1.0,1.0
139,1.0,1.0,1.0,1.0,1.0,1.0,1.0,1.0,1.0
140,1.0,1.0,1.0,1.0,1.0,1.0,1.0,1.0,1.0
141,1.0,1.0,1.0,1.0,1.0,1.0,1.0,1.0,1.0
142,1.0,1.0,1.0,1.0,1.0,1.0,1.0,1.0,1.0
143,1.0,1.0,1.0,1.0,1.0,1.0,1.0,1.0,1.0
144,1.0,1.0,1.0,1.0,1.0,1.0,1.0,1.0,1.0
145,1.0,1.0,1.0,1.0,1.0,1.0,1.0,1.0,1.0
146,1.0,1.0,1.0,1.0,1.0,1.0,1.0,1.0,1.0
147,1.0,1.0,1.0,1.0,1.0,1.0,1.0,1.0,1.0
148,1.0,1.0,1.0,1.0,1.0,1.0,1.0,1.0,1.0
149,1.0,1.0,1.0,1.0,1.0,1.0,1.0,1.0,1.0
150,1.0,1.0,1.0,1.0,1.0,1.0,1.0,1.0,1.0
151,1.0,1.0,1.0,1.0,1.0,1.0,1.0,1.0,1.0
152,1.0,1.0,1.0,1.0,1.0,1.0,1.0,1.0,1.0
153,1.0,1.0,1.0,1.0,1.0,1.0,1.0,1.0,1.0
154,1.0,1.0,1.0,1.0,1.0,1.0,1.0,1.0,1.0
155,1.0,1.0,1.0,1.0,1.0,1.0,1.0,1.0,1.0
156,1.0,1.0,1.0,1.0,1.0,1.0,1.0,1.0,1.0
157,1.0,0.9709668640348076,1.0,1.0,1.0,1.0,1.0,1.0,0.9963708580043509
158,1.0,1.0,1.0,1.0,1.0,1.0,1.0,1.0,1.0
159,1.0,1.0,1.0,1.0,1.0,1.0,1.0,1.0,1.0
160,1.0,1.0,1.0,1.0,1.0,1.0,1.0,1.0,1.0
161,1.0,1.0,1.0,1.0,1.0,1.0,1.0,1.0,1.0
162,1.0,1.0,1.0,1.0,1.0,1.0,1.0,1.0,1.0
163,1.0,1.0,1.0,1.0,1.0,1.0,1.0,1.0,1.0
164,1.0,1.0,1.0,1.0,1.0,1.0,1.0,1.0,1.0
165,1.0,1.0,1.0,0.8711761473699557,1.0,1.0,1.0,1.0,0.9838970184212444
166,1.0,1.0,1.0,0.984128708794365,1.0,1.0,1.0,1.0,0.9980160885992957
167,1.0,1.0,1.0,1.0,1.0,1.0,1.0,1.0,1.0
168,1.0,1.0,1.0,1.0,1.0,1.0,1.0,1.0,1.0
169,1.0,1.0,1.0,1.0,1.0,1.0,1.0,1.0,1.0
170,1.0,1.0,1.0,1.0,1.0,1.0,1.0,1.0,1.0
171,1.0,1.0,1.0,1.0,1.0,1.0,1.0,1.0,1.0
172,1.0,1.0,1.0,1.0,1.0,1.0,1.0,1.0,1.0
173,1.0,1.0,1.0,1.0,1.0,1.0,1.0,1.0,1.0
174,1.0,1.0,1.0,1.0,1.0,1.0,1.0,1.0,1.0
175,1.0,1.0,1.0,1.0,1.0,1.0,1.0,1.0,1.0
176,1.0,1.0,1.0,1.0,1.0,1.0,1.0,1.0,1.0
177,1.0,1.0,1.0,1.0,1.0,1.0,1.0,1.0,1.0
178,1.0,1.0,1.0,1.0,1.0,1.0,1.0,1.0,1.0
179,1.0,1.0,0.97535661079528,1.0,1.0,1.0,1.0,1.0,0.99691957634941
180,1.0,1.0,1.0,1.0,1.0,1.0,1.0,1.0,1.0
181,1.0,1.0,1.0,1.0,1.0,1.0,1.0,1.0,1.0
182,1.0,1.0,1.0,1.0,1.0,1.0,1.0,1.0,1.0
183,1.0,1.0,1.0,1.0,1.0,1.0,1.0,1.0,1.0
184,1.0,1.0,1.0,1.0,1.0,1.0,1.0,1.0,1.0
185,1.0,1.0,1.0,1.0,1.0,1.0,1.0,1.0,1.0
186,1.0,1.0,1.0,1.0,1.0,1.0,1.0,1.0,1.0
187,1.0,0.9685968601628708,1.0,0.9812876622951667,1.0,1.0,1.0,1.0,0.9937355653072547
188,1.0,1.0,1.0,1.0,1.0,1.0,1.0,1.0,1.0
189,1.0,1.0,1.0,1.0,1.0,1.0,1.0,1.0,1.0
190,1.0,1.0,1.0,1.0,1.0,1.0,1.0,1.0,1.0
191,1.0,1.0,1.0,1.0,1.0,1.0,1.0,1.0,1.0
192,1.0,1.0,1.0,1.0,1.0,1.0,1.0,1.0,1.0
193,1.0,1.0,1.0,1.0,1.0,1.0,1.0,1.0,1.0
194,1.0,1.0,1.0,1.0,1.0,1.0,1.0,1.0,1.0
195,1.0,1.0,1.0,1.0,1.0,1.0,1.0,1.0,1.0
196,1.0,1.0,1.0,1.0,1.0,1.0,1.0,1.0,1.0
197,1.0,1.0,1.0,1.0,1.0,1.0,1.0,1.0,1.0
198,1.0,1.0,1.0,1.0,1.0,1.0,1.0,1.0,1.0
199,1.0,1.0,1.0,1.0,1.0,1.0,1.0,1.0,1.0
200,1.0,1.0,1.0,1.0,1.0,1.0,1.0,1.0,1.0
201,1.0,1.0,1.0,1.0,1.0,1.0,1.0,1.0,1.0
202,1.0,1.0,1.0,1.0,1.0,1.0,1.0,1.0,1.0
203,1.0,1.0,1.0,1.0,1.0,1.0,1.0,1.0,1.0
204,1.0,1.0,1.0,1.0,1.0,1.0,1.0,1.0,1.0
205,1.0,1.0,1.0,1.0,1.0,1.0,1.0,1.0,1.0
206,1.0,1.0,1.0,1.0,1.0,0.9941641687941971,1.0,1.0,0.9992705210992746
207,1.0,1.0,1.0,1.0,0.8412880992412565,1.0,1.0,1.0,0.9801610124051571
208,1.0,1.0,1.0,1.0,1.0,1.0,1.0,1.0,1.0
209,1.0,1.0,1.0,1.0,1.0,1.0,1.0,1.0,1.0
210,1.0,1.0,1.0,0.9774495175533893,1.0,1.0,1.0,1.0,0.9971811896941737
211,1.0,1.0,1.0,1.0,1.0,1.0,1.0,1.0,1.0
212,1.0,1.0,1.0,0.985901766497626,1.0,1.0,1.0,1.0,0.9982377208122033
213,1.0,1.0,1.0,1.0,1.0,1.0,1.0,1.0,1.0
214,1.0,1.0,1.0,1.0,1.0,1.0,1.0,1.0,1.0
215,1.0,1.0,1.0,1.0,1.0,1.0,1.0,1.0,1.0
216,1.0,1.0,1.0,1.0,1.0,1.0,1.0,1.0,1.0
217,1.0,1.0,1.0,1.0,1.0,1.0,1.0,1.0,1.0
218,1.0,1.0,1.0,1.0,1.0,1.0,1.0,1.0,1.0
219,1.0,1.0,1.0,1.0,1.0,1.0,1.0,1.0,1.0
220,1.0,1.0,1.0,1.0,1.0,1.0,1.0,1.0,1.0
221,1.0,1.0,1.0,0.9458618057654697,1.0,1.0,1.0,1.0,0.9932327257206837
222,1.0,1.0,1.0,0.9958082446528903,1.0,1.0,1.0,1.0,0.9994760305816113
223,1.0,1.0,1.0,1.0,1.0,1.0,1.0,1.0,1.0
224,1.0,1.0,1.0,1.0,1.0,1.0,1.0,1.0,1.0
225,0.9031884697140219,1.0,1.0,1.0,1.0,1.0,1.0,1.0,0.9878985587142528
226,1.0,1.0,0.9017284668611821,1.0,1.0,1.0,1.0,1.0,0.9877160583576478
227,1.0,1.0,0.9164269760835625,1.0,1.0,1.0,1.0,1.0,0.9895533720104452
228,1.0,1.0,1.0,1.0,1.0,1.0,1.0,1.0,1.0
229,1.0,1.0,1.0,1.0,1.0,1.0,1.0,1.0,1.0
230,1.0,1.0,1.0,0.9321023248687994,1.0,1.0,1.0,1.0,0.9915127906085999
231,1.0,1.0,1.0,1.0,1.0,1.0,1.0,1.0,1.0
232,1.0,1.0,1.0,1.0,1.0,1.0,1.0,1.0,1.0
233,1.0,1.0,1.0,0.9933715384724255,1.0,1.0,1.0,1.0,0.9991714423090532
234,1.0,1.0,1.0,1.0,1.0,1.0,1.0,1.0,1.0
235,1.0,1.0,1.0,1.0,1.0,1.0,1.0,1.0,1.0
236,1.0,1.0,1.0,1.0,1.0,1.0,1.0,1.0,1.0
237,1.0,1.0,1.0,1.0,1.0,1.0,1.0,1.0,1.0
238,1.0,1.0,1.0,1.0,1.0,1.0,1.0,1.0,1.0
239,1.0,1.0,1.0,0.8728649005301384,1.0,1.0,1.0,1.0,0.9841081125662673
240,1.0,1.0,1.0,1.0,1.0,1.0,1.0,1.0,1.0
241,1.0,0.9997117985295367,1.0,1.0,0.9210147466770603,1.0,1.0,1.0,0.9900908181508247
242,1.0,1.0,1.0,1.0,1.0,1.0,1.0,1.0,1.0
243,1.0,1.0,1.0,1.0,1.0,0.9898516189355065,1.0,1.0,0.9987314523669383
244,1.0,1.0,1.0,1.0,1.0,1.0,1.0,1.0,1.0
245,1.0,1.0,1.0,1.0,1.0,1.0,1.0,1.0,1.0
246,1.0,1.0,1.0,1.0,1.0,1.0,1.0,1.0,1.0
247,1.0,1.0,1.0,1.0,1.0,1.0,1.0,1.0,1.0
248,1.0,1.0,1.0,0.9995450855871884,1.0,1.0,1.0,1.0,0.9999431356983985
249,1.0,1.0,1.0,0.9832781532691511,1.0,1.0,1.0,1.0,0.9979097691586438
250,1.0,1.0,1.0,1.0,1.0,1.0,1.0,1.0,1.0
251,1.0,1.0,1.0,1.0,1.0,1.0,1.0,1.0,1.0
252,1.0,1.0,1.0,1.0,1.0,1.0,1.0,1.0,1.0
253,1.0,1.0,1.0,1.0,1.0,1.0,1.0,1.0,1.0
254,1.0,1.0,1.0,1.0,1.0,1.0,1.0,1.0,1.0
255,1.0,1.0,1.0,1.0,1.0,1.0,1.0,1.0,1.0
256,1.0,1.0,1.0,1.0,1.0,1.0,1.0,1.0,1.0
257,1.0,1.0,1.0,1.0,1.0,1.0,1.0,1.0,1.0
258,1.0,1.0,1.0,1.0,1.0,1.0,1.0,1.0,1.0
259,1.0,1.0,1.0,1.0,1.0,1.0,1.0,1.0,1.0
260,1.0,1.0,1.0,1.0,1.0,1.0,1.0,1.0,1.0
261,1.0,1.0,1.0,1.0,1.0,1.0,1.0,1.0,1.0
262,1.0,1.0,1.0,1.0,1.0,1.0,1.0,1.0,1.0
263,1.0,1.0,1.0,1.0,1.0,1.0,1.0,1.0,1.0
264,1.0,1.0,1.0,1.0,1.0,1.0,1.0,1.0,1.0
265,1.0,1.0,1.0,1.0,1.0,1.0,1.0,1.0,1.0
266,1.0,1.0,1.0,1.0,1.0,1.0,1.0,1.0,1.0
267,1.0,1.0,1.0,0.9104332311718262,1.0,1.0,1.0,1.0,0.9888041538964782
268,1.0,1.0,1.0,1.0,1.0,1.0,1.0,1.0,1.0
269,1.0,1.0,1.0,1.0,1.0,1.0,1.0,1.0,1.0
270,1.0,1.0,1.0,1.0,1.0,1.0,1.0,1.0,1.0
271,1.0,1.0,1.0,1.0,1.0,1.0,1.0,1.0,1.0
272,1.0,1.0,1.0,1.0,1.0,1.0,1.0,1.0,1.0
273,1.0,1.0,1.0,1.0,1.0,1.0,1.0,1.0,1.0
274,1.0,1.0,1.0,1.0,1.0,1.0,1.0,1.0,1.0
275,1.0,1.0,1.0,1.0,1.0,1.0,1.0,1.0,1.0
276,1.0,1.0,1.0,1.0,1.0,1.0,1.0,1.0,1.0
277,1.0,1.0,1.0,1.0,1.0,1.0,1.0,1.0,1.0
278,1.0,1.0,1.0,1.0,1.0,1.0,1.0,1.0,1.0
279,1.0,1.0,1.0,1.0,1.0,1.0,1.0,1.0,1.0
280,1.0,1.0,1.0,1.0,1.0,1.0,1.0,1.0,1.0
281,1.0,1.0,1.0,1.0,1.0,1.0,1.0,1.0,1.0
282,1.0,1.0,1.0,1.0,1.0,1.0,1.0,1.0,1.0
283,1.0,1.0,1.0,1.0,1.0,1.0,1.0,1.0,1.0
284,1.0,1.0,1.0,1.0,1.0,1.0,1.0,1.0,1.0
285,1.0,1.0,1.0,1.0,1.0,1.0,1.0,1.0,1.0
286,1.0,1.0,1.0,1.0,1.0,1.0,1.0,1.0,1.0
287,1.0,1.0,1.0,1.0,1.0,1.0,1.0,1.0,1.0
288,1.0,1.0,1.0,1.0,1.0,1.0,1.0,1.0,1.0
289,1.0,1.0,1.0,1.0,1.0,1.0,1.0,1.0,1.0
290,1.0,1.0,1.0,1.0,1.0,1.0,1.0,1.0,1.0
291,1.0,1.0,1.0,0.874445887678472,1.0,1.0,1.0,1.0,0.984305735959809
292,1.0,1.0,1.0,1.0,1.0,1.0,1.0,1.0,1.0
293,1.0,1.0,1.0,1.0,1.0,1.0,1.0,1.0,1.0
294,1.0,1.0,1.0,1.0,1.0,1.0,1.0,1.0,1.0
295,1.0,1.0,1.0,1.0,1.0,1.0,1.0,1.0,1.0
296,1.0,1.0,1.0,1.0,1.0,1.0,1.0,1.0,1.0
297,1.0,1.0,1.0,1.0,0.8694483619474684,1.0,1.0,1.0,0.9836810452434336
298,1.0,1.0,1.0,1.0,1.0,1.0,1.0,1.0,1.0
299,1.0,1.0,1.0,1.0,1.0,1.0,1.0,1.0,1.0
300,1.0,1.0,1.0,1.0,1.0,1.0,1.0,1.0,1.0
301,1.0,1.0,1.0,1.0,1.0,1.0,1.0,1.0,1.0
302,1.0,1.0,1.0,0.7896685506644469,1.0,1.0,1.0,1.0,0.9737085688330558
303,1.0,1.0,1.0,0.7082863990636862,1.0,1.0,1.0,1.0,0.9635357998829608
304,1.0,1.0,1.0,0.9898361319089586,0.8293060712740784,1.0,1.0,1.0,0.9773927753978796
305,1.0,1.0,1.0,1.0,1.0,1.0,1.0,1.0,1.0
306,1.0,1.0,1.0,0.8875050155153482,0.8938971691855867,1.0,1.0,1.0,0.9726752730876168
307,1.0,1.0,1.0,1.0,1.0,1.0,1.0,1.0,1.0
308,1.0,1.0,1.0,1.0,1.0,1.0,1.0,1.0,1.0
309,1.0,1.0,1.0,1.0,1.0,1.0,1.0,1.0,1.0
310,1.0,1.0,1.0,0.9509066023928939,1.0,1.0,1.0,1.0,0.9938633252991118
311,1.0,1.0,1.0,1.0,1.0,1.0,1.0,1.0,1.0
312,1.0,1.0,0.8568811593906122,1.0,1.0,1.0,1.0,1.0,0.9821101449238265
313,1.0,1.0,1.0,1.0,1.0,1.0,1.0,1.0,1.0
314,1.0,1.0,1.0,1.0,1.0,1.0,1.0,1.0,1.0
315,1.0,1.0,1.0,1.0,1.0,1.0,1.0,1.0,1.0
316,1.0,1.0,1.0,1.0,1.0,1.0,1.0,1.0,1.0
317,1.0,1.0,1.0,1.0,1.0,1.0,1.0,1.0,1.0
318,0.7773915333359265,1.0,1.0,1.0,1.0,1.0,1.0,1.0,0.9721739416669908
319,1.0,1.0,1.0,1.0,1.0,1.0,1.0,1.0,1.0
320,1.0,1.0,1.0,1.0,1.0,1.0,1.0,1.0,1.0
321,1.0,1.0,1.0,1.0,1.0,1.0,1.0,1.0,1.0
322,1.0,1.0,1.0,1.0,1.0,1.0,1.0,1.0,1.0
323,0.9848922578539402,1.0,1.0,1.0,0.9476825894633295,1.0,1.0,1.0,0.9915718559146587
324,1.0,1.0,1.0,1.0,1.0,1.0,1.0,1.0,1.0
325,1.0,1.0,1.0,1.0,1.0,1.0,1.0,1.0,1.0
326,1.0,1.0,1.0,1.0,1.0,1.0,1.0,1.0,1.0
327,1.0,1.0,1.0,0.89322541865696,1.0,1.0,1.0,1.0,0.98665317733212
328,1.0,1.0,1.0,1.0,1.0,1.0,1.0,1.0,1.0
329,1.0,1.0,1.0,1.0,1.0,1.0,1.0,1.0,1.0
330,1.0,1.0,1.0,1.0,1.0,1.0,1.0,1.0,1.0
331,1.0,1.0,1.0,1.0,1.0,1.0,1.0,1.0,1.0
332,1.0,1.0,1.0,1.0,1.0,1.0,1.0,1.0,1.0
333,1.0,1.0,1.0,1.0,1.0,1.0,1.0,1.0,1.0
334,1.0,1.0,1.0,1.0,1.0,1.0,0.8907359379661477,1.0,0.9863419922457685
335,1.0,1.0,1.0,1.0,1.0,1.0,1.0,1.0,1.0
336,1.0,1.0,1.0,1.0,1.0,1.0,1.0,1.0,1.0
337,1.0,1.0,1.0,1.0,1.0,0.7544091062390716,1.0,1.0,0.969301138279884
338,1.0,1.0,1.0,1.0,1.0,1.0,1.0,1.0,1.0
339,1.0,1.0,1.0,1.0,1.0,1.0,1.0,1.0,1.0
340,1.0,1.0,1.0,0.9427639431497035,1.0,1.0,1.0,1.0,0.9928454928937129
341,1.0,1.0,1.0,1.0,1.0,1.0,1.0,1.0,1.0
342,1.0,1.0,1.0,1.0,1.0,1.0,1.0,1.0,1.0
343,1.0,1.0,1.0,1.0,1.0,1.0,1.0,1.0,1.0
344,1.0,1.0,1.0,1.0,1.0,1.0,1.0,1.0,1.0
345,1.0,1.0,1.0,1.0,1.0,1.0,1.0,1.0,1.0
346,1.0,1.0,1.0,1.0,1.0,1.0,1.0,1.0,1.0
347,1.0,1.0,1.0,1.0,1.0,1.0,1.0,1.0,1.0
348,1.0,1.0,1.0,1.0,1.0,1.0,1.0,1.0,1.0
349,1.0,1.0,1.0,1.0,1.0,1.0,1.0,1.0,1.0
350,1.0,1.0,1.0,0.8480973898165483,1.0,1.0,1.0,1.0,0.9810121737270685
351,1.0,1.0,1.0,1.0,1.0,1.0,1.0,1.0,1.0
352,1.0,1.0,1.0,1.0,1.0,1.0,1.0,1.0,1.0
353,1.0,1.0,1.0,1.0,1.0,1.0,1.0,1.0,1.0
354,1.0,1.0,1.0,1.0,1.0,1.0,1.0,1.0,1.0
355,1.0,1.0,1.0,1.0,1.0,1.0,1.0,1.0,1.0
356,1.0,1.0,1.0,1.0,1.0,1.0,1.0,1.0,1.0
357,1.0,1.0,1.0,1.0,1.0,1.0,1.0,1.0,1.0
358,1.0,1.0,1.0,0.8574594221071588,1.0,1.0,1.0,1.0,0.9821824277633948
359,1.0,1.0,1.0,1.0,1.0,1.0,1.0,1.0,1.0
360,1.0,1.0,1.0,1.0,1.0,1.0,1.0,1.0,1.0
361,1.0,1.0,1.0,1.0,1.0,1.0,1.0,1.0,1.0
362,1.0,1.0,1.0,1.0,1.0,1.0,1.0,1.0,1.0
363,1.0,1.0,1.0,1.0,1.0,1.0,1.0,1.0,1.0
364,1.0,1.0,1.0,1.0,1.0,1.0,1.0,1.0,1.0
365,1.0,1.0,1.0,1.0,1.0,1.0,1.0,1.0,1.0
366,1.0,0.9893044956487448,1.0,1.0,0.9793369830725075,1.0,1.0,1.0,0.9960801848401566
367,1.0,1.0,1.0,1.0,1.0,1.0,1.0,1.0,1.0
368,1.0,1.0,1.0,1.0,1.0,1.0,1.0,1.0,1.0
369,1.0,1.0,1.0,1.0,1.0,1.0,1.0,1.0,1.0
370,1.0,1.0,1.0,1.0,1.0,1.0,1.0,1.0,1.0
371,1.0,1.0,1.0,0.9561651744788776,1.0,1.0,1.0,1.0,0.9945206468098597
372,1.0,1.0,1.0,1.0,1.0,1.0,1.0,1.0,1.0
373,1.0,1.0,1.0,1.0,1.0,1.0,1.0,1.0,1.0
374,1.0,1.0,1.0,1.0,1.0,1.0,1.0,1.0,1.0
375,1.0,1.0,1.0,1.0,1.0,1.0,1.0,1.0,1.0
376,1.0,1.0,1.0,1.0,1.0,1.0,1.0,1.0,1.0
377,1.0,1.0,1.0,1.0,1.0,1.0,1.0,1.0,1.0
378,1.0,1.0,1.0,1.0,1.0,1.0,1.0,1.0,1.0
379,1.0,1.0,1.0,1.0,1.0,1.0,1.0,1.0,1.0
380,1.0,1.0,1.0,1.0,1.0,1.0,1.0,1.0,1.0
381,1.0,1.0,1.0,1.0,0.9839023826640688,1.0,1.0,1.0,0.9979877978330086
382,1.0,1.0,0.8909923077477583,1.0,1.0,1.0,1.0,1.0,0.9863740384684698
383,1.0,1.0,1.0,1.0,1.0,1.0,1.0,1.0,1.0
384,1.0,1.0,1.0,1.0,1.0,1.0,1.0,1.0,1.0
385,1.0,1.0,1.0,1.0,1.0,1.0,1.0,1.0,1.0
386,1.0,1.0,1.0,1.0,1.0,1.0,1.0,1.0,1.0
387,1.0,1.0,1.0,1.0,1.0,1.0,1.0,1.0,1.0
388,1.0,1.0,0.8947673447608921,1.0,1.0,1.0,1.0,1.0,0.9868459180951115
389,1.0,1.0,1.0,1.0,1.0,1.0,1.0,1.0,1.0
390,1.0,1.0,1.0,1.0,1.0,1.0,1.0,1.0,1.0
391,1.0,1.0,1.0,1.0,1.0,1.0,0.9301636356905271,1.0,0.9912704544613159
392,1.0,1.0,1.0,1.0,1.0,1.0,1.0,1.0,1.0
393,1.0,1.0,0.996909108716475,1.0,1.0,1.0,1.0,1.0,0.9996136385895593
394,1.0,1.0,1.0,1.0,1.0,1.0,1.0,1.0,1.0
395,1.0,1.0,1.0,1.0,1.0,1.0,1.0,1.0,1.0
396,1.0,1.0,1.0,1.0,1.0,1.0,1.0,1.0,1.0
397,1.0,1.0,1.0,1.0,1.0,1.0,1.0,1.0,1.0
398,1.0,1.0,1.0,1.0,1.0,1.0,1.0,1.0,1.0
399,1.0,1.0,1.0,1.0,1.0,1.0,1.0,1.0,1.0
400,1.0,1.0,1.0,1.0,1.0,1.0,1.0,1.0,1.0
401,1.0,1.0,1.0,1.0,1.0,1.0,1.0,1.0,1.0
402,1.0,1.0,1.0,1.0,1.0,1.0,1.0,1.0,1.0
403,1.0,1.0,1.0,0.861559391013555,1.0,1.0,1.0,1.0,0.9826949238766944
404,1.0,1.0,1.0,1.0,1.0,1.0,1.0,1.0,1.0
405,1.0,0.9911488769115129,1.0,1.0,1.0,1.0,1.0,1.0,0.9988936096139391
406,1.0,1.0,1.0,1.0,1.0,1.0,1.0,1.0,1.0
407,1.0,1.0,1.0,1.0,1.0,1.0,1.0,1.0,1.0
408,1.0,1.0,1.0,1.0,1.0,1.0,1.0,1.0,1.0
409,1.0,1.0,1.0,1.0,1.0,1.0,1.0,1.0,1.0
410,1.0,1.0,1.0,1.0,1.0,1.0,1.0,1.0,1.0
411,1.0,1.0,1.0,1.0,1.0,1.0,1.0,1.0,1.0
412,1.0,1.0,1.0,1.0,1.0,1.0,1.0,1.0,1.0
413,1.0,1.0,1.0,1.0,1.0,1.0,1.0,1.0,1.0
414,1.0,1.0,1.0,1.0,1.0,1.0,1.0,1.0,1.0
415,1.0,0.8751382555081796,1.0,1.0,1.0,1.0,1.0,1.0,0.9843922819385225
416,1.0,1.0,1.0,1.0,1.0,1.0,1.0,1.0,1.0
417,1.0,1.0,1.0,1.0,1.0,1.0,1.0,1.0,1.0
418,1.0,1.0,1.0,1.0,1.0,1.0,1.0,1.0,1.0
419,1.0,1.0,1.0,1.0,1.0,1.0,1.0,1.0,1.0
420,1.0,1.0,1.0,0.9761494388024924,1.0,1.0,1.0,1.0,0.9970186798503116
421,1.0,1.0,1.0,1.0,1.0,1.0,1.0,1.0,1.0
422,1.0,1.0,1.0,1.0,1.0,1.0,1.0,1.0,1.0
423,1.0,1.0,1.0,0.9840870046135378,1.0,1.0,1.0,1.0,0.9980108755766922
424,1.0,1.0,1.0,1.0,1.0,1.0,1.0,1.0,1.0
425,1.0,1.0,1.0,1.0,1.0,1.0,1.0,1.0,1.0
426,1.0,1.0,1.0,1.0,1.0,1.0,1.0,1.0,1.0
427,1.0,1.0,1.0,1.0,1.0,1.0,1.0,1.0,1.0
428,1.0,1.0,1.0,1.0,1.0,1.0,1.0,1.0,1.0
429,1.0,0.9981942074550609,1.0,1.0,1.0,1.0,1.0,1.0,0.9997742759318826
430,1.0,1.0,1.0,1.0,1.0,1.0,1.0,1.0,1.0
431,1.0,1.0,1.0,1.0,1.0,1.0,1.0,1.0,1.0
432,1.0,0.878971090483385,1.0,1.0,1.0,1.0,1.0,1.0,0.9848713863104231
433,1.0,1.0,1.0,1.0,1.0,1.0,1.0,1.0,1.0
434,1.0,1.0,0.9990372219019007,1.0,1.0,1.0,1.0,1.0,0.9998796527377376
435,1.0,1.0,1.0,1.0,1.0,1.0,1.0,1.0,1.0
436,1.0,1.0,0.9050374909954959,1.0,1.0,1.0,1.0,1.0,0.988129686374437
437,1.0,1.0,1.0,1.0,1.0,1.0,1.0,1.0,1.0
438,1.0,1.0,1.0,1.0,1.0,1.0,1.0,1.0,1.0
439,1.0,1.0,1.0,1.0,1.0,1.0,1.0,1.0,1.0
440,1.0,1.0,1.0,1.0,1.0,1.0,1.0,1.0,1.0
441,1.0,0.9976399001107045,1.0,1.0,1.0,1.0,1.0,1.0,0.9997049875138381
442,1.0,1.0,1.0,1.0,1.0,1.0,1.0,1.0,1.0
443,1.0,1.0,1.0,1.0,1.0,1.0,1.0,1.0,1.0
444,1.0,1.0,1.0,0.8301824769924573,1.0,1.0,1.0,1.0,0.9787728096240571
445,1.0,1.0,1.0,1.0,1.0,1.0,1.0,1.0,1.0
446,1.0,0.7874860300445957,1.0,1.0,1.0,1.0,1.0,1.0,0.9734357537555745
447,1.0,1.0,1.0,1.0,1.0,1.0,1.0,1.0,1.0
448,1.0,1.0,1.0,1.0,1.0,1.0,1.0,1.0,1.0
449,1.0,1.0,1.0,1.0,1.0,1.0,1.0,1.0,1.0
450,1.0,1.0,1.0,1.0,1.0,1.0,1.0,1.0,1.0
451,1.0,1.0,1.0,1.0,1.0,1.0,1.0,1.0,1.0
452,1.0,1.0,1.0,1.0,1.0,1.0,1.0,1.0,1.0
453,1.0,1.0,1.0,1.0,1.0,1.0,1.0,1.0,1.0
454,1.0,1.0,1.0,1.0,1.0,1.0,1.0,1.0,1.0
455,1.0,1.0,1.0,1.0,1.0,1.0,1.0,1.0,1.0
456,1.0,1.0,1.0,0.9764607195751274,1.0,1.0,1.0,1.0,0.997057589946891
457,1.0,1.0,1.0,1.0,1.0,1.0,1.0,1.0,1.0
458,1.0,1.0,1.0,1.0,1.0,1.0,1.0,1.0,1.0
459,1.0,1.0,0.9430684580508608,1.0,1.0,1.0,1.0,1.0,0.9928835572563576
460,1.0,1.0,1.0,1.0,1.0,1.0,1.0,1.0,1.0
461,1.0,1.0,1.0,1.0,1.0,1.0,1.0,1.0,1.0
462,1.0,1.0,1.0,1.0,1.0,1.0,1.0,1.0,1.0
463,1.0,1.0,1.0,1.0,1.0,1.0,1.0,1.0,1.0
464,1.0,1.0,1.0,1.0,1.0,1.0,1.0,1.0,1.0
465,1.0,1.0,1.0,0.9729619131822947,1.0,1.0,1.0,1.0,0.9966202391477869
466,1.0,1.0,1.0,1.0,1.0,1.0,1.0,1.0,1.0
467,1.0,1.0,1.0,1.0,1.0,1.0,1.0,1.0,1.0
468,1.0,1.0,1.0,1.0,1.0,1.0,1.0,1.0,1.0
469,1.0,1.0,1.0,1.0,1.0,1.0,1.0,1.0,1.0
470,1.0,1.0,1.0,1.0,1.0,1.0,1.0,1.0,1.0
471,1.0,1.0,0.977464470537525,1.0,1.0,1.0,1.0,1.0,0.9971830588171906
472,1.0,1.0,1.0,1.0,0.9695323048398548,1.0,1.0,1.0,0.9961915381049818
473,1.0,1.0,1.0,1.0,1.0,1.0,1.0,1.0,1.0
474,1.0,1.0,1.0,0.8178904547448239,1.0,1.0,1.0,1.0,0.9772363068431029
475,1.0,1.0,1.0,1.0,1.0,1.0,1.0,1.0,1.0
476,1.0,1.0,1.0,1.0,0.9516048936263815,1.0,1.0,1.0,0.9939506117032977
477,1.0,1.0,1.0,1.0,1.0,1.0,1.0,1.0,1.0
478,1.0,1.0,1.0,1.0,1.0,1.0,1.0,1.0,1.0
479,1.0,1.0,1.0,1.0,1.0,1.0,1.0,1.0,1.0
480,1.0,1.0,1.0,1.0,0.9823071012648885,1.0,1.0,1.0,0.9977883876581111
481,1.0,1.0,1.0,1.0,1.0,1.0,1.0,1.0,1.0
482,1.0,1.0,1.0,1.0,1.0,1.0,1.0,1.0,1.0
483,1.0,1.0,1.0,1.0,1.0,0.9867247081134569,1.0,1.0,0.9983405885141821
484,1.0,1.0,1.0,1.0,1.0,1.0,1.0,1.0,1.0
485,1.0,1.0,1.0,1.0,0.9996295833669822,1.0,1.0,1.0,0.9999536979208727
486,1.0,1.0,1.0,1.0,1.0,1.0,1.0,1.0,1.0
487,1.0,1.0,1.0,1.0,1.0,1.0,1.0,1.0,1.0
488,1.0,1.0,1.0,1.0,1.0,1.0,1.0,1.0,1.0
489,1.0,1.0,1.0,0.8958335974333428,1.0,1.0,1.0,1.0,0.9869791996791679
490,1.0,1.0,1.0,1.0,1.0,1.0,1.0,1.0,1.0
491,1.0,1.0,1.0,1.0,1.0,1.0,1.0,1.0,1.0
492,0.9594306477407185,1.0,1.0,1.0,1.0,1.0,1.0,1.0,0.9949288309675899
493,1.0,0.9758102807519514,1.0,1.0,1.0,1.0,1.0,1.0,0.9969762850939939
494,1.0,1.0,1.0,1.0,1.0,1.0,1.0,1.0,1.0
495,1.0,1.0,1.0,1.0,1.0,1.0,1.0,1.0,1.0
496,1.0,1.0,1.0,1.0,1.0,1.0,1.0,1.0,1.0
497,1.0,1.0,1.0,1.0,1.0,1.0,1.0,1.0,1.0
498,1.0,1.0,1.0,1.0,1.0,1.0,1.0,1.0,1.0
499,1.0,1.0,1.0,1.0,1.0,1.0,1.0,1.0,1.0
500,1.0,1.0,1.0,1.0,1.0,1.0,1.0,1.0,1.0
501,1.0,1.0,1.0,1.0,1.0,1.0,1.0,1.0,1.0
502,1.0,1.0,1.0,1.0,1.0,1.0,1.0,1.0,1.0
503,1.0,1.0,1.0,1.0,1.0,1.0,1.0,1.0,1.0
504,1.0,1.0,1.0,1.0,1.0,1.0,1.0,1.0,1.0
505,1.0,1.0,1.0,1.0,1.0,1.0,1.0,1.0,1.0
506,1.0,1.0,1.0,1.0,1.0,1.0,1.0,1.0,1.0
507,1.0,1.0,1.0,1.0,1.0,1.0,1.0,1.0,1.0
508,1.0,1.0,1.0,1.0,1.0,1.0,1.0,1.0,1.0
509,1.0,1.0,1.0,1.0,1.0,1.0,1.0,1.0,1.0
510,1.0,1.0,1.0,1.0,1.0,1.0,1.0,1.0,1.0
511,1.0,1.0,1.0,1.0,1.0,1.0,1.0,1.0,1.0
512,1.0,1.0,1.0,1.0,1.0,1.0,1.0,1.0,1.0
513,1.0,1.0,1.0,1.0,1.0,1.0,1.0,1.0,1.0
514,1.0,1.0,1.0,1.0,1.0,1.0,1.0,1.0,1.0
515,1.0,1.0,1.0,1.0,1.0,1.0,1.0,1.0,1.0
516,1.0,1.0,1.0,1.0,1.0,1.0,1.0,1.0,1.0
517,1.0,1.0,1.0,1.0,1.0,1.0,1.0,1.0,1.0
518,1.0,1.0,1.0,1.0,1.0,1.0,1.0,1.0,1.0
519,1.0,1.0,1.0,1.0,1.0,1.0,1.0,1.0,1.0
520,1.0,1.0,1.0,1.0,1.0,1.0,1.0,1.0,1.0
521,1.0,1.0,1.0,1.0,1.0,1.0,1.0,1.0,1.0
522,1.0,1.0,1.0,0.9862556509961748,1.0,1.0,1.0,1.0,0.9982819563745219
523,1.0,1.0,1.0,1.0,1.0,1.0,1.0,1.0,1.0
524,1.0,1.0,1.0,1.0,1.0,1.0,1.0,1.0,1.0
525,1.0,1.0,1.0,0.9847714486791116,1.0,1.0,1.0,1.0,0.998096431084889
526,1.0,0.9489947764468495,1.0,1.0,1.0,1.0,1.0,1.0,0.9936243470558561
527,1.0,1.0,1.0,1.0,1.0,1.0,1.0,1.0,1.0
528,1.0,1.0,1.0,1.0,1.0,1.0,1.0,1.0,1.0
529,1.0,1.0,1.0,1.0,1.0,1.0,1.0,1.0,1.0
530,1.0,1.0,1.0,1.0,1.0,1.0,1.0,1.0,1.0
531,1.0,1.0,1.0,0.9065761756742792,1.0,1.0,1.0,1.0,0.9883220219592849
532,1.0,1.0,1.0,1.0,1.0,1.0,1.0,1.0,1.0
533,1.0,0.5578921926416166,1.0,1.0,1.0,1.0,1.0,1.0,0.9447365240802021
534,1.0,1.0,1.0,1.0,1.0,1.0,1.0,1.0,1.0
535,1.0,1.0,1.0,1.0,1.0,1.0,1.0,1.0,1.0
536,1.0,1.0,1.0,0.9923373037989631,1.0,1.0,1.0,1.0,0.9990421629748704
537,1.0,1.0,1.0,1.0,1.0,1.0,1.0,1.0,1.0
538,1.0,1.0,1.0,1.0,1.0,1.0,1.0,1.0,1.0
539,1.0,1.0,1.0,1.0,1.0,1.0,1.0,1.0,1.0
540,1.0,1.0,1.0,1.0,1.0,1.0,1.0,1.0,1.0
541,1.0,1.0,1.0,1.0,1.0,1.0,1.0,1.0,1.0
542,1.0,1.0,1.0,1.0,1.0,1.0,1.0,1.0,1.0
543,1.0,1.0,1.0,1.0,0.977282868536475,1.0,1.0,1.0,0.9971603585670594
544,1.0,1.0,1.0,1.0,1.0,1.0,1.0,1.0,1.0
545,1.0,1.0,1.0,1.0,1.0,1.0,1.0,1.0,1.0
546,1.0,1.0,1.0,1.0,0.8656906793942951,1.0,1.0,1.0,0.9832113349242869
547,1.0,1.0,1.0,1.0,0.9815876999968148,1.0,1.0,1.0,0.9976984624996018
548,1.0,1.0,1.0,1.0,1.0,1.0,1.0,1.0,1.0
549,1.0,1.0,1.0,1.0,1.0,1.0,1.0,1.0,1.0
550,1.0,1.0,1.0,1.0,0.9586961026604897,1.0,1.0,1.0,0.9948370128325612
551,1.0,1.0,1.0,1.0,1.0,1.0,1.0,1.0,1.0
552,1.0,1.0,1.0,1.0,1.0,1.0,1.0,1.0,1.0
553,1.0,1.0,1.0,1.0,1.0,1.0,1.0,1.0,1.0
554,1.0,1.0,1.0,1.0,1.0,1.0,1.0,1.0,1.0
555,1.0,1.0,1.0,1.0,1.0,1.0,1.0,1.0,1.0
556,1.0,1.0,1.0,1.0,1.0,1.0,1.0,1.0,1.0
557,1.0,1.0,1.0,1.0,1.0,1.0,1.0,1.0,1.0
558,1.0,1.0,1.0,1.0,1.0,1.0,1.0,1.0,1.0
559,1.0,1.0,1.0,1.0,1.0,1.0,1.0,1.0,1.0
560,1.0,1.0,1.0,1.0,1.0,1.0,1.0,1.0,1.0
561,1.0,1.0,1.0,1.0,1.0,1.0,1.0,1.0,1.0
562,1.0,1.0,1.0,1.0,1.0,1.0,1.0,1.0,1.0
563,1.0,1.0,1.0,1.0,1.0,1.0,1.0,1.0,1.0
564,1.0,1.0,1.0,1.0,1.0,1.0,1.0,1.0,1.0
565,1.0,1.0,1.0,1.0,1.0,1.0,1.0,1.0,1.0
566,1.0,1.0,1.0,1.0,1.0,1.0,1.0,1.0,1.0
567,1.0,1.0,1.0,1.0,1.0,1.0,1.0,1.0,1.0
568,1.0,1.0,1.0,1.0,1.0,1.0,1.0,1.0,1.0
569,1.0,1.0,1.0,1.0,1.0,1.0,1.0,1.0,1.0
570,1.0,1.0,1.0,1.0,1.0,1.0,1.0,1.0,1.0
571,1.0,1.0,1.0,1.0,1.0,1.0,1.0,1.0,1.0
572,1.0,1.0,1.0,1.0,1.0,1.0,1.0,1.0,1.0
573,1.0,1.0,1.0,1.0,1.0,1.0,1.0,1.0,1.0
574,1.0,1.0,1.0,1.0,1.0,1.0,1.0,1.0,1.0
575,1.0,1.0,1.0,0.8450681669688452,1.0,1.0,1.0,1.0,0.9806335208711057
576,1.0,1.0,1.0,1.0,1.0,1.0,1.0,1.0,1.0
577,1.0,1.0,1.0,1.0,1.0,1.0,1.0,1.0,1.0
578,1.0,1.0,1.0,1.0,1.0,1.0,1.0,1.0,1.0
579,1.0,1.0,1.0,1.0,1.0,1.0,1.0,1.0,1.0
580,1.0,1.0,1.0,1.0,1.0,1.0,1.0,1.0,1.0
581,1.0,1.0,1.0,1.0,1.0,1.0,1.0,1.0,1.0
582,1.0,1.0,1.0,1.0,1.0,1.0,1.0,1.0,1.0
583,1.0,1.0,1.0,1.0,1.0,1.0,1.0,1.0,1.0
584,1.0,1.0,1.0,1.0,1.0,1.0,1.0,1.0,1.0
585,1.0,1.0,1.0,1.0,1.0,1.0,1.0,1.0,1.0
586,1.0,1.0,1.0,1.0,1.0,1.0,1.0,1.0,1.0
587,1.0,1.0,1.0,1.0,1.0,1.0,1.0,1.0,1.0
588,1.0,1.0,1.0,0.9323556526307858,1.0,1.0,1.0,1.0,0.9915444565788483
589,1.0,1.0,0.823544567862514,1.0,1.0,1.0,1.0,1.0,0.9779430709828143
590,1.0,1.0,1.0,1.0,1.0,1.0,1.0,1.0,1.0
591,1.0,1.0,1.0,0.8752577861930599,1.0,1.0,1.0,1.0,0.9844072232741325
592,1.0,1.0,1.0,1.0,1.0,1.0,1.0,1.0,1.0
593,1.0,1.0,1.0,1.0,1.0,1.0,1.0,1.0,1.0
594,1.0,1.0,1.0,1.0,1.0,1.0,1.0,1.0,1.0
595,1.0,1.0,1.0,1.0,1.0,1.0,1.0,1.0,1.0
596,1.0,1.0,1.0,1.0,1.0,1.0,1.0,1.0,1.0
597,1.0,1.0,1.0,1.0,0.9403216741775892,0.9584234886805805,1.0,1.0,0.9873431453572712
598,1.0,1.0,1.0,1.0,1.0,1.0,1.0,1.0,1.0
599,1.0,1.0,1.0,1.0,1.0,1.0,1.0,1.0,1.0
600,1.0,1.0,1.0,1.0,1.0,1.0,1.0,1.0,1.0
601,1.0,1.0,1.0,1.0,1.0,1.0,1.0,1.0,1.0
602,1.0,1.0,1.0,1.0,1.0,1.0,1.0,1.0,1.0
603,1.0,1.0,1.0,1.0,1.0,1.0,1.0,1.0,1.0
604,1.0,1.0,0.9659176022043262,1.0,1.0,1.0,1.0,1.0,0.9957397002755408
605,1.0,1.0,1.0,1.0,1.0,1.0,1.0,1.0,1.0
606,1.0,1.0,1.0,1.0,1.0,1.0,1.0,1.0,1.0
607,1.0,1.0,1.0,0.9902019621488616,1.0,1.0,1.0,1.0,0.9987752452686077
608,1.0,1.0,1.0,1.0,1.0,1.0,1.0,1.0,1.0
609,1.0,1.0,1.0,1.0,1.0,1.0,1.0,1.0,1.0
610,1.0,1.0,1.0,1.0,1.0,1.0,1.0,1.0,1.0
611,1.0,1.0,0.9403421194179014,1.0,1.0,1.0,1.0,1.0,0.9925427649272377
612,1.0,1.0,1.0,1.0,1.0,1.0,1.0,1.0,1.0
613,1.0,1.0,1.0,1.0,1.0,1.0,1.0,1.0,1.0
614,1.0,1.0,1.0,1.0,1.0,1.0,1.0,1.0,1.0
615,1.0,1.0,1.0,1.0,1.0,1.0,1.0,1.0,1.0
616,1.0,1.0,1.0,1.0,1.0,1.0,1.0,1.0,1.0
617,1.0,1.0,1.0,1.0,1.0,1.0,1.0,1.0,1.0
618,1.0,1.0,1.0,1.0,1.0,1.0,1.0,1.0,1.0
619,1.0,1.0,1.0,1.0,1.0,1.0,1.0,1.0,1.0
620,1.0,1.0,1.0,1.0,1.0,1.0,1.0,1.0,1.0
621,1.0,1.0,1.0,1.0,1.0,1.0,1.0,1.0,1.0
622,1.0,1.0,1.0,0.9538112244088942,1.0,1.0,1.0,1.0,0.9942264030511118
623,1.0,0.7564753197033272,1.0,1.0,1.0,1.0,1.0,1.0,0.9695594149629159
624,1.0,1.0,1.0,1.0,1.0,1.0,1.0,1.0,1.0
625,1.0,1.0,1.0,1.0,1.0,1.0,1.0,1.0,1.0
626,1.0,1.0,1.0,1.0,1.0,1.0,1.0,1.0,1.0
627,1.0,1.0,1.0,1.0,1.0,1.0,1.0,1.0,1.0
628,1.0,1.0,1.0,1.0,1.0,1.0,1.0,1.0,1.0
629,1.0,1.0,1.0,1.0,1.0,1.0,1.0,1.0,1.0
630,1.0,1.0,1.0,1.0,1.0,1.0,1.0,1.0,1.0
631,1.0,1.0,0.7844117723468647,0.9860993778021305,1.0,1.0,1.0,1.0,0.9713138937686244
632,1.0,1.0,1.0,1.0,1.0,1.0,1.0,1.0,1.0
633,1.0,1.0,1.0,1.0,1.0,1.0,1.0,1.0,1.0
634,1.0,1.0,1.0,1.0,1.0,1.0,1.0,1.0,1.0
635,1.0,1.0,1.0,1.0,1.0,1.0,1.0,1.0,1.0
636,1.0,1.0,1.0,1.0,1.0,1.0,1.0,1.0,1.0
637,1.0,1.0,0.7119406965394594,1.0,1.0,1.0,1.0,1.0,0.9639925870674324
638,1.0,1.0,1.0,1.0,1.0,1.0,1.0,1.0,1.0
639,1.0,1.0,1.0,0.9681096920302084,1.0,1.0,1.0,1.0,0.996013711503776
640,1.0,1.0,1.0,1.0,1.0,1.0,1.0,1.0,1.0
641,1.0,1.0,1.0,1.0,1.0,1.0,1.0,1.0,1.0
642,1.0,1.0,1.0,1.0,1.0,1.0,1.0,1.0,1.0
643,1.0,1.0,1.0,1.0,1.0,1.0,1.0,1.0,1.0
644,1.0,1.0,1.0,1.0,1.0,1.0,1.0,1.0,1.0
645,1.0,1.0,1.0,1.0,1.0,1.0,1.0,1.0,1.0
646,0.8859869263195033,1.0,1.0,1.0,1.0,1.0,1.0,1.0,0.985748365789938
647,1.0,1.0,1.0,1.0,1.0,1.0,1.0,1.0,1.0
648,1.0,1.0,1.0,1.0,0.9853823725198172,1.0,1.0,1.0,0.9981727965649771
649,1.0,1.0,1.0,1.0,1.0,1.0,1.0,1.0,1.0
650,1.0,1.0,1.0,1.0,1.0,1.0,1.0,1.0,1.0
651,1.0,1.0,1.0,1.0,1.0,1.0,1.0,1.0,1.0
652,1.0,1.0,1.0,1.0,1.0,1.0,1.0,1.0,1.0
653,1.0,1.0,1.0,1.0,1.0,1.0,1.0,1.0,1.0
654,1.0,1.0,1.0,1.0,1.0,1.0,1.0,1.0,1.0
655,1.0,1.0,0.8822059460215961,1.0,1.0,1.0,1.0,1.0,0.9852757432526995
656,1.0,1.0,1.0,1.0,1.0,1.0,1.0,1.0,1.0
657,1.0,1.0,1.0,1.0,1.0,1.0,1.0,1.0,1.0
658,1.0,1.0,1.0,0.8422438003147049,1.0,1.0,1.0,1.0,0.9802804750393381
659,1.0,1.0,1.0,1.0,1.0,1.0,1.0,1.0,1.0
660,1.0,1.0,1.0,1.0,1.0,1.0,1.0,1.0,1.0
661,1.0,1.0,1.0,1.0,1.0,1.0,1.0,1.0,1.0
662,1.0,1.0,1.0,1.0,1.0,1.0,1.0,1.0,1.0
663,1.0,1.0,1.0,1.0,1.0,1.0,1.0,1.0,1.0
664,1.0,1.0,1.0,1.0,1.0,1.0,1.0,1.0,1.0
665,1.0,1.0,1.0,0.9771948693761481,1.0,1.0,1.0,1.0,0.9971493586720185
666,1.0,1.0,1.0,1.0,1.0,1.0,1.0,1.0,1.0
667,1.0,1.0,1.0,1.0,1.0,1.0,1.0,1.0,1.0
668,1.0,1.0,1.0,1.0,1.0,1.0,1.0,1.0,1.0
669,1.0,1.0,1.0,1.0,1.0,1.0,1.0,1.0,1.0
670,1.0,1.0,1.0,1.0,1.0,1.0,1.0,1.0,1.0
671,1.0,1.0,1.0,1.0,1.0,1.0,1.0,1.0,1.0
672,1.0,1.0,1.0,1.0,1.0,1.0,1.0,1.0,1.0
673,1.0,1.0,1.0,1.0,1.0,1.0,1.0,1.0,1.0
674,1.0,1.0,1.0,1.0,1.0,1.0,1.0,1.0,1.0
675,1.0,1.0,1.0,1.0,1.0,1.0,1.0,1.0,1.0
676,1.0,1.0,1.0,1.0,1.0,1.0,1.0,1.0,1.0
677,1.0,1.0,1.0,1.0,1.0,1.0,1.0,1.0,1.0
678,1.0,1.0,1.0,1.0,1.0,1.0,1.0,1.0,1.0
679,1.0,1.0,1.0,1.0,1.0,1.0,1.0,1.0,1.0
680,1.0,1.0,1.0,1.0,1.0,1.0,1.0,1.0,1.0
681,1.0,1.0,1.0,1.0,1.0,1.0,1.0,1.0,1.0
682,1.0,1.0,1.0,1.0,1.0,1.0,1.0,1.0,1.0
683,1.0,1.0,1.0,1.0,1.0,1.0,1.0,1.0,1.0
684,1.0,1.0,1.0,1.0,1.0,1.0,1.0,1.0,1.0
685,1.0,1.0,1.0,1.0,1.0,1.0,1.0,1.0,1.0
686,1.0,1.0,1.0,0.7834618673054914,1.0,1.0,1.0,1.0,0.9729327334131864
687,1.0,1.0,1.0,1.0,1.0,1.0,1.0,1.0,1.0
688,1.0,1.0,1.0,1.0,1.0,1.0,1.0,1.0,1.0
689,1.0,1.0,1.0,1.0,1.0,1.0,1.0,1.0,1.0
690,1.0,1.0,1.0,1.0,1.0,1.0,1.0,1.0,1.0
691,1.0,1.0,1.0,1.0,1.0,1.0,1.0,1.0,1.0
692,1.0,1.0,1.0,1.0,1.0,1.0,1.0,1.0,1.0
693,0.9118294826524641,1.0,1.0,1.0,1.0,1.0,1.0,1.0,0.9889786853315581
694,1.0,1.0,1.0,1.0,1.0,1.0,1.0,1.0,1.0
695,1.0,1.0,1.0,1.0,1.0,1.0,1.0,1.0,1.0
696,1.0,1.0,1.0,1.0,1.0,1.0,1.0,1.0,1.0
697,1.0,1.0,1.0,1.0,1.0,1.0,1.0,1.0,1.0
698,1.0,1.0,1.0,1.0,1.0,1.0,1.0,1.0,1.0
699,1.0,1.0,1.0,1.0,1.0,1.0,1.0,1.0,1.0
700,1.0,1.0,1.0,1.0,1.0,1.0,1.0,1.0,1.0
701,1.0,1.0,1.0,1.0,1.0,1.0,1.0,1.0,1.0
702,1.0,1.0,1.0,1.0,1.0,1.0,1.0,1.0,1.0
703,1.0,1.0,1.0,1.0,1.0,1.0,1.0,1.0,1.0
704,1.0,1.0,1.0,1.0,1.0,1.0,1.0,1.0,1.0
705,1.0,1.0,1.0,1.0,1.0,1.0,1.0,1.0,1.0
706,1.0,1.0,1.0,1.0,1.0,1.0,1.0,1.0,1.0
707,1.0,1.0,1.0,1.0,1.0,1.0,1.0,1.0,1.0
708,1.0,1.0,1.0,1.0,1.0,1.0,1.0,1.0,1.0
709,1.0,1.0,1.0,1.0,1.0,1.0,1.0,1.0,1.0
710,1.0,1.0,1.0,1.0,1.0,1.0,1.0,1.0,1.0
711,1.0,1.0,1.0,1.0,1.0,1.0,1.0,1.0,1.0
712,1.0,1.0,1.0,1.0,1.0,1.0,1.0,1.0,1.0
713,1.0,1.0,1.0,1.0,1.0,1.0,1.0,1.0,1.0
714,0.8563407783568169,1.0,1.0,1.0,0.9871936408944703,1.0,1.0,1.0,0.9804418024064109
715,1.0,1.0,1.0,1.0,1.0,1.0,1.0,1.0,1.0
716,1.0,1.0,1.0,1.0,1.0,1.0,1.0,1.0,1.0
717,1.0,1.0,1.0,1.0,1.0,1.0,1.0,1.0,1.0
718,1.0,1.0,1.0,1.0,1.0,1.0,1.0,1.0,1.0
719,1.0,1.0,1.0,0.9610557123566902,1.0,0.9789140342801935,1.0,1.0,0.9924962183296104
720,1.0,1.0,1.0,1.0,1.0,1.0,1.0,1.0,1.0
721,1.0,1.0,1.0,1.0,1.0,1.0,1.0,1.0,1.0
722,1.0,1.0,1.0,1.0,1.0,1.0,1.0,1.0,1.0
723,1.0,1.0,1.0,1.0,1.0,1.0,1.0,1.0,1.0
724,1.0,1.0,1.0,1.0,1.0,1.0,1.0,1.0,1.0
725,1.0,1.0,1.0,1.0,1.0,1.0,1.0,1.0,1.0
726,1.0,1.0,1.0,1.0,1.0,1.0,1.0,1.0,1.0
727,1.0,1.0,1.0,1.0,1.0,1.0,1.0,1.0,1.0
728,1.0,1.0,1.0,1.0,1.0,1.0,1.0,1.0,1.0
729,1.0,1.0,1.0,1.0,1.0,1.0,1.0,1.0,1.0
730,1.0,1.0,1.0,0.9586594712202595,1.0,1.0,1.0,1.0,0.9948324339025325
731,1.0,1.0,1.0,1.0,1.0,1.0,1.0,1.0,1.0
732,1.0,1.0,1.0,1.0,1.0,1.0,1.0,1.0,1.0
733,1.0,1.0,1.0,1.0,1.0,1.0,1.0,1.0,1.0
734,1.0,1.0,1.0,1.0,0.9806086098845632,1.0,1.0,1.0,0.9975760762355704
735,1.0,1.0,1.0,1.0,1.0,1.0,1.0,1.0,1.0
736,1.0,1.0,1.0,1.0,1.0,1.0,1.0,1.0,1.0
737,1.0,1.0,1.0,1.0,1.0,1.0,1.0,1.0,1.0
738,1.0,1.0,1.0,1.0,1.0,1.0,1.0,1.0,1.0
739,1.0,1.0,1.0,1.0,1.0,1.0,1.0,1.0,1.0
740,1.0,1.0,1.0,1.0,1.0,1.0,1.0,1.0,1.0
741,1.0,1.0,1.0,1.0,1.0,1.0,1.0,1.0,1.0
742,1.0,1.0,1.0,1.0,1.0,1.0,1.0,1.0,1.0
743,1.0,1.0,0.8886403492928979,1.0,1.0,1.0,1.0,1.0,0.9860800436616122
744,1.0,1.0,1.0,1.0,1.0,1.0,1.0,1.0,1.0
745,1.0,0.8584902401584673,1.0,1.0,1.0,1.0,1.0,1.0,0.9823112800198084
746,1.0,1.0,1.0,1.0,1.0,1.0,1.0,1.0,1.0
747,1.0,1.0,1.0,1.0,1.0,1.0,1.0,1.0,1.0
748,1.0,1.0,1.0,1.0,1.0,1.0,1.0,1.0,1.0
749,1.0,1.0,1.0,1.0,1.0,1.0,1.0,1.0,1.0
750,1.0,1.0,1.0,1.0,1.0,1.0,1.0,1.0,1.0
751,1.0,1.0,1.0,1.0,1.0,1.0,1.0,1.0,1.0
752,1.0,1.0,1.0,1.0,1.0,1.0,1.0,1.0,1.0
753,1.0,1.0,1.0,1.0,1.0,1.0,1.0,1.0,1.0
754,1.0,1.0,0.9134747854044047,1.0,1.0,1.0,1.0,1.0,0.9891843481755506
755,1.0,1.0,1.0,1.0,1.0,1.0,1.0,1.0,1.0
756,1.0,1.0,1.0,0.9820215302173753,1.0,1.0,1.0,1.0,0.9977526912771719
757,1.0,1.0,1.0,1.0,1.0,1.0,1.0,1.0,1.0
758,1.0,1.0,0.9023186043152098,1.0,0.9824431980852559,1.0,1.0,1.0,0.9855952253000582
759,1.0,1.0,1.0,1.0,1.0,1.0,1.0,1.0,1.0
760,1.0,1.0,1.0,1.0,1.0,1.0,1.0,1.0,1.0
761,1.0,1.0,1.0,1.0,1.0,1.0,1.0,1.0,1.0
762,1.0,1.0,1.0,1.0,1.0,1.0,1.0,1.0,1.0
763,1.0,1.0,1.0,1.0,1.0,1.0,1.0,1.0,1.0
764,1.0,1.0,1.0,0.9366016594802405,1.0,1.0,1.0,1.0,0.9920752074350301
765,1.0,1.0,1.0,1.0,1.0,1.0,1.0,1.0,1.0
766,1.0,1.0,1.0,1.0,1.0,1.0,1.0,1.0,1.0
767,1.0,1.0,1.0,1.0,1.0,1.0,1.0,1.0,1.0
768,1.0,1.0,1.0,0.8278323513150414,1.0,1.0,1.0,1.0,0.9784790439143802
769,1.0,1.0,1.0,1.0,1.0,1.0,1.0,1.0,1.0
770,1.0,1.0,1.0,1.0,1.0,1.0,1.0,1.0,1.0
771,1.0,1.0,1.0,1.0,1.0,1.0,1.0,1.0,1.0
772,1.0,1.0,1.0,1.0,1.0,1.0,1.0,1.0,1.0
773,1.0,1.0,1.0,1.0,1.0,1.0,1.0,1.0,1.0
774,1.0,1.0,1.0,0.995331089366876,1.0,1.0,1.0,1.0,0.9994163861708595
775,1.0,1.0,1.0,1.0,1.0,1.0,1.0,1.0,1.0
776,1.0,1.0,1.0,1.0,1.0,1.0,1.0,1.0,1.0
777,1.0,1.0,1.0,1.0,1.0,1.0,1.0,1.0,1.0
778,1.0,1.0,1.0,1.0,1.0,1.0,1.0,1.0,1.0
779,1.0,1.0,1.0,1.0,1.0,1.0,1.0,1.0,1.0
780,1.0,1.0,1.0,1.0,1.0,1.0,1.0,1.0,1.0
781,1.0,1.0,1.0,1.0,1.0,1.0,1.0,1.0,1.0
782,1.0,1.0,1.0,1.0,1.0,1.0,1.0,1.0,1.0
783,1.0,1.0,1.0,1.0,1.0,1.0,1.0,1.0,1.0
784,1.0,1.0,1.0,1.0,0.9520390925731109,1.0,1.0,1.0,0.9940048865716389
785,1.0,1.0,1.0,1.0,1.0,1.0,1.0,1.0,1.0
786,1.0,1.0,1.0,1.0,1.0,1.0,1.0,1.0,1.0
787,1.0,1.0,1.0,1.0,1.0,0.9592548428796903,1.0,1.0,0.9949068553599613
788,1.0,1.0,1.0,1.0,1.0,1.0,1.0,1.0,1.0
789,1.0,1.0,1.0,1.0,1.0,1.0,1.0,1.0,1.0
790,1.0,1.0,1.0,1.0,1.0,1.0,1.0,1.0,1.0
791,1.0,1.0,1.0,1.0,1.0,1.0,1.0,1.0,1.0
792,1.0,1.0,1.0,1.0,1.0,1.0,1.0,1.0,1.0
793,1.0,1.0,1.0,1.0,1.0,1.0,1.0,1.0,1.0
794,1.0,1.0,1.0,1.0,1.0,1.0,1.0,1.0,1.0
795,1.0,1.0,1.0,0.7420696695295735,1.0,1.0,1.0,1.0,0.9677587086911967
796,1.0,1.0,1.0,1.0,1.0,1.0,1.0,1.0,1.0
797,1.0,1.0,1.0,1.0,1.0,1.0,1.0,1.0,1.0
798,1.0,1.0,1.0,1.0,1.0,1.0,1.0,1.0,1.0
799,1.0,1.0,1.0,1.0,1.0,1.0,1.0,1.0,1.0
800,1.0,1.0,1.0,1.0,1.0,1.0,1.0,1.0,1.0
801,1.0,1.0,0.826597756692081,1.0,1.0,1.0,1.0,1.0,0.9783247195865101
802,1.0,1.0,1.0,1.0,1.0,1.0,1.0,1.0,1.0
803,1.0,1.0,1.0,1.0,1.0,1.0,1.0,1.0,1.0
804,1.0,1.0,1.0,1.0,1.0,1.0,1.0,1.0,1.0
805,1.0,1.0,1.0,1.0,1.0,1.0,1.0,1.0,1.0
806,1.0,1.0,1.0,0.8947095724187769,1.0,1.0,1.0,1.0,0.9868386965523471
807,1.0,1.0,1.0,1.0,1.0,1.0,1.0,1.0,1.0
808,1.0,1.0,0.6302224136745109,1.0,1.0,1.0,0.9616197587114221,1.0,0.9489802715482417
809,1.0,1.0,1.0,1.0,1.0,1.0,1.0,1.0,1.0
810,1.0,1.0,1.0,0.9790604990668635,1.0,1.0,1.0,1.0,0.9973825623833579
811,1.0,1.0,1.0,1.0,1.0,1.0,1.0,1.0,1.0
812,1.0,1.0,1.0,1.0,1.0,1.0,1.0,1.0,1.0
813,1.0,1.0,1.0,1.0,1.0,1.0,1.0,1.0,1.0
814,1.0,1.0,1.0,1.0,1.0,1.0,1.0,1.0,1.0
815,1.0,1.0,1.0,1.0,1.0,1.0,1.0,1.0,1.0
816,1.0,1.0,1.0,1.0,1.0,1.0,1.0,1.0,1.0
817,1.0,1.0,1.0,1.0,1.0,1.0,1.0,1.0,1.0
818,1.0,1.0,1.0,1.0,1.0,1.0,1.0,1.0,1.0
819,1.0,1.0,1.0,1.0,1.0,1.0,1.0,1.0,1.0
820,1.0,1.0,1.0,1.0,1.0,1.0,1.0,1.0,1.0
821,1.0,1.0,1.0,1.0,1.0,1.0,1.0,1.0,1.0
822,1.0,1.0,1.0,0.9818738758554684,1.0,1.0,1.0,1.0,0.9977342344819335
823,1.0,1.0,1.0,1.0,1.0,1.0,1.0,1.0,1.0
824,1.0,1.0,1.0,1.0,1.0,1.0,1.0,1.0,1.0
825,1.0,1.0,0.9093065005793244,1.0,1.0,1.0,1.0,1.0,0.9886633125724156
826,1.0,1.0,1.0,1.0,1.0,1.0,1.0,1.0,1.0
827,1.0,1.0,1.0,1.0,1.0,1.0,1.0,1.0,1.0
828,1.0,1.0,1.0,1.0,1.0,1.0,1.0,1.0,1.0
829,1.0,1.0,1.0,1.0,1.0,1.0,1.0,1.0,1.0
830,1.0,1.0,1.0,1.0,1.0,1.0,1.0,1.0,1.0
831,1.0,1.0,1.0,1.0,0.8432605777614735,1.0,1.0,1.0,0.9804075722201842
832,1.0,1.0,1.0,1.0,1.0,1.0,1.0,1.0,1.0
833,1.0,1.0,1.0,1.0,1.0,1.0,1.0,1.0,1.0
834,1.0,1.0,1.0,1.0,1.0,1.0,1.0,1.0,1.0
835,1.0,1.0,1.0,1.0,1.0,1.0,1.0,1.0,1.0
836,1.0,1.0,1.0,1.0,1.0,1.0,1.0,1.0,1.0
837,1.0,1.0,1.0,1.0,1.0,1.0,1.0,1.0,1.0
838,1.0,1.0,1.0,1.0,1.0,1.0,1.0,1.0,1.0
839,1.0,1.0,1.0,1.0,1.0,1.0,1.0,1.0,1.0
840,1.0,1.0,1.0,1.0,1.0,1.0,1.0,1.0,1.0
841,1.0,1.0,1.0,1.0,1.0,1.0,1.0,1.0,1.0
842,1.0,1.0,1.0,1.0,1.0,1.0,1.0,1.0,1.0
843,1.0,1.0,1.0,1.0,1.0,1.0,1.0,1.0,1.0
844,1.0,1.0,1.0,1.0,1.0,1.0,1.0,1.0,1.0
845,1.0,1.0,1.0,1.0,1.0,1.0,1.0,1.0,1.0
846,1.0,1.0,1.0,1.0,1.0,1.0,1.0,1.0,1.0
847,1.0,1.0,1.0,1.0,1.0,1.0,1.0,1.0,1.0
848,1.0,1.0,1.0,1.0,1.0,1.0,1.0,1.0,1.0
849,1.0,1.0,1.0,1.0,1.0,1.0,1.0,1.0,1.0
850,1.0,1.0,1.0,1.0,1.0,1.0,1.0,1.0,1.0
851,1.0,1.0,1.0,1.0,1.0,1.0,1.0,1.0,1.0
852,1.0,1.0,1.0,1.0,1.0,1.0,1.0,1.0,1.0
853,1.0,1.0,1.0,1.0,1.0,1.0,1.0,1.0,1.0
854,1.0,1.0,1.0,1.0,1.0,1.0,1.0,1.0,1.0
855,1.0,1.0,1.0,1.0,1.0,1.0,1.0,1.0,1.0
856,1.0,1.0,1.0,0.9711802944428036,1.0,1.0,1.0,1.0,0.9963975368053505
857,1.0,1.0,1.0,1.0,1.0,1.0,1.0,1.0,1.0
858,1.0,1.0,1.0,1.0,1.0,1.0,1.0,1.0,1.0
859,1.0,0.9607382074855683,1.0,1.0,1.0,1.0,1.0,1.0,0.995092275935696
860,1.0,1.0,1.0,1.0,1.0,1.0,1.0,1.0,1.0
861,1.0,1.0,1.0,1.0,1.0,1.0,1.0,1.0,1.0
862,1.0,1.0,1.0,1.0,1.0,1.0,1.0,1.0,1.0
863,1.0,1.0,1.0,1.0,1.0,1.0,1.0,1.0,1.0
864,1.0,1.0,1.0,1.0,1.0,1.0,1.0,1.0,1.0
865,1.0,1.0,1.0,1.0,1.0,1.0,1.0,1.0,1.0
866,1.0,1.0,1.0,1.0,1.0,1.0,1.0,1.0,1.0
867,1.0,1.0,0.9686759184940423,0.8788614311507589,1.0,1.0,1.0,1.0,0.9809421687056001
868,0.9570094714070913,1.0,1.0,1.0,0.8820210583310647,1.0,1.0,1.0,0.9798788162172695
869,1.0,1.0,1.0,1.0,1.0,1.0,1.0,1.0,1.0
870,1.0,1.0,1.0,1.0,1.0,1.0,1.0,1.0,1.0
871,1.0,1.0,1.0,1.0,1.0,1.0,1.0,1.0,1.0
872,1.0,1.0,1.0,1.0,1.0,1.0,1.0,1.0,1.0
873,1.0,1.0,1.0,1.0,1.0,1.0,1.0,1.0,1.0
874,1.0,1.0,1.0,1.0,1.0,1.0,1.0,1.0,1.0
875,1.0,1.0,1.0,1.0,1.0,1.0,1.0,1.0,1.0
876,1.0,1.0,1.0,1.0,1.0,1.0,1.0,1.0,1.0
877,1.0,1.0,1.0,0.9932922361236447,1.0,1.0,1.0,1.0,0.9991615295154556
878,1.0,1.0,1.0,1.0,1.0,1.0,1.0,1.0,1.0
879,1.0,1.0,1.0,1.0,1.0,1.0,1.0,1.0,1.0
880,1.0,0.9459199245692046,1.0,1.0,1.0,1.0,1.0,1.0,0.9932399905711506
881,1.0,1.0,1.0,1.0,0.9137996207586873,1.0,1.0,1.0,0.9892249525948359
882,1.0,1.0,1.0,1.0,1.0,1.0,1.0,1.0,1.0
883,1.0,1.0,1.0,1.0,1.0,1.0,1.0,1.0,1.0
884,1.0,1.0,1.0,0.9575772076466441,1.0,1.0,1.0,1.0,0.9946971509558304
885,1.0,1.0,1.0,1.0,1.0,1.0,1.0,1.0,1.0
886,1.0,0.9671150080562276,1.0,1.0,1.0,1.0,1.0,1.0,0.9958893760070284
887,1.0,1.0,1.0,1.0,1.0,1.0,1.0,1.0,1.0
888,1.0,1.0,1.0,1.0,1.0,1.0,1.0,1.0,1.0
889,1.0,1.0,1.0,1.0,1.0,1.0,1.0,1.0,1.0
890,1.0,1.0,1.0,1.0,1.0,1.0,1.0,1.0,1.0
891,1.0,1.0,1.0,1.0,1.0,1.0,1.0,1.0,1.0
892,1.0,1.0,1.0,0.970373666452202,1.0,1.0,1.0,1.0,0.9962967083065253
893,1.0,1.0,1.0,1.0,1.0,1.0,1.0,1.0,1.0
894,1.0,1.0,1.0,1.0,1.0,1.0,1.0,1.0,1.0
895,1.0,1.0,1.0,1.0,1.0,1.0,1.0,1.0,1.0
896,1.0,1.0,1.0,1.0,1.0,1.0,1.0,1.0,1.0
897,1.0,1.0,1.0,1.0,1.0,1.0,1.0,1.0,1.0
898,1.0,1.0,1.0,0.9278718027429639,1.0,1.0,1.0,1.0,0.9909839753428704
899,1.0,1.0,1.0,1.0,1.0,1.0,1.0,1.0,1.0
900,1.0,1.0,1.0,1.0,1.0,1.0,1.0,1.0,1.0
901,1.0,1.0,1.0,1.0,1.0,1.0,1.0,1.0,1.0
902,1.0,1.0,1.0,1.0,1.0,1.0,1.0,1.0,1.0
903,1.0,1.0,1.0,1.0,1.0,1.0,1.0,1.0,1.0
904,1.0,1.0,1.0,1.0,1.0,1.0,1.0,1.0,1.0
905,1.0,1.0,1.0,1.0,0.9934533283040875,1.0,1.0,1.0,0.999181666038011
906,1.0,1.0,1.0,1.0,1.0,1.0,1.0,1.0,1.0
907,1.0,1.0,1.0,1.0,1.0,1.0,1.0,1.0,1.0
908,1.0,1.0,1.0,1.0,1.0,1.0,1.0,1.0,1.0
909,1.0,1.0,1.0,1.0,1.0,1.0,1.0,1.0,1.0
910,1.0,1.0,0.9196855100844266,1.0,1.0,1.0,1.0,1.0,0.9899606887605533
911,1.0,1.0,1.0,1.0,1.0,1.0,1.0,1.0,1.0
912,1.0,1.0,1.0,1.0,1.0,1.0,1.0,1.0,1.0
913,1.0,1.0,1.0,0.8492977969061236,1.0,1.0,1.0,1.0,0.9811622246132654
914,1.0,1.0,1.0,1.0,1.0,1.0,1.0,1.0,1.0
915,1.0,1.0,1.0,1.0,1.0,1.0,1.0,1.0,1.0
916,1.0,1.0,1.0,1.0,1.0,1.0,1.0,1.0,1.0
917,1.0,1.0,1.0,1.0,1.0,1.0,1.0,1.0,1.0
918,1.0,1.0,1.0,1.0,1.0,1.0,1.0,1.0,1.0
919,1.0,1.0,1.0,1.0,1.0,1.0,1.0,1.0,1.0
920,1.0,1.0,1.0,1.0,1.0,1.0,1.0,1.0,1.0
921,1.0,1.0,1.0,1.0,1.0,1.0,1.0,1.0,1.0
922,1.0,1.0,1.0,1.0,1.0,1.0,1.0,1.0,1.0
923,1.0,1.0,1.0,1.0,1.0,1.0,1.0,1.0,1.0
924,1.0,0.9062620421264933,1.0,0.9988862053328509,0.8423690413943274,1.0,1.0,1.0,0.968439661106709
925,1.0,1.0,1.0,1.0,1.0,1.0,1.0,1.0,1.0
926,1.0,1.0,1.0,1.0,1.0,1.0,1.0,1.0,1.0
927,1.0,1.0,1.0,0.9139503309309398,1.0,0.8169123549487549,1.0,1.0,0.9663578357349618
928,1.0,1.0,1.0,1.0,1.0,1.0,1.0,1.0,1.0
929,1.0,1.0,1.0,1.0,1.0,1.0,1.0,1.0,1.0
930,1.0,1.0,1.0,1.0,1.0,1.0,1.0,1.0,1.0
931,1.0,1.0,1.0,1.0,1.0,1.0,1.0,1.0,1.0
932,1.0,1.0,1.0,1.0,1.0,1.0,1.0,1.0,1.0
933,1.0,1.0,1.0,1.0,1.0,1.0,1.0,1.0,1.0
934,1.0,1.0,1.0,1.0,1.0,1.0,1.0,1.0,1.0
935,1.0,1.0,0.9862108233678757,1.0,1.0,1.0,1.0,1.0,0.9982763529209845
936,1.0,1.0,1.0,1.0,1.0,1.0,1.0,1.0,1.0
937,1.0,1.0,1.0,1.0,1.0,1.0,1.0,1.0,1.0
938,1.0,1.0,1.0,1.0,1.0,1.0,1.0,1.0,1.0
939,1.0,1.0,0.9388461976635919,1.0,1.0,1.0,1.0,1.0,0.992355774707949
940,1.0,1.0,1.0,1.0,0.9822232693149178,1.0,1.0,1.0,0.9977779086643648
941,0.8833032236011307,1.0,1.0,1.0,1.0,1.0,1.0,1.0,0.9854129029501413
942,1.0,1.0,1.0,1.0,1.0,1.0,1.0,1.0,1.0
943,1.0,1.0,1.0,1.0,1.0,1.0,1.0,1.0,1.0
944,1.0,1.0,1.0,1.0,1.0,1.0,1.0,1.0,1.0
945,1.0,1.0,1.0,1.0,1.0,1.0,1.0,1.0,1.0
946,1.0,1.0,1.0,1.0,1.0,1.0,1.0,1.0,1.0
947,1.0,1.0,1.0,1.0,1.0,1.0,1.0,1.0,1.0
948,1.0,1.0,1.0,0.9209465529499453,1.0,1.0,1.0,1.0,0.9901183191187432
949,0.9590483034034943,1.0,1.0,1.0,1.0,1.0,1.0,1.0,0.9948810379254368
950,1.0,1.0,1.0,1.0,1.0,1.0,1.0,1.0,1.0
951,1.0,1.0,1.0,1.0,1.0,1.0,1.0,1.0,1.0
952,1.0,1.0,1.0,1.0,1.0,1.0,1.0,1.0,1.0
953,1.0,1.0,1.0,1.0,1.0,1.0,1.0,1.0,1.0
954,1.0,1.0,1.0,1.0,1.0,1.0,1.0,1.0,1.0
955,1.0,1.0,1.0,1.0,0.9999181529660779,1.0,1.0,1.0,0.9999897691207598
956,1.0,1.0,1.0,1.0,1.0,1.0,1.0,1.0,1.0
957,1.0,1.0,1.0,1.0,1.0,1.0,1.0,1.0,1.0
958,1.0,1.0,1.0,1.0,1.0,1.0,1.0,1.0,1.0
959,1.0,1.0,1.0,0.8111143920994892,1.0,1.0,1.0,1.0,0.9763892990124361
960,1.0,1.0,1.0,1.0,1.0,1.0,1.0,1.0,1.0
961,1.0,1.0,1.0,1.0,1.0,1.0,1.0,1.0,1.0
962,1.0,1.0,1.0,1.0,1.0,1.0,1.0,1.0,1.0
963,1.0,1.0,1.0,1.0,1.0,1.0,1.0,1.0,1.0
964,1.0,1.0,1.0,1.0,1.0,1.0,1.0,1.0,1.0
965,1.0,1.0,1.0,1.0,1.0,1.0,1.0,1.0,1.0
966,1.0,1.0,0.9755061680575718,0.8617118338516518,1.0,1.0,1.0,1.0,0.9796522502386529
967,1.0,1.0,1.0,1.0,1.0,1.0,1.0,1.0,1.0
968,1.0,1.0,1.0,1.0,1.0,1.0,1.0,1.0,1.0
969,1.0,1.0,1.0,0.807862704381066,1.0,1.0,1.0,1.0,0.9759828380476332
970,1.0,1.0,1.0,1.0,1.0,1.0,1.0,1.0,1.0
971,1.0,1.0,1.0,1.0,1.0,1.0,1.0,1.0,1.0
972,1.0,1.0,1.0,1.0,1.0,1.0,1.0,1.0,1.0
973,1.0,1.0,1.0,1.0,1.0,1.0,1.0,1.0,1.0
974,1.0,1.0,1.0,1.0,1.0,1.0,1.0,1.0,1.0
975,1.0,1.0,1.0,1.0,1.0,1.0,1.0,1.0,1.0
976,1.0,1.0,1.0,1.0,1.0,1.0,1.0,1.0,1.0
977,1.0,1.0,1.0,0.915707099909681,1.0,1.0,1.0,1.0,0.9894633874887101
978,1.0,1.0,1.0,1.0,1.0,1.0,1.0,1.0,1.0
979,1.0,1.0,1.0,1.0,1.0,1.0,1.0,1.0,1.0
980,1.0,0.9002467912531866,1.0,1.0,1.0,1.0,1.0,1.0,0.9875308489066483
981,1.0,1.0,0.7844780897349034,1.0,1.0,1.0,1.0,1.0,0.973059761216863
982,1.0,1.0,1.0,1.0,1.0,1.0,1.0,1.0,1.0
983,1.0,1.0,1.0,1.0,1.0,1.0,1.0,1.0,1.0
984,1.0,1.0,1.0,1.0,1.0,1.0,1.0,1.0,1.0
985,1.0,1.0,1.0,1.0,1.0,1.0,1.0,1.0,1.0
986,1.0,1.0,1.0,1.0,1.0,1.0,1.0,1.0,1.0
987,1.0,1.0,1.0,1.0,1.0,1.0,1.0,1.0,1.0
988,1.0,1.0,1.0,1.0,1.0,1.0,1.0,1.0,1.0
989,1.0,0.9727305400022124,1.0,1.0,1.0,1.0,1.0,1.0,0.9965913175002765
990,1.0,1.0,1.0,1.0,1.0,1.0,1.0,1.0,1.0
991,1.0,1.0,1.0,1.0,1.0,1.0,1.0,1.0,1.0
992,1.0,1.0,1.0,1.0,1.0,1.0,1.0,1.0,1.0
993,1.0,1.0,1.0,1.0,1.0,1.0,1.0,1.0,1.0
994,1.0,1.0,1.0,1.0,1.0,1.0,1.0,1.0,1.0
995,1.0,1.0,1.0,1.0,1.0,1.0,1.0,1.0,1.0
996,1.0,1.0,1.0,0.8900367737372922,1.0,1.0,1.0,1.0,0.9862545967171615
997,1.0,1.0,1.0,0.9080127433308967,1.0,1.0,1.0,1.0,0.9885015929163621
998,1.0,1.0,1.0,0.9239539529365018,1.0,1.0,1.0,1.0,0.9904942441170628
999,1.0,1.0,1.0,1.0,1.0,1.0,1.0,1.0,1.0
1000,1.0,1.0,1.0,1.0,1.0,1.0,1.0,1.0,1.0
