Num,R_1,R_2,R_3,R_4,R_5,Average
1,1.0,1.0,0.758481292406481,1.0,0.878965264035459,0.9274893112883881
2,0.7763943724249314,0.7283127562473029,0.8265233209616768,1.0,0.4174369832393154,0.7497334865746452
3,0.7786179430868132,0.959812731519013,0.9684181594590655,0.8360847601651449,1.0,0.9085867188460073
4,1.0,1.0,0.8818354149506137,0.7501350629742016,1.0,0.926394095584963
5,0.0,0.14677774332536864,1.0,0.9585831192613709,0.9728818349943771,0.6156485395162233
6,0.0,1.0,1.0,0.7142141872888195,1.0,0.7428428374577638
7,1.0,1.0,1.0,0.8073733331555868,1.0,0.9614746666311174
8,1.0,0.8985552147364425,0.901763512498404,0.7927211972401225,0.7699576678371335,0.8725995184624205
9,1.0,1.0,0.9460095411308054,0.9944779363828963,1.0,0.9880974955027403
10,1.0,1.0,1.0,1.0,0.9563319224446908,0.9912663844889382
11,1.0,1.0,0.8395929111186387,0.20006545706208556,0.6848179826829104,0.7448952701727269
12,1.0,0.9619724452252558,0.6493092682149866,0.7112371134076857,0.9409560631937408,0.8526949780083338
13,0.7405837442258982,0.8181577720714641,0.6277702214734723,1.0,0.7344809058254189,0.7841985287192508
14,1.0,0.7241773758355067,0.5890288286294898,1.0,0.877054482471475,0.8380521373872943
15,1.0,1.0,1.0,0.6497910511626237,0.8212438358022883,0.8942069773929825
16,1.0,1.0,1.0,0.0,1.0,0.8
17,1.0,0.8011204824503522,0.5545201194463468,0.6607201840357227,1.0,0.8032721571864844
18,1.0,1.0,0.8781988131427315,1.0,0.9497805649813393,0.9655958756248142
19,0.37847021056273183,0.7156342247667372,1.0,0.951890756458176,0.5627231656924132,0.7217436714960116
20,0.7384084944163657,0.6203217670725624,1.0,1.0,1.0,0.8717460522977856
21,1.0,0.9683183984400883,0.655382534846019,0.679935442993546,0.7711945216387324,0.8149661795836772
22,1.0,1.0,0.8610432128589997,0.5577790470515563,0.5933493280935705,0.8024343176008253
23,0.9345364701652503,0.992216426668963,1.0,0.8950796314280749,1.0,0.9643665056524577
24,1.0,1.0,1.0,0.643008056640458,1.0,0.9286016113280915
25,0.8535432754888108,0.8161778122469939,1.0,0.9008736335980034,1.0,0.9141189442667617
26,1.0,1.0,0.8538735712465177,0.9320719263772663,1.0,0.9571890995247567
27,0.9765169051244974,0.8266193046327368,1.0,0.0,0.6333878271123945,0.6873048073739257
28,0.6409904368028616,0.7044903819340205,1.0,0.919782546022809,1.0,0.8530526729519382
29,1.0,1.0,1.0,1.0,1.0,1.0
30,0.0,1.0,1.0,0.7024738329011143,0.8564742373514861,0.71178961405052
31,1.0,1.0,0.7518086633893027,0.5159760765507396,0.8955397781962622,0.832664903627261
32,0.8776956984141383,0.9786416575263306,1.0,1.0,0.9026962564769095,0.9518067224834758
33,0.8440550496785773,0.9373218979782679,0.8645005960892181,1.0,1.0,0.9291755087492127
34,0.7333983574443583,0.9819132028934946,0.9134910112840204,0.5867763732791796,0.7303538695503677,0.7891865628902841
35,0.9088328895315398,0.6685107952764389,0.8941865076906348,1.0,0.7371547147567499,0.8417369814510727
36,0.0,0.500571066828818,1.0,0.7142141872888195,1.0,0.6429570508235274
37,1.0,1.0,0.8781988131427315,1.0,0.9497805649813393,0.9655958756248142
38,0.7063561544163295,0.0,1.0,0.5802769707225781,0.5651745760134579,0.5703615402304731
39,0.9663731664812685,1.0,1.0,0.5081896256933308,0.9558803199573446,0.8860886224263889
40,0.18232307836330705,1.0,1.0,0.4229672843822968,1.0,0.7210580725491208
41,0.7160094339102345,1.0,0.7987458111379325,0.7618732179963946,0.7456190624312403,0.8044495050951606
42,1.0,0.8098692985834847,0.3210540402668286,0.789213730987214,1.0,0.7840274139675054
43,1.0,0.9194714755103368,0.626453659065712,0.8478768794040932,0.8883241510198518,0.8564252329999988
44,0.821454845225833,0.5232078988123912,0.9769143867172604,1.0,0.5349507865254206,0.771305583456181
45,1.0,1.0,0.7369318187365408,1.0,0.5632920190685189,0.860044767561012
46,0.6793940086322795,1.0,0.6192231146424623,0.9720510364499136,1.0,0.8541336319449311
47,0.6176445680336534,1.0,0.8737674841456528,0.49827914768255044,0.9454922742805637,0.787036694828484
48,1.0,1.0,0.6948025908455618,0.02475140107564864,1.0,0.7439107983842421
49,1.0,1.0,0.7683565282424933,0.7550714013588535,0.6215531321147447,0.8289962123432183
50,1.0,0.7525115007906692,1.0,0.6819426688566536,0.9381149563459983,0.8745138251986642
51,0.9753623941697842,1.0,0.7143229423051829,1.0,0.9197546885249164,0.9218880049999767
52,1.0,0.8852255231844184,1.0,0.5175012307231607,1.0,0.8805453507815159
53,1.0,0.8624346314543344,1.0,0.9410942377334631,1.0,0.9607057738375595
54,0.8763288772200684,1.0,1.0,0.4929664785592269,1.0,0.873859071155859
55,1.0,1.0,1.0,0.7191815914599179,0.5690795273507637,0.8576522237621363
56,1.0,1.0,0.8899918731183055,1.0,0.8315806996371566,0.9443145145510924
57,0.0,1.0,0.9472571245514433,1.0,0.6230828937162023,0.7140680036535292
58,0.9618581229215618,0.7057832198075426,0.9754100958972234,0.7481632817438267,0.7780898823442458,0.8338609205428801
59,1.0,1.0,1.0,0.5681114029260063,1.0,0.9136222805852012
60,0.8501848510031064,1.0,0.9419193275281429,0.4708763495598229,0.692733448199756,0.7911427952581656
61,0.6112185800903802,1.0,0.5619985168626399,0.951936035562142,0.8252969778445711,0.7900900220719466
62,1.0,1.0,0.0,1.0,0.8670827714592871,0.7734165542918574
63,1.0,1.0,1.0,0.5623129445860486,1.0,0.9124625889172098
64,1.0,0.10558731598154143,0.6017544817312472,0.7538250839393693,0.9712321315609235,0.6864798026426163
65,1.0,0.7732967737262776,0.89449210057844,0.7793701732605443,0.5474270529217756,0.7989172200974075
66,0.7846868284647077,0.9148294345747842,1.0,0.5759111368718528,1.0,0.8550854799822689
67,1.0,0.8711336477141739,0.8124818790707128,1.0,0.7152317621649985,0.8797694577899771
68,1.0,0.7217723557749227,0.6774803387644792,0.6787164440415804,1.0,0.8155938277161965
69,1.0,0.8480328575345099,1.0,0.44338062856631716,0.1834439361593386,0.6949714844520332
70,0.804272953890785,1.0,0.7611709662082194,0.9613728443947518,0.7990546973350167,0.8651742923657546
71,1.0,1.0,0.9465922219912489,1.0,0.8787054849817357,0.9650595413945968
72,1.0,0.3632119167848573,0.40720092542956327,1.0,1.0,0.754082568442884
73,1.0,0.9370978931351451,0.6230862084238242,0.6919690876192199,0.9172868326036059,0.8338880043563591
74,0.5909399260695621,0.9187162098695705,0.7738194183117872,0.48777776199048845,0.7522365779376122,0.7046979788358041
75,0.7210757251717329,1.0,0.9107934351565617,0.8420564414770776,1.0,0.8947851203610744
76,0.7692689250661072,0.7100361836213531,1.0,0.6608252323046945,1.0,0.8280260681984309
77,1.0,0.0,0.5086269805461516,0.5310018210395372,1.0,0.6079257603171377
78,1.0,0.7882080843405738,0.692308431688069,1.0,0.43639336009746293,0.7833819752252211
79,0.8475017631350122,1.0,1.0,1.0,0.8460991595091132,0.9387201845288251
80,1.0,0.8780713761075734,0.9831605511311949,1.0,0.6888253006429452,0.9100114455763428
81,0.7613345666342389,0.6929111320481834,1.0,0.9125886152245045,1.0,0.8733668627813854
82,1.0,1.0,0.0,0.8917020716765901,0.7479897176960454,0.7279383578745271
83,1.0,1.0,0.7926977168148245,0.8679985330718272,0.9311333100442225,0.9183659119861748
84,1.0,1.0,1.0,0.570926493583894,0.7205694598213647,0.8582991906810516
85,0.7876417538134804,1.0,1.0,1.0,0.8719807364735355,0.9319244980574032
86,0.8808525441091538,1.0,0.7907057573922255,0.7400448547839538,1.0,0.8823206312570665
87,1.0,0.8098692985834847,0.3210540402668286,0.789213730987214,1.0,0.7840274139675054
88,1.0,0.7897574627723963,1.0,0.7751527854468473,0.9934657715881237,0.9116752039614735
89,0.6654975866152392,0.40115326897720355,1.0,1.0,1.0,0.8133301711184885
90,0.6454045348451931,0.6455002453606792,1.0,0.802939781412528,0.9195075243877067,0.8026704172012213
91,1.0,0.8633157256585183,0.39933679802054095,0.20506863677272136,1.0,0.6935442320903562
92,1.0,0.0,0.9242957790051216,0.749034025245974,0.8400723825735325,0.7026804373649257
93,1.0,0.7398956100960373,1.0,1.0,0.6163823380980654,0.8712555896388207
94,0.348969439117252,1.0,0.730090120922306,0.8923111117627543,0.6651859538271511,0.7273113251258927
95,1.0,0.980326260186299,1.0,0.6256913772708033,0.8275331995639069,0.8867101674042018
96,1.0,0.8766545898331278,0.6589591559746298,0.7541745408828109,1.0,0.8579576573381138
97,1.0,0.8553556872291632,0.6857004700251645,0.9720827403286019,1.0,0.902627779516586
98,1.0,0.7238281127955158,0.07515541305352735,0.8888988136138651,1.0,0.7375764678925817
99,0.7126283770130589,1.0,0.5901229674654027,0.9263547953354732,0.6771127629553886,0.7812437805538647
100,1.0,0.7201983576734852,1.0,0.9525546062540051,0.7956108229186236,0.8936727573692229
101,0.8480199184913629,0.8321079861557812,0.8255592219334787,0.6810166465119899,1.0,0.8373407546185225
102,0.0,0.026129446782681153,1.0,1.0,1.0,0.6052258893565362
103,0.6201791440098774,1.0,1.0,0.8423964511576774,0.019115650659280198,0.6963382491653669
104,0.664642161360697,0.5924748592851586,1.0,1.0,1.0,0.8514234041291712
105,0.6961665424587613,1.0,0.7702097949286454,0.634091865826834,0.8539077804784868,0.7908751967385454
106,1.0,1.0,0.8202001974376941,0.8830146291781736,1.0,0.9406429653231736
107,0.9471739890537622,1.0,0.9005242970949899,0.6670270516184287,0.7143488242312859,0.8458148323996934
108,0.5805320304675333,1.0,1.0,0.6184185511425797,1.0,0.8397901163220226
109,1.0,0.9167605441889722,0.8222958858444607,1.0,0.7651754531896929,0.9008463766446251
110,1.0,1.0,0.8964100837167037,0.5274067619361308,0.8741607034409757,0.859595509818762
111,0.47754150767197395,1.0,0.3384771170088166,1.0,1.0,0.7632037249361581
112,0.7686705694052359,0.9071025304383902,0.809114796541072,0.6036482493079124,0.9032700290131785,0.7983612349411577
113,1.0,0.9561072688551284,0.969149729777838,0.9561652811050692,0.8758616822407131,0.9514567923957499
114,1.0,1.0,0.9551723700804576,0.9853836150690717,0.979060363737806,0.9839232697774671
115,1.0,0.6606068559586364,0.8923025541474593,0.8253477711777022,1.0,0.8756514362567597
116,1.0,1.0,0.638709420766186,0.9461095325125443,0.6905811249188871,0.8550800156395233
117,0.9802542306910662,1.0,1.0,0.4200608477378789,0.573001334823427,0.7946632826504744
118,1.0,0.8054661716623089,0.6069930951311171,0.9801729668910031,1.0,0.8785264467368858
119,1.0,1.0,1.0,0.0,1.0,0.8
120,0.995888715403616,1.0,1.0,0.5874854520490423,1.0,0.9166748334905318
121,1.0,1.0,0.9086801481345996,1.0,0.6767420224640888,0.9170844341197377
122,0.8735855775955431,0.9553569342188899,0.5853706201783315,0.8412094305941601,0.945845716573735,0.8402736558321319
123,0.0,1.0,1.0,0.4719627265469149,1.0,0.694392545309383
124,0.8580559989819029,0.5903844417473091,0.6702882640246112,0.697799692159837,1.0,0.763305679382732
125,1.0,1.0,0.9293746391066393,0.7472693703466411,1.0,0.935328801890656
126,1.0,0.8850771234331903,1.0,0.9762148689072293,1.0,0.9722583984680838
127,1.0,0.0,0.6134346521049453,0.4649051959356742,0.9132809652219235,0.5983241626525087
128,1.0,1.0,0.9502794219220709,1.0,0.6905996481069658,0.9281758140058074
129,0.6409904368028616,0.7044903819340205,1.0,0.919782546022809,1.0,0.8530526729519382
130,0.9801672769001128,0.0,0.8346743042641395,0.9698293807024158,1.0,0.7569341923733336
131,1.0,0.8604378984355716,1.0,0.9715789828554087,1.0,0.9664033762581961
132,0.28705607987936915,0.8318140076861095,0.7210443302154075,1.0,0.6312483122962544,0.6942325460154282
133,0.8366099754079185,0.5719680684585202,0.9135600141695853,1.0,1.0,0.8644276116072049
134,1.0,0.8036069740913652,1.0,0.7029938294850383,1.0,0.9013201607152806
135,0.2704264439060671,0.5315052896743775,1.0,0.29482336206828563,1.0,0.619351019129746
136,1.0,0.7622541596645361,0.7934600425711558,0.849914918013901,0.7387359191462005,0.8288730078791587
137,1.0,0.6937214407522257,1.0,0.47904918772365557,0.6760913862720379,0.7697724029495838
138,1.0,1.0,0.6561282735392051,0.8807326285544964,0.8502519725393424,0.8774225749266089
139,0.24999747875928693,1.0,0.896578102262833,0.564109543199081,1.0,0.7421370248442402
140,1.0,1.0,0.7938767146280274,0.5423750722078663,0.9232602435207831,0.8519024060713353
141,1.0,0.8241231300452121,0.9637296119759098,0.6033519458720311,0.8472316408763416,0.8476872657538991
142,1.0,1.0,1.0,0.5249974539445166,1.0,0.9049994907889033
143,0.7113640340234999,0.8716361473562005,0.8533024039753749,0.6423812807607875,1.0,0.8157367732231725
144,1.0,0.808270780363478,0.7877027615911598,0.6797226054277471,0.7073522992353702,0.796609689323551
145,0.8790942445743363,1.0,1.0,0.0,0.9026907470628487,0.756356998327437
146,0.8116391500192656,1.0,0.7994122850515899,0.6359201932941848,1.0,0.8493943256730081
147,1.0,1.0,0.6806438362258438,0.7976599566476102,0.8427964710909663,0.864220052792884
148,1.0,1.0,0.8600392024907534,1.0,0.470920903187761,0.8661920211357028
149,1.0,1.0,0.6986348949963442,0.7168932477172456,0.932316711196451,0.8695689707820081
150,1.0,1.0,0.7732920653449205,0.7355710513954078,0.8087278376750657,0.8635181908830788
151,0.9012225011061741,1.0,1.0,0.6695631822399493,1.0,0.9141571366692247
152,1.0,1.0,0.5000000000069389,1.0,1.0,0.9000000000013877
153,0.3203244408660937,0.786776213678488,1.0,0.04631875115209306,0.7734642804849914,0.5853767372363332
154,1.0,1.0,0.909439484963231,1.0,1.0,0.9818878969926462
155,0.6413740750455406,1.0,1.0,1.0,0.5745013522358442,0.8431750854562768
156,1.0,1.0,1.0,0.678859996255427,0.6764243121426805,0.8710568616796216
157,0.6046410285197958,1.0,0.8750180755950021,0.7744700530971799,0.7255049756319661,0.7959268265687889
158,0.9932213945326338,0.9688802856875552,1.0,0.9408899679671929,0.6334060096751715,0.9072795315725107
159,1.0,1.0,0.9201074634983452,1.0,0.5675323293746147,0.897527958574592
160,1.0,0.7897574627723963,0.6704455146688492,0.31350140075202493,0.9934657715881237,0.7534340299562788
161,1.0,1.0,0.7542093864311998,0.648378357377875,1.0,0.8805175487618151
162,1.0,0.8985023976180999,0.819468205415706,0.9339021573359367,1.0,0.9303745520739485
163,0.6401010930974198,0.6524343154554241,1.0,1.0,1.0,0.8585070817105688
164,0.9198965781426052,0.9107604979736525,1.0,0.985201172139971,0.48512068303755435,0.8601957862587566
165,0.9981247653841695,0.9564211933197022,0.6667566617293389,1.0,1.0,0.9242605240866422
166,1.0,0.9356582510090038,1.0,0.7559404219618661,1.0,0.9383197345941741
167,1.0,0.46364351067916426,0.9214817334897524,1.0,0.590531014155589,0.7951312516649012
168,1.0,0.963857048886543,1.0,1.0,1.0,0.9927714097773086
169,1.0,1.0,0.8583198206812667,0.9027027568937332,0.5922239383837371,0.8706493031917475
170,1.0,0.8492215463629965,1.0,1.0,0.7598460414906043,0.9218135175707202
171,1.0,0.6106213240719987,0.9502794219220709,1.0,0.6905996481069658,0.8503000788202071
172,1.0,1.0,0.54030427311766,0.9350503840182561,0.9085920247827389,0.8767893363837309
173,1.0,0.9132929873805102,0.9931842353845313,0.6239493159994952,1.0,0.9060853077529074
174,1.0,0.42563010067583723,1.0,0.768193668542276,1.0,0.8387647538436227
175,1.0,0.8167239917990322,0.5704852962916879,1.0,0.9948102693173613,0.8764039114816162
176,1.0,1.0,1.0,1.0,0.784538392448521,0.9569076784897043
177,1.0,1.0,1.0,0.8363997682832447,0.8010102054316948,0.927481994742988
178,1.0,1.0,0.8192377088783426,0.9139721539306085,0.8544700897074747,0.917535990503285
179,1.0,0.7051766379317144,1.0,0.6072802309936275,1.0,0.8624913737850683
180,0.734804742509639,0.9511197226264967,0.8202198031190637,0.8335643647035276,0.967010136616979,0.8613437539151413
181,0.3487766372454494,0.48307117348134776,1.0,1.0,0.7598460414906043,0.7183387704434803
182,0.98464751790393,0.31194420730721245,1.0,0.9769758873213755,1.0,0.8547135225065036
183,1.0,1.0,0.9996707950683337,0.5446462735082809,0.7659619077374562,0.8620557952628143
184,0.867437679404472,1.0,1.0,0.4672919609870322,0.7183254841607406,0.8106110249104489
185,1.0,0.6264240941075887,1.0,0.7509371532997866,1.0,0.8754722494814751
186,1.0,0.8297383106745875,0.7720727710077093,1.0,0.909379640630412,0.9022381444625418
187,1.0,0.8187434939983631,0.8230219212819528,1.0,0.8371455864996682,0.8957822003559969
188,1.0,0.8985552147364425,0.901763512498404,0.7927211972401225,0.7699576678371335,0.8725995184624205
189,1.0,1.0,1.0,0.8365141656954908,0.7604790166727553,0.9193986364736493
190,0.6244940760033675,1.0,0.0,0.9071049786888599,0.9025553610815614,0.6868308831547578
191,0.2914894414725717,0.3730495594098444,1.0,0.7777389685294496,1.0,0.6884555938823731
192,1.0,0.926365703114237,0.6185638157344562,0.6625482520939061,0.8920071955433909,0.819896993297198
193,1.0,1.0,0.7333582310554753,0.2686214106753287,1.0,0.8003959283461608
194,0.6902650140360157,0.7810060687074529,1.0,0.11120523290303583,0.8763413147585727,0.6917635260810154
195,0.812478395561538,0.7573160807423497,0.8162225918278379,1.0,1.0,0.8772034136263451
196,1.0,0.9702063833890331,1.0,0.8204479717689828,0.5173790012886256,0.8616066712893282
197,1.0,0.743886762039099,0.7466035444142105,1.0,0.6588164952814585,0.8298613603469536
198,0.9957415519524572,0.9687154994513021,1.0,0.9322124432110133,0.8907001842507627,0.957473935773107
199,0.7671384981390175,0.7758888054239039,1.0,0.7477362678619285,1.0,0.85815271428497
200,0.6404512490070944,0.8394031412845409,1.0,0.9131110888783265,1.0,0.8785930958339924
201,1.0,1.0,0.5581545221826738,0.5410897828608667,0.6836488425183946,0.7565786295123871
202,1.0,0.6481087965789862,0.710301345671876,0.888129262771608,1.0,0.8493078810044941
203,0.45431242095153385,0.0,0.9315759047865056,1.0,1.0,0.6771776651476079
204,0.4289171138208092,0.7644011152687035,0.9811813625869249,1.0,0.395018191580125,0.7139035566513126
205,0.960813927708197,1.0,0.9161031794576747,1.0,0.755466979006784,0.9264768172345311
206,0.9866553059855159,1.0,0.88299260308992,1.0,0.8530946300855973,0.9445485078322067
207,0.9064213608232581,1.0,1.0,1.0,0.8679778045064263,0.9548798330659369
208,0.012055701211919052,1.0,0.47141461857090455,0.4929664785592269,1.0,0.5952873596684102
209,0.7686744200235643,0.9668963770298138,0.9054974617360604,0.5085426181120842,1.0,0.8299221753803045
210,1.0,0.6959869714743152,0.05420771718763107,1.0,0.688360341742299,0.6877110060808491
211,1.0,0.5389855588283369,0.7998522218501672,0.7467864336769231,0.7762829186287267,0.7723814265968307
212,1.0,0.8421649022974141,0.9485412437474242,0.712034839322526,0.91887503534457,0.8843232041423867
213,0.09973325201519921,0.6777128494400552,1.0,0.4762815610020692,1.0,0.6507455324914646
214,1.0,0.7964794588839373,0.7034614949744477,0.720873165157882,0.8406215271067246,0.8122871292245982
215,0.6468199992328924,1.0,1.0,0.3019310065957092,0.9779711820001182,0.7853444375657439
216,0.8793716349189674,1.0,0.9308738767435536,0.906054088145885,0.8814361163231771,0.9195471432263167
217,0.801536053830799,0.8857210770435286,0.828022045907539,0.4860548961857662,0.9108528141975125,0.782437377433029
218,1.0,0.5668944806996064,0.7706006570698235,1.0,0.8968138011520204,0.8468617877842901
219,0.6796555134097236,0.9181183684501978,0.8003209732689416,1.0,1.0,0.8796189710257727
220,0.6415331078270204,0.7744070274999356,1.0,1.0,0.6989583000406417,0.8229796870735194
221,1.0,0.7524775992849259,0.6315630970240864,1.0,1.0,0.8768081392618026
222,0.6447932701578682,0.12763408349411975,0.6761423968582817,1.0,0.6854757982297662,0.6268091097480072
223,0.8938309643816582,1.0,1.0,0.5225531276634626,0.9312094486887041,0.8695187081467651
224,0.8535432754888111,1.0,0.3635945894488119,0.13761667516576265,1.0,0.6709509080206771
225,0.913518718706406,1.0,0.8229769004142349,1.0,1.0,0.9472991238241282
226,0.7944834810030811,1.0,1.0,0.8371001363554306,1.0,0.9263167234717024
227,0.40107146571359925,0.9728544221032416,0.6172009367240353,0.6606852938292455,0.7618017886714142,0.6827227814083071
228,1.0,1.0,0.7450075939780213,1.0,0.8460846105570529,0.9182184409070148
229,1.0,1.0,1.0,0.7766465008530096,0.6230287572067567,0.8799350516119533
230,0.8423964569613281,0.0,0.5650893462194184,1.0,1.0,0.6814971606361493
231,1.0,1.0,1.0,0.7954049359578045,0.8937158662083103,0.9378241604332229
232,1.0,0.33418228457368143,0.7564419721719009,0.6658177154263185,1.0,0.7512883944343802
233,1.0,1.0,0.9157782103284217,0.8888988136138651,1.0,0.9609354047884574
234,1.0,0.7905896569563762,1.0,0.7393464831000617,0.7829839428023175,0.8625840165717511
235,1.0,0.8434745114154332,1.0,1.0,0.6303786796863233,0.8947706382203513
236,1.0,0.927195126999043,1.0,1.0,0.8521340491073485,0.9558658352212783
237,1.0,1.0,0.6716456558656342,0.8805850766607948,0.7066721214171193,0.8517805707887096
238,1.0,0.6506725547464735,0.0,0.9319682714389027,1.0,0.7165281652370752
239,0.8085074788601906,0.813901715579253,1.0,0.9716588303567064,0.9121419514202241,0.9012419952432749
240,0.9271880564323636,1.0,1.0,0.5826947960384382,0.7170947666322259,0.8453955238206057
241,0.7800881469614104,0.7494558535752097,1.0,0.9965324662056567,1.0,0.9052152933484553
242,1.0,0.8694383959529257,1.0,0.7068363016938964,0.5802002901857074,0.8312949975665059
243,1.0,1.0,0.9201074634983452,1.0,0.5675323293746147,0.897527958574592
244,1.0,0.9056136488883264,0.2093685824064441,1.0,0.5898328834963906,0.7409630229582322
245,0.7545013667130552,0.9145719985309007,0.9780858489929628,0.6922195762470327,1.0,0.8678757580967902
246,1.0,1.0,1.0,1.0,0.9204074183807183,0.9840814836761437
247,0.6238154416087638,0.9566882405473892,0.8342879990503266,0.9951072693101481,0.7394471924295772,0.8298692285892411
248,1.0,0.8066106147750478,1.0,1.0,0.6106058184578205,0.8834432866465736
249,1.0,1.0,1.0,0.7999101145253296,1.0,0.9599820229050658
250,0.8778049483790471,0.6866883596487261,0.4517044574832879,1.0,0.6065211048608075,0.7245437740743738
251,1.0,0.28639403118154916,0.7324439447125354,0.6406451328856855,0.8151249270329267,0.6949216071625394
252,0.0,0.6934873215125513,0.6586897965238663,0.952753033610118,0.9577599066502327,0.6525380116593537
253,1.0,0.0,1.0,1.0,1.0,0.8
254,1.0,1.0,0.8025065568948616,1.0,1.0,0.9605013113789724
255,0.7285625063841178,0.7430344969670921,0.9644048697944186,0.5569493850407302,0.6485210336529141,0.7282944583678546
256,1.0,0.8483656887882316,1.0,1.0,0.0,0.7696731377576463
257,1.0,1.0,1.0,0.7334306445198757,1.0,0.9466861289039752
258,1.0,0.7005848780371432,0.6205331700239133,1.0,0.8541112028870554,0.8350458501896224
259,0.7192633811267498,0.8824394285629077,0.8295778507808416,0.8494218905990917,1.0,0.8561405102139181
260,1.0,0.45257435751988534,0.18032643818481467,1.0,1.0,0.72658015914094
261,1.0,1.0,0.7647731335281482,0.7264396433362273,0.7532120841020115,0.8488849721932775
262,1.0,1.0,0.7831490688822381,0.7626956496896067,0.6916708900871785,0.8475031217318045
263,1.0,1.0,0.9545438806181766,1.0,1.0,0.9909087761236354
264,1.0,1.0,0.8109036339317798,0.8548625362998116,0.8415676167992348,0.9014667574061651
265,1.0,0.7797444123183617,0.0,0.9925884485371071,1.0,0.7544665721710937
266,1.0,1.0,0.0,0.7709988348006972,0.9632105007997306,0.7468418671200856
267,1.0,0.9739830820296086,0.8011935972066263,1.0,0.7787035931052579,0.9107760544682986
268,0.41647844651111054,0.580513491061807,1.0,0.29507872903087634,0.9783399002025377,0.6540821133612663
269,1.0,0.3233803018473268,1.0,0.9967237663579843,0.7877538277859252,0.8215715791982474
270,0.6628291476158634,1.0,1.0,0.7398642110664994,0.7373310357207719,0.8280048788806269
271,1.0,0.7241773758355067,0.5890288286294898,1.0,0.877054482471475,0.8380521373872943
272,1.0,1.0,0.909439484963231,1.0,1.0,0.9818878969926462
273,1.0,0.656704102919799,1.0,1.0,0.6265011145451514,0.8566410434929901
274,1.0,0.5237184389979308,1.0,0.0,1.0,0.7047436877995862
275,0.8117316932176154,0.9555613764518681,1.0,0.6699993052285287,1.0,0.8874584749796025
276,1.0,0.9419645204445909,1.0,0.9925936715776255,0.7457730829615856,0.9360662549967603
277,1.0,0.6058207195464211,0.8844903712318312,1.0,0.8135875131633394,0.8607797207883184
278,0.807851602335182,0.6090059653565758,0.7807957888037741,0.6410239702305675,1.0,0.76773546534522
279,1.0,1.0,1.0,1.0,0.9936123502421248,0.998722470048425
280,0.8214368958925464,0.6631041389797941,0.8218281391489602,0.8816747763581232,1.0,0.8376087900758848
281,0.6475654596543883,0.5674108989071738,0.7556415494292993,0.6990409655311642,1.0,0.7339317747044051
282,1.0,0.8507458106008844,0.644506937420181,1.0,1.0,0.899050549604213
283,1.0,1.0,0.9135600141695853,1.0,1.0,0.982712002833917
284,0.6824261921577457,0.9996767816755147,0.7821031838993503,1.0,1.0,0.892841231546522
285,1.0,0.39897695858122173,0.9747707215993442,0.9066718794699795,1.0,0.8560839119301091
286,0.7736872029090209,1.0,1.0,0.9906422674995147,1.0,0.9528658940817071
287,1.0,1.0,0.8899918731183055,1.0,0.8315806996371566,0.9443145145510924
288,1.0,0.3974763273625001,1.0,0.6025236726374998,1.0,0.8
289,0.7047528463727375,1.0,0.0,1.0,0.5759530149220182,0.6561411722589512
290,0.6491564983153295,0.7182196293161616,0.8011909793814858,1.0,0.7787035931052579,0.7894541400236469
291,1.0,1.0,1.0,1.0,1.0,1.0
292,0.6447669574793857,1.0,0.5822969934185427,0.9868173144409277,1.0,0.8427762530677713
293,1.0,1.0,0.8444604705067953,0.8672833973338309,0.5478216226380334,0.8519130980957318
294,0.8954083091491573,1.0,0.564298088144203,1.0,0.9061490654531897,0.87317109254931
295,0.7829610982707581,0.77253133620362,0.9659584950879595,0.9236218251084947,1.0,0.8890145509341665
296,0.649077526025926,1.0,0.6473842497850055,0.9288642767883007,1.0,0.8450652105198465
297,1.0,0.963857048886543,1.0,1.0,1.0,0.9927714097773086
298,1.0,1.0,0.7955100696268274,1.0,0.94370474588365,0.9478429631020955
299,1.0,0.9702063833890331,1.0,0.9116645214891308,1.0,0.9763741809756328
300,0.9698682902283511,1.0,1.0,1.0,0.26563568427993656,0.8471007949016576
301,0.8309119352973658,1.0,0.6095373341635315,0.8711772524923342,1.0,0.8623253043906463
302,1.0,1.0,0.8268832275650734,1.0,0.8150049460552876,0.9283776347240723
303,0.8776956984141383,0.9786416575263306,1.0,1.0,0.9026962564769095,0.9518067224834758
304,0.012055701211919052,1.0,0.47141461857090455,0.4929664785592269,1.0,0.5952873596684102
305,1.0,0.6460030157038343,0.5449237540699868,1.0,1.0,0.8381853539547641
306,1.0,1.0,1.0,1.0,1.0,1.0
307,1.0,1.0,0.8818354149506137,0.7501350629742016,1.0,0.926394095584963
308,0.7903487994505844,1.0,0.27957180300910855,0.5375699495324716,1.0,0.7214981103984329
309,0.9883540257953819,0.9210386433516776,0.5537912455937679,0.9477027545379478,0.9332994429730741,0.8688372224503699
310,1.0,1.0,0.8050116574121886,1.0,0.9041771294884547,0.9418377573801286
311,1.0,0.9318240949495848,0.9629617243508188,0.9653372386226209,1.0,0.9720246115846048
312,0.8085074788601906,0.813901715579253,1.0,0.9716588303567064,0.9121419514202241,0.9012419952432749
313,1.0,1.0,0.8633849961647705,0.8183966875686149,1.0,0.9363563367466771
314,0.0,1.0,0.9613018993394161,0.5113452619984348,1.0,0.6945294322675701
315,1.0,0.7098383665777468,1.0,0.6299327570261253,1.0,0.8679542247207743
316,1.0,0.8617216369377971,1.0,1.0,0.6044946680043437,0.893243260988428
317,0.9453085083511031,1.0,1.0,0.5578721660347034,0.7295893076125319,0.8465539963996678
318,0.8148618641042611,0.672805433760019,0.6412123006821816,1.0,0.6958418656579918,0.7649442928408907
319,0.7471325750292122,1.0,0.7664793023335217,0.5339042723547545,1.0,0.8095032299434977
320,0.8140224044221043,0.9353437136301813,0.8637185868930499,1.0,0.5617165292599532,0.8349602468410577
321,0.8475017631350122,1.0,1.0,1.0,0.8460991595091132,0.9387201845288251
322,1.0,0.8495785158978647,1.0,0.96316340310713,1.0,0.9625483838009989
323,1.0,1.0,1.0,0.798351957530403,0.7804245420309208,0.9157552999122647
324,0.34538270000981064,1.0,1.0,0.7862824755056697,1.0,0.8263330351030961
325,1.0,0.6886393054616808,0.6573867357482429,0.8932165900924376,0.800076448372996,0.8078638159350715
326,1.0,0.7886184178045369,0.6280969963462821,0.7105682357059834,0.7163059396108173,0.768717917893524
327,1.0,0.7860406019930342,0.7536522732513485,0.6797068141413318,0.9016641235101884,0.8242127625791806
328,1.0,0.5737101722506667,0.7934250915947768,1.0,0.280941409620333,0.7296153346931553
329,0.6114784806426514,0.7502094666851794,0.9824456936633681,0.8275862745136026,1.0,0.8343439831009605
330,1.0,0.9947369718526321,0.9966138108035025,1.0,0.6709211746734064,0.9324543914659082
331,0.7170776228109917,0.6807758448156489,1.0,0.0,0.8119969376522149,0.641970081055771
332,0.9710846620564815,1.0,1.0,0.5124301012838882,0.9110521058458786,0.8789133738372497
333,0.7678500743206426,1.0,1.0,0.5260650372368151,1.0,0.8587830223114915
334,0.8951320224299727,0.8735017860629559,1.0,1.0,0.5468961081572067,0.863105983330027
335,1.0,0.9335507063290671,1.0,1.0,0.6116757730045702,0.9090452958667274
336,0.9611502026701645,1.0,1.0,0.5150848438488206,1.0,0.895247009303797
337,1.0,1.0,0.8750180755950021,0.7744700530971799,0.7255049756319661,0.8749986208648297
338,0.5990653274011204,1.0,0.7059058593613646,1.0,0.7951119623247866,0.8200166298174544
339,0.7566322274711935,0.7031004373274833,1.0,0.6025927487944115,1.0,0.8124650827186176
340,1.0,0.739724622488908,1.0,1.0,0.4457895506971032,0.8371028346372024
341,0.8998941949512859,1.0,0.25444482118322337,0.5436717028466682,0.8935588973871623,0.718313923273668
342,0.6954762172904653,1.0,0.0,1.0,0.6200130552598073,0.6630978545100545
343,1.0,1.0,0.6555534889135621,0.7613061563561622,0.7672789363489672,0.8368277163237383
344,1.0,1.0,0.9077307542335259,0.8050336665961179,0.8797018269512908,0.9184932495561868
345,0.7605813073418023,1.0,0.6567972844219641,0.8586391015208654,1.0,0.8552035386569263
346,1.0,0.9984648705650121,0.9913043448664985,0.798028517123818,0.7178034730600557,0.901120241123077
347,1.0,1.0,1.0,0.4762815610020692,1.0,0.8952563122004138
348,1.0,1.0,0.9288603727475446,0.6426243329293944,0.8076142895363572,0.8758197990426592
349,1.0,1.0,0.0,1.0,0.9816326095190064,0.7963265219038013
350,0.664642161360697,0.5924748592851586,1.0,1.0,1.0,0.8514234041291712
351,1.0,0.8234523158151191,1.0,1.0,0.6041248297164192,0.8855154291063076
352,1.0,0.5932030172101735,0.9259093414810673,1.0,0.6646804582670179,0.8367585633916518
353,0.9106089986130272,1.0,1.0,0.31186362282400976,0.8455953260303979,0.813613589493487
354,1.0,0.9233787266334398,1.0,1.0,1.0,0.9846757453266879
355,1.0,0.9745931587547354,1.0,1.0,1.0,0.9949186317509471
356,1.0,0.7397479730835006,0.9179431006509412,1.0,1.0,0.9315382147468885
357,1.0,1.0,1.0,0.6701488474474036,1.0,0.9340297694894808
358,1.0,1.0,0.9217097150156739,0.9925884485371071,1.0,0.9828596327105561
359,1.0,1.0,1.0,1.0,0.784538392448521,0.9569076784897043
360,1.0,0.8667621241590412,1.0,0.9401931312096827,0.7694717815605258,0.91528540738585
361,0.3538566919977246,1.0,1.0,0.8202424523208933,1.0,0.8348198288637235
362,1.0,0.35205752037017146,0.7515066467221327,1.0,0.6925849126565947,0.7592298159497798
363,1.0,1.0,0.8138520867353226,1.0,0.5373819664114445,0.8702468106293534
364,1.0,0.0,1.0,0.9395132801589164,0.7203610005853657,0.7319748561488564
365,1.0,1.0,0.7588929777893192,0.8758054390820754,0.9846508743352841,0.9238698582413358
366,0.9714491052018092,0.8424899365058965,0.8461458963414764,0.6420634310880959,1.0,0.8604296738274556
367,0.0,1.0,0.7586675523079534,0.545248293713836,0.933942950196898,0.6475717592437376
368,0.9121742281873914,1.0,1.0,0.36754169511302887,1.0,0.8559431846600841
369,0.6523242776243656,0.8475890300750498,0.5717939107553336,0.8942586924036869,0.8105546969470575,0.7553041215610988
370,0.664642161360697,0.5924748592851586,1.0,1.0,1.0,0.8514234041291712
371,1.0,0.7294130003290167,1.0,0.9605623135078885,0.5376596974075337,0.8455270022488879
372,1.0,0.9947369718526321,0.9966138108035025,1.0,0.6709211746734064,0.9324543914659082
373,0.9121742281873914,1.0,1.0,0.36754169511302887,1.0,0.8559431846600841
374,1.0,0.6099932074542251,0.851492710950872,0.8550827944807577,0.5756419571796139,0.7784421340130937
375,1.0,0.9486550821030628,1.0,1.0,1.0,0.9897310164206126
376,0.8639415160452789,1.0,0.6693181807760653,0.0,0.9296820228256307,0.6925883439293951
377,0.7575107568231788,0.6861246734609004,0.7622990380487603,0.8956846528874092,0.907694538992886,0.8018627320426269
378,0.8952463627522625,1.0,1.0,0.6751179566485437,1.0,0.9140728638801612
379,1.0,0.7729196994519975,0.6260826969503513,1.0,1.0,0.8798004792804697
380,1.0,0.2597327322483577,0.580642385022233,1.0,1.0,0.768075023454118
381,0.995888715403616,1.0,1.0,0.5874854520490423,1.0,0.9166748334905318
382,1.0,1.0,1.0,0.7775207735342634,0.7621847044279054,0.9079410955924339
383,1.0,1.0,0.9993957571568765,1.0,0.9802926096443667,0.9959376733602486
384,1.0,1.0,0.911954137705598,0.9146093451835811,0.9152193264928642,0.9483565618764086
385,1.0,1.0,0.6981689176594799,0.630810611444587,0.982013868186009,0.8621986794580151
386,0.6073122638024023,0.8054380287324425,1.0,1.0,0.9024392930387269,0.8630379171147144
387,1.0,1.0,1.0,0.5523392480358345,0.9004535483299815,0.8905585592731631
388,1.0,0.9008523593053065,0.9331391228509444,1.0,0.6230583980469193,0.8914099760406341
389,1.0,1.0,0.0,0.5066014393421054,0.9179684081112165,0.6849139694906644
390,1.0,0.777488468505945,1.0,1.0,1.0,0.955497693701189
391,1.0,1.0,0.0,0.8468104583870343,1.0,0.7693620916774069
392,0.7447347370364198,0.7200031816069643,0.7035706625355084,0.7436362635377077,0.9544872023780774,0.7732864094189354
393,1.0,0.729238001238945,1.0,0.6641618182340299,0.595615981583077,0.7978031602112103
394,1.0,0.0,1.0,0.9198715176386313,1.0,0.7839743035277262
395,0.7958172603056738,0.0,0.6454509131501349,0.9877612101985663,1.0,0.685805876730875
396,0.7511350479004283,0.9568895980425086,0.8762049886039961,0.7018920045576128,1.0,0.8572243278209092
397,0.7388352937221451,0.9375648832286578,0.5600287435367806,0.5974964379388169,0.7798556372353969,0.7227561991323594
398,1.0,1.0,0.8325526036714224,0.8514969704028031,1.0,0.9368099148148451
399,1.0,0.7486955569813162,0.9639577927303821,1.0,0.4413002813171455,0.8307907262057688
400,1.0,1.0,1.0,0.6206192093237961,0.6939190386408453,0.8629076495929283
401,1.0,0.7433510725983206,0.5957767011826935,1.0,0.7833806136505037,0.8245016774863035
402,0.9873141531046677,0.8861331330843614,0.6991052366398498,0.09860298724763802,0.8772491076674589,0.7096809235487951
403,0.7074030320683998,0.9613968076997536,0.9439487948876136,0.8306849765435448,0.7686156129498795,0.8424098448298383
404,1.0,1.0,0.7816209115913308,0.9534418102789649,1.0,0.9470125443740592
405,0.7163121506660405,1.0,0.9986748940736099,1.0,1.0,0.94299740894793
406,0.7158495600219714,1.0,0.7782136786168344,1.0,0.9982753839079908,0.8984677245093593
407,1.0,0.9055671805900396,1.0,1.0,0.7498544931406068,0.9310843347461292
408,1.0,1.0,0.6965733968064302,0.0,0.8022751429991053,0.6997697079611072
409,1.0,1.0,0.7728586683100812,1.0,0.6258723409499094,0.8797462018519981
410,0.9873141531046677,0.9013945706870352,1.0,0.8700386559681398,0.8772491076674589,0.9271992974854604
411,0.020299790446776905,0.6843885483939048,1.0,0.5150848438488206,1.0,0.6439546365379004
412,0.8708365080687392,0.5632231946402195,0.9545438806181766,1.0,1.0,0.8777207166654272
413,1.0,0.886864388109248,0.24071789555422435,1.0,1.0,0.8255164567326944
414,1.0,0.6924136012852634,0.11789103513362185,1.0,1.0,0.7620609272837771
415,1.0,1.0,0.6000273635955103,0.8558405638983289,0.8956869226124641,0.8703109700212608
416,0.6785626581240968,1.0,0.876099255758944,0.3843039252214005,0.7974868649495187,0.7472905408107919
417,0.6432636898654179,0.5574021525488778,0.9923337357279016,1.0,0.6472941099666981,0.7680587376217791
418,1.0,1.0,0.9000878518853593,1.0,0.971048110437502,0.9742271924645722
419,0.0,0.15898042570357743,0.8042497180291115,1.0,0.9876217217522788,0.5901703730969936
420,0.3022577071517182,0.6965661840518915,0.7258030284942637,1.0,0.9865307138916531,0.7422315267179053
421,1.0,0.766339453334202,0.8584540685319237,1.0,0.7156892587137762,0.8680965561159804
422,1.0,1.0,0.83784927332456,0.0,0.7601243986441569,0.7195947343937434
423,1.0,0.6678775926819107,0.5266015167182346,1.0,0.8095051964928084,0.8007968611785907
424,1.0,1.0,0.7712060412612577,0.8123770443225194,1.0,0.9167166171167555
425,1.0,1.0,0.6791236662428474,1.0,0.9814324771855036,0.9321112286856701
426,1.0,1.0,1.0,0.6701488474474036,1.0,0.9340297694894808
427,0.6623229500733206,1.0,0.5128537364268282,0.5469183669005608,0.8583204359332747,0.7160830978667969
428,1.0,1.0,1.0,0.8071184590488727,0.9470193812332681,0.9508275680564282
429,1.0,0.9142621367460817,1.0,1.0,0.9566839595138088,0.9741892192519781
430,1.0,1.0,0.8192377088783426,0.9139721539306085,0.8544700897074747,0.917535990503285
431,1.0,0.8637395213419431,1.0,1.0,0.9768170456965516,0.968111313407699
432,0.6126668176017526,0.46909873129712387,1.0,0.7007328362740622,1.0,0.7564996770345878
433,0.0,0.6796176346968525,0.7505834484406221,1.0,1.0,0.6860402166274949
434,0.913518718706406,1.0,0.8229769004142349,1.0,1.0,0.9472991238241282
435,1.0,1.0,0.7226873462401826,1.0,1.0,0.9445374692480366
436,1.0,1.0,1.0,0.5249974539445166,1.0,0.9049994907889033
437,0.6525609955912067,0.888447445025888,0.5814565141987635,0.6973137762719399,1.0,0.7639557462175597
438,0.6888064026230626,1.0,1.0,0.33317803200761803,0.9616969753502627,0.7967362819961886
439,1.0,1.0,0.9545438806181766,1.0,1.0,0.9909087761236354
440,1.0,1.0,0.8527372517380256,1.0,0.8673275308343605,0.9440129565144773
441,1.0,1.0,0.8378217787971908,0.6426059640737296,1.0,0.896085548574184
442,1.0,0.7219379710552153,0.5461882888244484,0.8731321212220938,0.8224943289309555,0.7927505420065426
443,1.0,1.0,0.8237222563886422,1.0,0.6464881013370329,0.8940420715451349
444,1.0,1.0,0.9372064767796771,1.0,0.6652885296129822,0.9204990012785318
445,1.0,0.8507458106008844,0.644506937420181,1.0,1.0,0.899050549604213
446,0.8995583175214191,0.8168980029105967,0.6395543996353489,0.7979412708596112,0.7938986665251271,0.7895701314904207
447,0.6447669574793857,1.0,0.5822969934185427,0.9868173144409277,1.0,0.8427762530677713
448,1.0,0.8483656887882316,1.0,1.0,0.0,0.7696731377576463
449,0.6515920921492598,0.9375646728307823,1.0,0.5752816181458607,1.0,0.8328876766251806
450,0.8730810097978595,0.7092872531735196,0.7732112599064369,1.0,0.9788996080022988,0.8668958261760229
451,0.7460431387274288,1.0,0.7790956935682071,0.868666903126128,0.5293343914634339,0.7846280253770395
452,1.0,1.0,1.0,0.8821962718814652,0.767900990834293,0.9300194525431517
453,1.0,1.0,1.0,0.6426243329293944,0.8076142895363572,0.8900477244931503
454,1.0,0.7123821596702175,0.9337852901906377,0.8875994715041874,0.8246850035775696,0.8716903849885224
455,0.0,0.4684103102563661,1.0,0.6496535915811759,1.0,0.6236127803675083
456,1.0,1.0,1.0,0.8071184590488727,0.9470193812332681,0.9508275680564282
457,1.0,1.0,1.0,0.6701488474474036,1.0,0.9340297694894808
458,1.0,1.0,0.8165086235176536,1.0,1.0,0.9633017247035308
459,1.0,0.7836668653670239,1.0,0.9558640981387699,1.0,0.947906192701159
460,1.0,0.3941025709062982,0.0,0.8698093986545065,0.6519539811777719,0.5831731901477154
461,1.0,0.7989845201421281,1.0,1.0,0.7793022078814148,0.9156573456047086
462,1.0,0.5735973677894126,0.8320732542050486,0.5674874652091078,1.0,0.7946316174407138
463,1.0,0.8293996961834499,0.8664546778551578,0.9830233343158135,1.0,0.9357755416708843
464,0.734282187055411,0.7211082685972942,0.574645734838771,0.7488350057381934,1.0,0.7557742392459339
465,0.9155981391198106,1.0,0.9279603793184702,1.0,1.0,0.9687117036876561
466,0.8353526231504026,1.0,0.7718312206839428,0.9032066041955453,0.8514925914760043,0.872376607901179
467,0.9006627642062982,1.0,0.5796486788060078,1.0,1.0,0.8960622886024613
468,1.0,1.0,1.0,1.0,1.0,1.0
469,0.9138267674089754,1.0,1.0,0.7359551737031106,1.0,0.9299563882224172
470,1.0,0.9879026254842028,1.0,0.8173850173166952,0.9850565610944757,0.9580688407790747
471,0.6565172682767391,0.4429853036111237,0.9785526841400368,0.9416889652276056,0.6581431724580218,0.7355774787427054
472,1.0,1.0,0.7064657024155838,1.0,0.5510693935954128,0.8515070192021994
473,0.6634153594654619,0.30676515250629904,1.0,1.0,1.0,0.7940361023943522
474,0.8998690568519789,0.7268836903979718,1.0,0.5176469968924606,1.0,0.8288799488284824
475,1.0,0.7047500689771949,1.0,0.8057237781644719,0.4504283764142225,0.7921804447111779
476,0.6770063850163679,0.6130575795813225,0.9691147115652282,0.8984216889143006,0.7703099100611244,0.7855820550276686
477,1.0,0.965073658076746,1.0,0.7136183460119714,1.0,0.9357384008177435
478,0.9807461535764026,0.12255453179539812,1.0,1.0,0.5756890165692117,0.7357979403882025
479,1.0,0.820619111718684,0.8403932860455023,0.8441617379103843,0.5112556657298711,0.8032859602808884
480,1.0,1.0,0.5694373062462028,0.6680427098345895,1.0,0.8474960032161585
481,0.9352601924451356,1.0,0.7116950479341128,0.44523894023543237,0.31408406809183925,0.6812556497413039
482,1.0,0.0,0.7099525128381806,0.5581371654350731,0.8851423493921817,0.630646405533087
483,0.9579698808684308,0.9191006825190703,1.0,1.0,0.6958381434288118,0.9145817413632626
484,0.0,1.0,0.5587808062342539,0.7154255996111147,1.0,0.6548412811690737
485,0.9323686290034712,0.7985798402242732,1.0,0.5657735243594801,1.0,0.859344398717445
486,0.0,0.4953086670172586,0.802070365198898,0.6837111219984908,1.0,0.5962180308429295
487,0.5684537544073149,0.9879373386379234,0.7367038955758753,0.7054174161439167,0.8236883634544407,0.7644401536438943
488,1.0,0.48365953788405697,1.0,0.6798059591126651,0.6498851618851417,0.7626701317763727
489,1.0,0.9497409233011138,0.8602469830016535,1.0,0.5632920190685189,0.8746559850742572
490,1.0,0.9343722280012325,1.0,1.0,0.7792206933461862,0.9427185842694839
491,1.0,0.5046591289535547,0.47628901822571573,1.0,0.6740271022627518,0.7309950498884044
492,1.0,0.935730683771068,1.0,0.5995674462267794,0.5174577525473241,0.8105511765090343
493,0.7738014944086176,0.9179404405592348,0.8976472380219831,0.34644087709457344,0.931204316917491,0.77340687340038
494,0.839742017960229,0.9358927409975177,0.9828643814420225,0.7823864120436901,1.0,0.9081771104886919
495,0.8445704637237131,1.0,0.8800108382200716,0.8156465865130368,0.8457459320269621,0.8771947640967568
496,0.8717349400631325,0.11840603094709344,1.0,0.5810587731095731,0.6790860113420293,0.6500571510923656
497,0.6121827132623336,1.0,0.7586575137875382,1.0,1.0,0.8741680454099743
498,1.0,0.7530264432051235,1.0,0.939557000498534,0.7083406894304133,0.8801848266268142
499,1.0,0.8958898581723814,0.6751666845074015,0.8434960994435838,1.0,0.8829105284246733
500,0.9773999579551044,0.9383189464084144,0.6747599847859213,0.07946200292825298,0.7704472401308027,0.6880776264416991
501,1.0,1.0,0.7915751149152515,1.0,0.8795554128844748,0.9342261055599452
502,1.0,0.7140465434105066,0.578573970570279,1.0,0.9441543188316391,0.847354966562485
503,1.0,1.0,1.0,0.6749388319393818,1.0,0.9349877663878765
504,1.0,1.0,0.7848340242751459,0.4744334795748819,0.7065679092585314,0.7931670826217119
505,1.0,0.6871409020004485,1.0,0.8662815633972873,0.7470798299650313,0.8601004590725534
506,1.0,1.0,0.8687178082896005,1.0,0.7915886564915561,0.9320612929562314
507,1.0,0.42810404502576144,0.5409064758465315,1.0,1.0,0.7938021041744585
508,0.9585409666282596,0.8332235274784628,1.0,0.913667576476083,0.4931718680622262,0.8397207877290063
509,0.8769457418092771,0.821475870660982,0.8951126093200622,0.4744478138335632,0.6960385419241192,0.7528041155096007
510,0.6889626197588611,1.0,0.9910184999132875,0.3777874330559058,1.0,0.811553710545611
511,0.6255701925159591,1.0,0.6526054863803273,0.9263547953354732,0.6771127629553886,0.7763286474374297
512,1.0,1.0,0.7143229423051829,1.0,0.9197546885249164,0.9268155261660198
513,1.0,0.6924363313040356,1.0,0.9337179569917295,0.7774231465966606,0.8807154869784851
514,0.9758655737454728,0.7854105167354297,0.9524906087374527,1.0,0.8204550979322232,0.9068443594301157
515,1.0,1.0,1.0,0.3657961133809129,0.6230287572067567,0.7977649741175339
516,1.0,1.0,0.909439484963231,1.0,1.0,0.9818878969926462
517,0.8057644117095696,0.16673891419382755,1.0,0.36754169511302887,1.0,0.6680090042032852
518,1.0,1.0,0.8516607868780603,1.0,0.8601746357753858,0.9423670845306893
519,1.0,1.0,1.0,0.8423544553826764,0.9925725987420733,0.9669854108249499
520,0.999650158036611,1.0,1.0,0.5539060375651765,0.9298731811570942,0.8966858753517764
521,1.0,1.0,1.0,1.0,0.9563319224446908,0.9912663844889382
522,0.9191871498483559,1.0,0.025650798368267072,0.4953408710464453,0.6740271022627518,0.622841184305164
523,1.0,1.0,0.9785312662698207,0.8004090283342492,0.7303971588300003,0.901867490686814
524,0.7220798760157889,0.8533420600504641,1.0,1.0,1.0,0.9150843872132505
525,1.0,0.9305864987056327,1.0,0.8247194700841629,1.0,0.9510611937579592
526,1.0,1.0,0.8410727158081422,1.0,1.0,0.9682145431616285
527,0.7844414095675538,0.7470825863433678,1.0,0.7777389685294496,1.0,0.8618525928880743
528,1.0,0.8483104432544869,0.7663646290121008,0.797942809282581,1.0,0.8825235763098338
529,1.0,0.745556001018625,1.0,0.8689375650064979,1.0,0.9228987132050246
530,1.0,0.8324741186526546,0.6069071364729351,0.755821228826941,1.0,0.8390404967905063
531,1.0,1.0,0.8325526036714224,0.8514969704028031,1.0,0.9368099148148451
532,0.739790699318129,1.0,1.0,0.5981994716657553,0.7912695899560068,0.8258519521879781
533,1.0,1.0,0.8215724492346634,0.8883977311956341,0.6589564270903393,0.8737853215041274
534,1.0,0.9702063833890331,1.0,0.9116645214891308,1.0,0.9763741809756328
535,0.7160094339102345,1.0,0.7987458111379325,0.7618732179963946,0.7456190624312403,0.8044495050951606
536,1.0,0.8626905064255131,0.7441422301454557,1.0,0.7673824414815182,0.8748430356104974
537,1.0,1.0,1.0,1.0,1.0,1.0
538,1.0,0.8319012514011906,1.0,1.0,0.590531014155589,0.884486453111356
539,0.789033952767163,1.0,0.8122829138755739,0.6495294603618998,0.6317629133265141,0.7765218480662301
540,0.8952463627522625,1.0,1.0,0.6751179566485437,1.0,0.9140728638801612
541,0.8140224044221043,0.9353437136301813,0.8637185868930499,1.0,0.5617165292599532,0.8349602468410577
542,1.0,0.9180808240889142,0.6433864807790916,0.929118389901575,0.8424966934566476,0.8666164776452456
543,0.8342284471511568,1.0,1.0,1.0,0.4814835998348945,0.8631424093972104
544,0.8321885120723411,1.0,0.9039208454888027,1.0,0.0,0.7472218715122287
545,1.0,0.9339713022508597,1.0,1.0,0.7027348998493425,0.9273412404200403
546,0.7191905895735826,0.6979962076754527,0.9331096721699172,0.47949585891977853,0.7970932243366681,0.7253771105350799
547,1.0,0.7903702979311311,0.691832847473106,0.5182652574580014,0.8785474300209949,0.7758031665766467
548,1.0,0.6654241317206446,0.8043142864627674,0.6932954632950096,0.5068188572550419,0.7339705477466927
549,1.0,1.0,0.5997044893456325,0.6668836113152161,1.0,0.8533176201321698
550,0.8386942099105086,0.19189108236477004,0.7926665415590587,0.5522769346983555,1.0,0.6751057537065386
551,0.0,0.775615150630797,1.0,0.6680811443749567,0.7578499549501401,0.6403092499911788
552,1.0,1.0,0.7647731335281482,0.7264396433362273,0.7532120841020115,0.8488849721932775
553,1.0,1.0,0.77325742862378,1.0,0.9259264847086031,0.9398367826664767
554,1.0,0.7083262425034417,0.23853968611552964,0.7727013380214959,0.9197839343569656,0.7278702401994865
555,1.0,1.0,0.8751828284310385,0.6518523804009233,0.8687124904415049,0.8791495398546934
556,0.7318637470689416,0.7093898144491944,1.0,0.8828211243823701,1.0,0.8648149371801012
557,0.7894087252006838,0.720830169589677,1.0,0.6643399502427577,0.6934943383965909,0.773614636685942
558,1.0,1.0,0.9188214102029787,0.763602324850434,1.0,0.9364847470106825
559,0.9261044418170887,1.0,1.0,1.0,1.0,0.9852208883634177
560,1.0,1.0,1.0,0.6472248248745581,0.7811220822680979,0.8856693814285311
561,1.0,1.0,0.758481292406481,1.0,0.878965264035459,0.9274893112883881
562,1.0,0.8147965929508082,0.5801926545137943,0.9853836150690721,0.979060363737806,0.8718866452542962
563,1.0,0.652878566990833,0.7059058593613646,1.0,0.7951119623247866,0.8307792777353968
564,1.0,1.0,0.6941479810694331,0.17669921989015136,1.0,0.7741694401919169
565,0.8081146418283738,1.0,0.655382534846019,0.679935442993546,0.7711945216387324,0.7829254282613343
566,0.913518718706406,1.0,0.8229769004142349,1.0,1.0,0.9472991238241282
567,0.0,1.0,0.9608723197638146,0.8324360190711149,1.0,0.758661667766986
568,1.0,0.3110682359311945,1.0,1.0,0.6914438246395721,0.8005024121141533
569,0.849719423634137,0.7468229102025853,1.0,0.6113581443443483,1.0,0.841580095636214
570,1.0,0.8124713666698619,1.0,0.5315661640432549,0.7034143704453397,0.8094903802316914
571,1.0,0.8492215463629965,1.0,1.0,0.7598460414906043,0.9218135175707202
572,0.5451138956229276,1.0,1.0,0.7906425550349773,0.7715608663549774,0.8214634634025764
573,0.5827469625558865,0.630864009202762,0.8477821482288559,1.0,1.0,0.8122786239975008
574,0.7686744200235643,0.9668963770298138,0.9054974617360604,0.5085426181120842,1.0,0.8299221753803045
575,1.0,0.34727211517711565,0.3104013511570402,0.9445441232283414,0.877517743655025,0.6959470666435044
576,1.0,0.8691420345795867,1.0,0.5084686129044496,0.8131471693727813,0.8381515633713634
577,0.7096333136000568,0.6824175608489823,1.0,0.5170513518263885,1.0,0.7818204452550855
578,1.0,0.0,1.0,0.7763646880280642,0.6313379817394384,0.6815405339535006
579,1.0,0.8808912966668038,0.7503490141502065,1.0,1.0,0.926248062163402
580,0.73364398629981,0.9410911761274289,1.0,0.5748207618636212,0.7987835807039874,0.8096679009989695
581,1.0,0.9413654858063147,0.941820459084999,0.704071122158201,0.8784764587156166,0.8931467051530262
582,1.0,0.7931758630104707,0.6613139639003834,0.8888375611301483,1.0,0.8686654776082005
583,0.9364193769418632,0.8808468131545844,1.0,0.5836837935837611,1.0,0.8801899967360416
584,1.0,1.0,0.954297854150031,1.0,1.0,0.9908595708300062
585,1.0,0.7569129129695122,1.0,1.0,0.7471459804296902,0.9008117786798404
586,1.0,0.6900826334791944,0.5364896687361865,1.0,1.0,0.8453144604430761
587,0.6346415533094127,1.0,0.587011631366009,1.0,1.0,0.8443306369350843
588,1.0,1.0,0.0,1.0,1.0,0.8
589,1.0,0.8421949261955948,1.0,1.0,0.47917516025379736,0.8642740172898785
590,0.8179701557297405,0.9160858508084824,0.843700903486928,0.8206487522695428,0.8802804234793911,0.855737217154817
591,0.6121827132623336,0.6112923113372979,1.0,1.0,1.0,0.8446950049199262
592,1.0,1.0,0.8900947579910347,0.7636023248504343,1.0,0.9307394165682938
593,0.865533589515205,0.8796500968084331,0.9757233602269779,0.7179727300587768,1.0,0.8877759553218786
594,1.0,0.805647598797909,0.835860061701613,0.48144942476852454,0.6039891835129108,0.7453892537561915
595,1.0,0.8899053308436847,0.6688398160214529,0.536192396965631,1.0,0.8189875087661538
596,1.0,0.7152160294624047,0.0,1.0,0.8562430549789093,0.7142918168882628
597,0.7162742208805912,1.0,1.0,0.5678301699419287,0.6831049752790943,0.7934418732203229
598,0.0,0.8787272648661952,1.0,0.0,1.0,0.5757454529732391
599,1.0,1.0,0.0,0.8468104583870343,1.0,0.7693620916774069
600,1.0,0.8785363629427432,0.6978160881062263,0.48331439084460426,1.0,0.8119333683787147
601,1.0,1.0,0.6120371783580779,0.451406552455831,1.0,0.8126887461627816
602,1.0,0.871368698070624,0.7341360784909065,0.6652223222497231,1.0,0.8541454197622507
603,1.0,1.0,0.8410727158081422,1.0,1.0,0.9682145431616285
604,1.0,0.871427378543241,0.7237673381644881,1.0,1.0,0.9190389433415458
605,0.6313002866649167,0.7594449455073056,1.0,0.9493566080561968,0.5307941049162882,0.7741791890289415
606,1.0,1.0,0.8325526036714224,0.25908108088722,0.5067927996078364,0.7196852968332957
607,0.7343282013772237,1.0,1.0,0.29362784225335464,1.0,0.8055912087261156
608,1.0,0.7487532061211801,1.0,0.9550601296509429,0.7298760253282,0.8867378722200646
609,1.0,0.5546674701002254,0.5814685152711079,0.8717467207277031,1.0,0.8015765412198073
610,1.0,0.8569705132381511,0.6942645437492962,0.8434960994435838,1.0,0.8789462312862062
611,1.0,1.0,0.9460095411308054,0.9944779363828963,1.0,0.9880974955027403
612,1.0,1.0,0.2942678372708021,0.8138241037613074,1.0,0.8216183882064219
613,0.7103952784635228,1.0,0.8616905881119443,1.0,0.4623460998991203,0.8068863932949174
614,0.23636236608641933,0.7871279490254544,0.5730890524401595,1.0,1.0,0.7193158735104067
615,0.9261044418170887,1.0,1.0,1.0,1.0,0.9852208883634177
616,1.0,1.0,0.6941479810694331,0.5370991620568659,1.0,0.8462494286252598
617,1.0,0.9195127772299562,0.8484244556859755,0.6563785412851165,1.0,0.8848631548402096
618,1.0,1.0,0.9717992573867159,0.7825764098907906,0.6042134982232098,0.8717178331001433
619,1.0,0.729838223092527,0.9928408989080252,0.8669308333205114,0.8046141551412539,0.8788448220924634
620,1.0,1.0,0.7173601099900889,0.34565625864155297,0.6573275249767642,0.7440687787216812
621,0.5888566958770622,1.0,0.5951923464820617,0.8794441006200946,0.9189550453226413,0.7964896376603721
622,1.0,0.816436241183387,1.0,0.6969150311975583,0.96002358757826,0.8946749719918412
623,1.0,0.7742645724354656,0.7101966558886917,1.0,0.4873959964953437,0.7943714449639002
624,1.0,0.8090450087112373,0.6707753321662622,0.9273536565526533,0.6248862337990065,0.806412046245832
625,1.0,1.0,0.6942755079013037,0.719200747549849,1.0,0.8826952510902306
626,0.8179701557297405,0.9160858508084824,0.843700903486928,0.8206487522695428,0.8802804234793911,0.855737217154817
627,0.7139935915136171,0.9619346594085882,0.916786075196945,0.5835463945165065,0.7276288459113024,0.780777913309392
628,0.9917229644780989,1.0,0.7682808054592214,0.47844983950131276,0.8575752092246294,0.8192057637326524
629,0.598140747798248,0.39034068804486366,1.0,0.9997761821215594,1.0,0.7976515235929342
630,1.0,1.0,0.6338250629671753,1.0,0.7169820862502465,0.8701614298434844
631,0.8477295669291197,1.0,0.6370612806402565,1.0,0.9101204405251061,0.8789822576188964
632,0.6902850326568385,0.7791813214590898,0.6007685037111757,1.0,0.6804492897218709,0.750136829509795
633,0.7007699494650846,1.0,0.0,1.0,0.8045826870720085,0.7010705273074186
634,0.7419199197462379,1.0,1.0,0.5623552908745975,1.0,0.860855042124167
635,1.0,1.0,0.6989695948226907,1.0,0.5856035846283125,0.8569146358902007
636,1.0,0.8234523158151191,1.0,1.0,0.6041248297164192,0.8855154291063076
637,1.0,1.0,0.0,0.8342452400992444,1.0,0.7668490480198489
638,1.0,1.0,0.9004549470759569,0.8436650043332856,0.7703155045449571,0.9028870911908399
639,1.0,1.0,0.6775507274188308,0.9935126346123883,0.5944682789677654,0.8531063281997969
640,0.5998167651125156,1.0,1.0,0.0,1.0,0.7199633530225031
641,0.8580953397051856,0.9516621599192963,1.0,0.7873928525166748,0.8613579721807227,0.8917016648643757
642,1.0,0.6103370565950639,0.8231393583850566,0.917502933427681,1.0,0.8701958696815602
643,0.7362147208799987,0.8171588881578951,1.0,0.8130900040226527,0.7067242331646593,0.814637569245041
644,1.0,1.0,0.0,1.0,0.5988981757799151,0.7197796351559831
645,1.0,1.0,0.0,1.0,0.9061405168586018,0.7812281033717203
646,0.6856451266189962,1.0,1.0,0.46623763380519007,1.0,0.8303765520848373
647,0.9673243536572312,1.0,0.9222972947068454,0.7528184321885382,0.643690648085628,0.8572261457276487
648,0.7759286827002957,1.0,1.0,1.0,0.7474388906628407,0.9046735146726274
649,1.0,1.0,0.9892012391355212,0.49205887157700823,0.9468043897281464,0.8856129000881353
650,1.0,0.9504423162725335,1.0,0.9630909389489265,0.5746278431301785,0.8976322196703276
651,1.0,1.0,0.6232737052838898,0.7589970252632166,0.9541183156335141,0.8672778092361242
652,1.0,0.6404648907326516,0.7033966535165761,0.8428086098226907,1.0,0.8373340308143836
653,1.0,1.0,0.8190517111441318,1.0,0.8562430549789093,0.9350589532246083
654,1.0,0.6095557014767224,0.7220113776344969,0.6444501598017818,0.8908614734981906,0.7733757424822383
655,0.0,0.22890173158573388,1.0,0.7465326308269701,1.0,0.5950868724825408
656,1.0,0.9334603010501523,1.0,0.9408940334547222,0.684659867835495,0.9118028404680739
657,1.0,0.7828797717219294,1.0,1.0,0.4785683083979648,0.8522896160239789
658,1.0,1.0,1.0,0.578333150496795,0.8174097328821325,0.8791485766757855
659,0.5438481482316254,0.0,0.9030274708201304,0.534230545830417,0.9734497238521491,0.5909111777468643
660,1.0,1.0,0.6698002393409671,0.49276100116098515,1.0,0.8325122481003906
661,0.7689412211303286,1.0,1.0,0.7958419762334309,0.8801669202961263,0.8889900235319772
662,1.0,0.33585127110413077,0.5504061480661296,0.9353224599236352,0.8919692196459655,0.7427098197479721
663,1.0,1.0,0.7429937300156839,0.636489692476205,0.7291142532266661,0.8217195351437109
664,1.0,1.0,0.7703627520951933,1.0,1.0,0.9540725504190387
665,1.0,1.0,0.8109036339317798,0.8548625362998116,0.8415676167992348,0.9014667574061651
666,1.0,1.0,1.0,0.5251237556087995,0.6917587922318353,0.843376509568127
667,0.9286634573021579,0.8300972286127377,0.6491949338825048,0.5575091557374124,1.0,0.7930929551069625
668,1.0,1.0,0.0,0.4711970643155033,1.0,0.6942394128631006
669,1.0,0.8174366152448034,0.6183810273768124,1.0,1.0,0.8871635285243231
670,1.0,0.9012453395528481,0.9548127514246203,1.0,0.5954208931118734,0.8902957968178683
671,1.0,1.0,0.8983089360812779,0.41752131316243135,0.6776016952793299,0.7986863889046079
672,0.6789575230825512,0.6345425984434071,0.7486648676018534,0.9291183899015749,0.8424966934566476,0.7667560144972068
673,1.0,1.0,0.6557151146342644,0.7275430323181653,0.9871579792369348,0.8740832252378729
674,0.8910454954800269,1.0,1.0,0.44876692817401564,0.525267456151655,0.7730159759611396
675,1.0,0.6334961162761564,0.12320560437340473,1.0,0.6891134912358482,0.6891630423770818
676,1.0,0.905981586267351,1.0,1.0,0.8819197092651134,0.9575802591064928
677,1.0,0.7452160503144712,0.8678915406955487,1.0,0.6875336989244074,0.8601282579868854
678,0.9215382300850119,0.9924403037771412,0.716550420338759,1.0,0.8891751037083392,0.9039408115818504
679,1.0,0.7852846907984207,0.6749330514094134,0.7889643170187408,1.0,0.849836411845315
680,1.0,1.0,0.822896322392318,0.45864616518612783,1.0,0.8563084975156892
681,1.0,0.7251529285573313,0.9413698252874807,0.9408940334547222,0.684659867835495,0.858415331027006
682,1.0,1.0,0.9797810756538856,0.6710720524658729,0.7417039821097581,0.8785114220459034
683,1.0,0.8450952032559619,0.5420908358823192,0.602681255008185,0.7384036290841157,0.7456541846461164
684,1.0,1.0,0.6941479810694331,0.5370991620568659,1.0,0.8462494286252598
685,1.0,1.0,0.784794212349854,1.0,0.598898175779915,0.8767384776259538
686,1.0,0.9819073395068146,0.6991573969654379,0.812395078366493,0.3392272581220997,0.7665374145921691
687,0.6048297623084968,1.0,1.0,0.48933460095395154,1.0,0.8188328726524897
688,0.7122815335954621,1.0,1.0,0.6174980107111697,0.8063726363142313,0.8272304361241727
689,1.0,0.8729975325425917,0.9404515478085851,0.9205409923634715,0.7664347243638516,0.9000849594157
690,1.0,0.7730818948877963,1.0,1.0,0.599661757079408,0.8745487303934409
691,0.7210757251717329,0.7333821197318459,1.0,0.8420564414770776,1.0,0.8593028572761312
692,0.7520593109193412,0.762132419219919,1.0,0.8886433521174748,0.8227413493244621,0.8451152863162396
693,1.0,0.6112012256235537,0.9383479395354638,0.9869329351674857,0.8993535837062239,0.8871671368065452
694,1.0,0.7782691657952373,1.0,0.9900073053256925,1.0,0.953655294224186
695,0.6210338290037458,1.0,0.6368981052392977,0.0,1.0,0.6515863868486087
696,0.6160809961639996,0.2578570235658523,0.9710913339981906,0.6380441804872153,1.0,0.6966147068430516
697,0.8627119136174863,1.0,0.3563025398043193,1.0,0.0021675721555216815,0.6442364051154654
698,0.7669817170625881,1.0,0.8283702791903298,0.0,1.0,0.7190703992505836
699,0.8631225043607605,0.6638586803021718,1.0,0.5175760690971899,1.0,0.8089114507520243
700,1.0,0.9674544617193946,1.0,0.9281931407456759,0.8283348379743913,0.9447964880878924
701,1.0,0.7974343789722675,1.0,1.0,1.0,0.9594868757944536
702,1.0,1.0,0.6848422224495542,0.7709988348006972,0.9632105007997306,0.8838103116099963
703,0.9970095027271312,1.0,0.7820581959575873,1.0,0.6124075312767441,0.8782950459922926
704,0.9441783112870227,1.0,0.7745823159186124,0.5512269598488352,0.978821736648027,0.8497618647404994
705,0.7090915761558579,1.0,0.5270971107750502,0.925967373360878,1.0,0.8324312120583572
706,0.9601409095939819,1.0,0.8563995589809311,1.0,0.8358643389309333,0.9304809615011692
707,0.9121742281873914,1.0,1.0,0.36754169511302887,1.0,0.8559431846600841
708,0.9205259659185167,1.0,0.8436579531256861,1.0,1.0,0.9528367838088407
709,1.0,0.9046931898881232,0.8211071058772642,1.0,1.0,0.9451600591530773
710,1.0,0.751990328407007,0.6644377098138721,1.0,1.0,0.8832856076441757
711,0.9806980537631189,0.9490785399768681,0.6541325820090104,0.1831329866130337,1.0,0.7534084324724062
712,0.776708617006627,1.0,0.1714109168440277,0.7552208315049718,1.0,0.7406680730711253
713,0.9788676739264617,0.904739115740585,0.865631683581296,1.0,1.0,0.9498476946496686
714,1.0,0.7974343789722675,1.0,1.0,1.0,0.9594868757944536
715,0.8716162838610094,0.8126237265758186,0.8540280747247525,0.5956654367447569,0.8909503778572356,0.8049767799527145
716,1.0,0.8902346078766409,0.8741588440965158,1.0,1.0,0.9528786903946314
717,1.0,1.0,0.663713851798075,1.0,0.568821676017708,0.8465071055631567
718,1.0,0.8082832596551293,1.0,0.7756754843540358,0.765085159686568,0.8698087807391467
719,1.0,0.6199723304516954,0.23199488184588846,1.0,0.42084376802470996,0.6545621960644589
720,0.8936172546025879,1.0,0.885424671324337,0.3810949136647639,1.0,0.8320273679183376
721,1.0,0.8153907262443849,0.8781988131427315,1.0,0.9497805649813393,0.9286740208736912
722,0.7926554793471491,1.0,0.9578529520722,1.0,1.0,0.9501016862838698
723,0.9645673666122724,0.4637420610512367,1.0,0.0,1.0,0.6856618855327018
724,1.0,0.6808993498333996,1.0,0.31910065016660033,0.7490362257582907,0.7498072451516581
725,0.995888715403616,1.0,1.0,0.0,1.0,0.7991777430807232
726,1.0,1.0,0.8342182935626838,1.0,1.0,0.9668436587125366
727,1.0,0.7798815100736074,0.5684276422814792,1.0,1.0,0.8696618304710174
728,1.0,0.9514142469960987,0.7634835865069041,1.0,1.0,0.9429795667006005
729,0.0,0.869166157733235,1.0,1.0,1.0,0.7738332315466471
730,0.5744710921354592,0.9536750968897489,0.6658536536002663,0.6851720689238654,0.7228566665413965,0.7204057156181473
731,1.0,0.9706582598334501,0.8805181070131984,0.6277047488698857,1.0,0.8957762231433068
732,0.8954108034863761,0.9436277875596002,1.0,1.0,0.9061490654531897,0.9490375312998331
733,0.9254563880918614,1.0,0.8377134488266332,0.799565116391121,1.0,0.912546990661923
734,1.0,1.0,0.7337867152660691,0.6689806341729975,0.7084867802259303,0.8222508259329994
735,0.7822945521196928,1.0,0.7033457285099888,0.39566668426255647,0.884785695679196,0.7532185321142869
736,1.0,1.0,0.7926977168148245,0.8679985330718272,0.9311333100442225,0.9183659119861748
737,0.9687211389432185,0.7856503918664277,1.0,0.8116429042469374,0.8881231385497314,0.890827514721263
738,1.0,1.0,1.0,1.0,0.675615052640771,0.9351230105281543
739,0.9601409095939819,1.0,0.8563995589809311,1.0,0.8358643389309333,0.9304809615011692
740,0.849854645539778,0.9109299581426662,1.0,0.23843005449294274,0.6559365818478898,0.7310302480046553
741,0.6483835410449232,0.6200053664598447,0.9440990348820564,0.8668403314668096,0.9148325433416401,0.7988321634390549
742,1.0,0.858648113707751,0.7591101279034492,1.0,0.7143699443355084,0.8664256371893417
743,1.0,0.5938552600678306,0.9263261112887806,0.5583237352355153,1.0,0.8157010213184254
744,1.0,0.809005106928256,1.0,0.9395132801589164,0.7203610005853657,0.8937758775345076
745,0.8214368958925464,0.6631041389797941,0.8218281391489602,0.8816747763581232,1.0,0.8376087900758848
746,0.0,1.0,0.9535631572108725,0.7959519300329881,1.0,0.7499030174487722
747,1.0,1.0,0.7226873462401826,1.0,1.0,0.9445374692480366
748,1.0,0.8892567229718812,0.8318172572157878,0.9051184452099761,0.843264873134753,0.8938914597064794
749,0.8485169981251371,1.0,0.8738146288138101,0.9176750681212961,1.0,0.9280013390120487
750,1.0,0.4571012249221474,0.8366482229368297,0.7095862498907097,0.6425196033200111,0.7291710602139396
751,1.0,1.0,0.0,1.0,0.8045826870720085,0.7609165374144017
752,1.0,1.0,0.0,0.46452693178514487,1.0,0.6929053863570289
753,0.9873248536144146,0.9653297125051435,1.0,0.5254250932440926,0.9667147944198468,0.8889588907566995
754,0.0,1.0,0.2783354001199918,0.49713834468231155,1.0,0.5550947489604606
755,1.0,0.8210453509835416,0.7352067879713495,1.0,1.0,0.9112504277909782
756,0.2432337736321575,0.5251927648776544,0.7260569114512453,1.0,1.0,0.6988966899922114
757,0.7061316016088199,0.6726424190618715,1.0,0.34591845510327046,0.7508111517280107,0.6951007255003945
758,1.0,0.0,1.0,1.0,1.0,0.8
759,1.0,0.8474720691094675,0.8100534004093212,1.0,0.31341431007408466,0.7941879559185747
760,0.8513495098167735,1.0,0.7572988249729435,0.6227646525421153,1.0,0.8462825974663666
761,0.8519327345671289,0.3217384829216106,0.9430603018634058,1.0,1.0,0.823346303870429
762,1.0,0.0,0.7536522732513485,0.6797068141413318,0.9016641235101884,0.6670046421805738
763,0.8760566335891137,0.8874003891836522,0.6915469007482734,1.0,0.0,0.6910007847042079
764,0.9261044418170887,1.0,1.0,1.0,1.0,0.9852208883634177
765,1.0,0.9581940283362509,1.0,0.6581799442938949,1.0,0.9232747945260291
766,0.8726960736764765,1.0,0.9923481556213289,1.0,1.0,0.9730088458595609
767,0.5299904227214496,1.0,0.7006486005734281,0.704988949297189,1.0,0.7871255945184134
768,1.0,0.9979770136100126,1.0,1.0,1.0,0.9995954027220024
769,0.6146706569563277,1.0,0.6558553516237096,1.0,0.7009812410437525,0.794301449924758
770,0.7605813073418023,1.0,0.6567972844219641,0.8586391015208654,1.0,0.8552035386569263
771,1.0,0.9157226064227262,0.6816404608057067,1.0,1.0,0.9194726134456866
772,1.0,1.0,0.8268832275650734,1.0,0.8150049460552876,0.9283776347240723
773,0.9757463951595549,0.9923049106442823,1.0,0.6694127197309664,0.43015492315820925,0.8135237897386025
774,1.0,0.777488468505945,1.0,1.0,1.0,0.955497693701189
775,1.0,0.3619558195127847,0.5631750851313683,1.0,1.0,0.7850261809288306
776,1.0,0.8373345409072477,0.9164938345348002,0.6391459876605934,0.8658464833074011,0.8517641692820085
777,1.0,1.0,0.8268832275650734,1.0,0.8150049460552876,0.9283776347240723
778,0.9295895905244763,0.6040637679816673,0.71321595616883,0.7632461757183171,0.8641688007856883,0.7748568582357958
779,1.0,0.6673298211812153,1.0,0.6697152612682717,0.6677009541911815,0.8009492073281337
780,1.0,0.8809214349816612,1.0,0.22786387725337492,0.6573229931604714,0.7532216610791015
781,0.6461907546219685,0.7183499812610151,1.0,0.8370443945731127,1.0,0.8403170260912193
782,0.8435334429437525,0.6898828848119779,1.0,1.0,1.0,0.9066832655511462
783,1.0,0.7353442194068783,0.8317571004312815,1.0,0.6342678559850697,0.8402738351646459
784,0.9070880599443666,1.0,0.8171530769541938,0.0,0.7589730359630106,0.6966428345723142
785,1.0,1.0,0.7926977168148245,0.8679985330718272,0.9311333100442225,0.9183659119861748
786,1.0,1.0,0.7602703326739948,0.4742093905242401,0.6948295869406459,0.7858618620277762
787,1.0,1.0,0.6925738444352675,1.0,1.0,0.9385147688870535
788,0.7157688625584939,0.35444826626865267,0.8268832275650734,1.0,0.8150049460552876,0.7424210604895015
789,1.0,0.6711572795018812,0.5111319205383517,0.726683162278016,0.7707455305410617,0.735943578571862
790,1.0,0.7530264432051236,0.7161663959470486,0.5875072629643099,0.7083406894304133,0.7530081583093791
791,0.7573439355028466,0.5992249573447027,1.0,0.6937324199891343,0.9778452181607784,0.8056293061994925
792,1.0,1.0,1.0,0.874537058109194,0.7699675302172452,0.9289009176652879
793,0.6597510876817014,0.6167138276937693,1.0,0.3506651990761075,0.8209115522916103,0.6896083333486377
794,0.7526419369125331,0.8919251730019198,1.0,0.6945790020202061,0.7846376887366774,0.8247567601342674
795,1.0,0.8318957217892365,0.6617395126338566,1.0,0.702617791277104,0.8392506051400395
796,1.0,1.0,1.0,1.0,0.9320326049246773,0.9864065209849354
797,1.0,0.7476546859542402,0.0,1.0,1.0,0.7495309371908481
798,1.0,1.0,0.8614427609287296,1.0,0.3710347418799546,0.8464955005617367
799,1.0,0.8326154049704894,0.986999614311156,0.7757202159486538,0.8010902791000185,0.8792851028660635
800,1.0,1.0,0.7204227631219672,0.7457920682777759,1.0,0.8932429662799486
801,1.0,1.0,0.9217097150156739,0.9925884485371071,1.0,0.9828596327105561
802,0.35583465837000766,0.7859017889028783,0.5957770970428233,1.0,0.7833838913815905,0.70417948713946
803,0.6652921355050828,0.9559068181939442,0.7407667070021686,0.3883254612301746,0.9551464541280491,0.7410875152118839
804,0.880832020023265,1.0,0.6361586904133286,0.31350140075202493,0.9934657715881237,0.7647915765553485
805,0.8143374082751499,0.9241507443325584,1.0,0.6256913772708033,0.8275331995639069,0.8383425458884837
806,1.0,0.28992417847911,0.4335108049867154,0.7559404219618661,1.0,0.6958750810855383
807,0.3758369794698579,1.0,0.0,0.9740249262087888,1.0,0.6699723811357293
808,1.0,0.9670001854892674,1.0,1.0,0.9547989825482989,0.9843598336075132
809,0.9215382300850119,0.9924403037771412,0.716550420338759,1.0,0.8891751037083392,0.9039408115818504
810,0.883605373531772,1.0,1.0,0.5917497568185776,0.9492446769431089,0.8849199614586917
811,1.0,0.724151068181631,0.5606840819958311,1.0,0.8795554128844757,0.8328781126123875
812,1.0,0.905981586267351,1.0,1.0,0.8819197092651134,0.9575802591064928
813,0.3055819121572542,1.0,1.0,0.3246985661542717,0.19583344020980817,0.5652227837042668
814,1.0,0.7646438288456001,1.0,1.0,1.0,0.9529287657691199
815,0.9992040831806832,0.5321587235298925,0.16495525647277856,1.0,0.6754029454261856,0.6743442017219079
816,0.9698682902283504,0.9994653058151117,0.5352068392020503,0.5118409510180935,0.2656356842799365,0.6564034141087085
817,1.0,1.0,0.9299339122167485,0.7650639318347084,0.8745415001091043,0.9139078688321123
818,1.0,0.7641964313055284,0.6023507204688826,1.0,0.812259364812621,0.8357613033174063
819,0.8524407887233768,0.7975305461499244,1.0,0.7254965396808837,1.0,0.8750935749108371
820,1.0,0.7627350712014956,0.7213810576769811,1.0,1.0,0.8968232257756952
821,1.0,1.0,0.6561282735392051,0.8807326285544964,0.8502519725393424,0.8774225749266089
822,0.30735580034100773,0.7196203857380962,1.0,0.9448670750103176,0.800121418648916,0.7543929359476675
823,0.8053440036381477,0.7825985423548039,0.28969390821411933,1.0,0.7606855593137481,0.7276644027041639
824,0.7632359810981937,1.0,0.6917495960043236,0.7180957893801215,0.5793538952921744,0.7504870523549627
825,1.0,0.8374894331768413,0.1833907195725273,0.9859954830440458,0.8278924629194171,0.7669536197425663
826,1.0,0.936926971651399,1.0,0.9037980493650589,1.0,0.9681450042032915
827,0.852046871225156,1.0,0.6897866952319239,0.7890852157252362,0.560411264566348,0.7782660093497328
828,0.6548411417706238,1.0,0.7349630895141258,1.0,1.0,0.8779608462569499
829,1.0,0.8201178328689895,0.8928415940036087,0.6714348787276047,1.0,0.8768788611200407
830,1.0,1.0,1.0,0.0,0.9781628658926841,0.7956325731785368
831,0.7754270684445091,1.0,0.6269616415929936,0.8373648044374474,0.7115776722969099,0.790266237354372
832,1.0,1.0,0.9116982359609794,0.763184842666654,0.790286686476455,0.8930339530208178
833,1.0,0.9196777585999734,1.0,0.9562593452606438,0.20086455182159663,0.8153603311364428
834,0.8366099754079185,0.5719680684585202,0.9135600141695853,1.0,1.0,0.8644276116072049
835,0.9205174543805261,0.8278252654931546,0.9034180800082859,0.5729739903102048,1.0,0.8449469580384342
836,0.9353992513044452,0.5441829926436249,0.6010786894346457,1.0,0.7266974652901337,0.76147167973457
837,1.0,0.5775763853936942,0.5926731758384394,0.9659583058010166,0.6017680171639219,0.7475951768394145
838,1.0,1.0,0.7720170248072799,0.8689353366914218,1.0,0.9281904722997403
839,0.6605675187516081,0.9472293520457717,0.7370819391723654,0.6357336288078811,1.0,0.7961224877555253
840,1.0,1.0,0.8454957593194447,0.9120447332267287,0.0,0.7515080985092346
841,0.7004454840559028,1.0,0.762749930013479,1.0,1.0,0.8926390828138764
842,1.0,1.0,0.1421630445537877,0.4987893332431946,1.0,0.7281904755593965
843,1.0,0.9561072688551284,0.969149729777838,0.9561652811050692,0.8758616822407131,0.9514567923957499
844,0.904383222874826,1.0,0.0,0.8758054390820754,0.9846508743352841,0.752967907258437
845,1.0,1.0,1.0,1.0,0.8601562020001368,0.9720312404000273
846,1.0,1.0,1.0,0.6316511759184336,0.7153964199914099,0.8694095191819686
847,1.0,1.0,0.867560737751313,0.8930949852762499,0.7030173518940831,0.8927346149843292
848,0.7532287336291369,1.0,1.0,0.5024232267877994,1.0,0.8511303920833873
849,1.0,1.0,1.0,1.0,1.0,1.0
850,1.0,1.0,0.3449136049233457,0.25234531404576,1.0,0.7194517837938211
851,0.8179701557297405,0.9160858508084824,0.843700903486928,0.8206487522695428,0.8802804234793911,0.855737217154817
852,0.0,0.6406866758221088,0.9414707462721181,0.7429102540772953,1.0,0.6650135352343044
853,1.0,1.0,0.7851469489508148,0.47743811722080604,0.5953314566974057,0.7715833045738053
854,1.0,1.0,0.0,1.0,1.0,0.8
855,0.9776461581789476,0.9184404667684725,0.7774689094171215,0.7240307028422501,0.9882112914006499,0.8771595057214883
856,0.9111182175391415,1.0,0.7597588087647226,1.0,0.7018593064923305,0.874547266559239
857,0.9599831241815112,0.7001899254903545,0.9936460571237423,1.0,0.5754975845949462,0.8458633382781109
858,0.6709879605907495,1.0,0.0,0.8043030568895316,0.7828356573087243,0.6516253349578011
859,0.9644694252109133,0.3791101350530412,0.545295572922516,0.5471186430982339,1.0,0.6871987552569409
860,1.0,0.729838223092527,0.9928408989080252,0.8669308333205114,0.8046141551412539,0.8788448220924634
861,0.0,1.0,0.5211740779215948,1.0,1.0,0.704234815584319
862,1.0,0.902008617596368,0.831433698151155,1.0,0.5749949086326861,0.8616874448760419
863,1.0,1.0,1.0,0.6618634318864138,0.9462571804315231,0.9216241224635875
864,0.9344774583665502,0.965221798149952,0.7671972190679597,1.0,0.32339071231134003,0.7980574375791604
865,0.8485169981251371,0.7471780171177116,1.0,0.9176750681212961,1.0,0.902674016672829
866,1.0,0.6790725970169073,0.8638354694927743,0.8459512030120246,0.677365161138894,0.8132448861321201
867,1.0,1.0,0.9123741944086445,0.8079842724157059,0.8620135691079466,0.9164744071864593
868,0.7504022372011467,0.7012001993502729,1.0,0.8827545669666607,1.0,0.8668714007036161
869,1.0,1.0,0.9372064767796771,1.0,0.6652885296129822,0.9204990012785318
870,1.0,0.8686080128373278,0.6864771877977353,1.0,0.8807816031473797,0.8871733607564884
871,0.8938309643816582,1.0,1.0,0.5225531276634626,0.9312094486887041,0.8695187081467651
872,0.0,0.76282043782165,0.8124283953425571,1.0,0.25504663253320625,0.5660590931394827
873,1.0,1.0,0.6555534889135621,0.7613061563561622,0.7672789363489672,0.8368277163237383
874,0.8951320224299727,0.8735017860629559,1.0,1.0,0.5468961081572067,0.863105983330027
875,1.0,1.0,1.0,0.5196546765118454,0.9613322548000595,0.8961973862623809
876,0.7004642491906518,1.0,0.7175162518785372,0.7349642626543677,0.669608997533827,0.7645107522514767
877,0.8026069509183285,1.0,1.0,0.7227722364991885,1.0,0.9050758374835034
878,1.0,0.7919624306802726,0.7194016568878314,0.9749061572479072,0.8229956483499401,0.8618531786331903
879,0.8910454954800269,1.0,1.0,0.44876692817401564,0.525267456151655,0.7730159759611396
880,1.0,1.0,0.8516607868780603,1.0,0.8601746357753858,0.9423670845306893
881,1.0,1.0,0.0,0.5289520135346104,1.0,0.7057904027069221
882,1.0,1.0,1.0,1.0,1.0,1.0
883,0.915795641266361,0.6650442076781917,0.5845408636205067,1.0,0.8315635273031631,0.7993888479736444
884,0.9788676739264617,0.904739115740585,0.865631683581296,1.0,1.0,0.9498476946496686
885,1.0,0.8836563226768427,1.0,1.0,0.6659536334697673,0.909921991229322
886,1.0,0.9889939438220706,1.0,0.5942616769838022,1.0,0.9166511241611746
887,0.6839795946032685,0.8882009636686068,1.0,1.0,0.6629947764038564,0.8470350669351463
888,0.045885141949701995,1.0,1.0,1.0,0.6847569859553335,0.7461284255810071
889,1.0,0.7298330123095759,1.0,1.0,0.6098142591308532,0.8679294542880858
890,0.7789240610498784,0.7846556846366537,0.9095827057837693,0.9294529546681221,0.7757746312028594,0.8356780074682565
891,1.0,0.8604378984355716,1.0,0.9715789828554087,1.0,0.9664033762581961
892,0.6554229320038782,0.6193885124023162,0.07935906441662607,0.7586022907469234,1.0,0.6225545599139488
893,0.8255273277837138,1.0,0.8373154344214226,0.6820656406249701,0.9548923458597357,0.8599601497379685
894,1.0,1.0,1.0,0.7686157494737464,0.6954801891200445,0.8928191877187583
895,1.0,1.0,0.687078082159065,0.9251941529209919,0.8278015049370092,0.8880147480034133
896,0.8772832493604501,1.0,0.6110248601092946,0.9667894002706956,0.35524806814870974,0.7620691155778301
897,1.0,1.0,1.0,1.0,0.6740271022627518,0.9348054204525503
898,0.848486821965773,1.0,0.7979583171721402,0.4963304909195736,1.0,0.8285551260114973
899,1.0,0.8633065435157242,0.7881380399136637,0.9389982094631648,0.8137247346732346,0.8808335055131575
900,0.9990468947769361,0.7632400603144593,0.8733877978166823,0.5360128665652472,0.857898748738087,0.8059172736422824
901,1.0,1.0,0.5900728903994309,0.5267751067403064,0.7601243986441569,0.7753944791567788
902,0.6923570216116178,1.0,1.0,1.0,0.5115930731757797,0.8407900189574795
903,1.0,1.0,0.6372690087014274,1.0,1.0,0.9274538017402854
904,0.5755058600681665,1.0,0.8694234546612272,0.4341179966533549,1.0,0.7758094622765498
905,0.8535432754888108,1.0,0.6917350847504005,0.9008736335980034,1.0,0.8892303987674429
906,1.0,1.0,0.0,1.0,0.8045826870720085,0.7609165374144017
907,0.7844414095675538,0.7470825863433678,1.0,0.7777389685294496,1.0,0.8618525928880743
908,1.0,1.0,0.6157028875848258,0.8308453479461326,0.8176084103486283,0.8528313291759172
909,0.7414849599088631,1.0,1.0,0.0,0.9322322425782065,0.7347434404974139
910,0.8164652050999801,0.9340328253755096,1.0,1.0,1.0,0.9500996060950978
911,0.7211625453347162,0.6768859917940643,0.0,0.6581142610527102,1.0,0.6112325596362982
912,0.7981045928958004,0.6636083033185739,0.5938176493716154,0.7769325142143687,0.8503562088288678,0.7365638537258452
913,1.0,0.6557919471806778,0.7350930520565941,1.0,0.6443549865664456,0.8070479971607435
914,1.0,0.8240823308755838,1.0,0.36540890802965165,0.8788054335763162,0.8136593344963103
915,0.7038464736473552,1.0,0.7043869043302229,0.8876473180508992,0.8837128352124465,0.8359187062481848
916,0.7324120667064038,0.6537052850981209,0.6562220422514472,0.5361528394035038,1.0,0.7156984466918951
917,0.670766887313832,1.0,1.0,0.8066100088943746,0.7105305811745999,0.8375814954765612
918,1.0,0.7346964173570548,0.7296267554542967,1.0,0.6753133047344712,0.8279272955091646
919,0.9795574290455482,0.8201439390800875,0.6630237046423817,0.8099107461297953,0.8185500733553459,0.8182371784506316
920,1.0,0.8139625523806014,0.661691498509617,1.0,0.8425105992622117,0.863632930030486
921,0.9952396457568667,0.9166177670340033,1.0,0.9707072120869839,0.8471974194770923,0.9459524088709893
922,0.34538270000981064,1.0,1.0,0.7862824755056697,1.0,0.8263330351030961
923,0.8700162502985943,0.7456099556424564,0.6724941641997341,0.5614438533652069,1.0,0.7699128447011983
924,1.0,1.0,1.0,0.827357961905679,0.6606139607519166,0.8975943845315191
925,1.0,1.0,0.8844903712318312,1.0,0.8135875131633394,0.939615576879034
926,1.0,0.6750105648885899,0.42824407371539536,1.0,0.5937451930095421,0.7393999663227054
927,0.8080207795317755,0.6898844634861822,1.0,0.8966824920914263,1.0,0.8789175470218767
928,0.883256174210414,1.0,1.0,0.5616658036330331,0.995299771267132,0.8880443498221158
929,1.0,0.849134405415083,1.0,0.7334372462945227,1.0,0.9165143303419212
930,0.5870821911239101,1.0,0.7025266504494325,0.8433916608230587,0.9357774653120733,0.813755593541695
931,1.0,0.7657282075618497,1.0,1.0,0.5715110521145526,0.8674478519352805
932,1.0,0.9143095715027444,0.6149720290277684,1.0,1.0,0.9058563201061027
933,1.0,0.8479135985514193,1.0,0.6072802309936273,1.0,0.8910387659090093
934,0.7434331585578522,0.9467590670038124,1.0,1.0,0.6417508350546525,0.8663886121232635
935,0.950517800290897,1.0,0.6538926952154896,0.49428940362957285,0.6966074710192096,0.7590614740310337
936,1.0,0.6483584811803632,0.810400169254042,0.9516990744938048,0.9266498163170083,0.8674215082490436
937,1.0,1.0,1.0,1.0,0.9875412605069738,0.9975082521013947
938,0.4439215276397055,0.8252259739991366,1.0,0.2277699220922953,1.0,0.6993834847462275
939,0.5648967181034895,1.0,1.0,0.8645175197020443,0.6639740914079008,0.8186776658426869
940,0.5171655266517851,0.9924574336432025,0.6069071364729351,0.689433596329281,1.0,0.7611927386194408
941,1.0,0.5184557422734574,0.642751707518419,0.7624518471361287,1.0,0.784731859385601
942,1.0,1.0,0.9551723700804576,0.9853836150690717,0.979060363737806,0.9839232697774671
943,0.6778049934626994,0.9751693224336876,0.6521559647471087,0.5631613708096892,0.8051129376977427,0.7346809178301855
944,1.0,0.7725739092592233,0.0,1.0,0.7768074929404167,0.709876280439928
945,1.0,0.961133373687848,0.7050678725615976,1.0,0.8935281718859911,0.9119458836270873
946,1.0,1.0,0.7166855206304394,1.0,1.0,0.9433371041260878
947,0.9553030531460839,1.0,0.6165217258142421,1.0,0.7754274920218135,0.8694504541964279
948,1.0,0.7669656139852692,1.0,0.9885838407712237,0.5927034617051276,0.8696505832923241
949,1.0,0.68286721764833,0.7374423718446614,0.7989858310699745,0.7690612102872184,0.7976713261700368
950,1.0,1.0,0.025650798368267072,0.4953408710464453,0.6740271022627518,0.6390037543354928
951,1.0,0.0,1.0,1.0,0.8521340491073485,0.7704268098214697
952,1.0,0.0,0.5870301663566289,0.0,1.0,0.5174060332713257
953,0.7223805876367313,1.0,0.7455040563689317,1.0,0.44930298146304004,0.7834375250937405
954,1.0,1.0,0.18247973548786214,0.4775420905041094,0.6625571751455493,0.6645158002275041
955,1.0,0.3595063487813739,1.0,0.9715789828554087,1.0,0.8662170663273565
956,1.0,1.0,1.0,1.0,1.0,1.0
957,1.0,0.7203384762946646,0.0,1.0,0.6687666658380045,0.6778210284265338
958,1.0,1.0,0.8954495145473039,0.6125490327504703,0.8325827458272774,0.8681162586250103
959,1.0,0.6093515674742098,0.9264703696313814,1.0,1.0,0.9071643874211184
960,0.8409111607348893,0.8330552317856779,0.914322535152636,0.7245083720658081,0.9824223608056085,0.8590439321089238
961,0.7708664486814637,0.8224381876601415,1.0,0.7615835070259572,0.8122207397408772,0.8334217766216879
962,1.0,0.739724622488908,1.0,1.0,0.4457895506971032,0.8371028346372024
963,1.0,0.8985552147364425,0.901763512498404,0.7927211972401225,0.7699576678371335,0.8725995184624205
964,1.0,1.0,1.0,0.4977827760957439,1.0,0.8995565552191488
965,0.70118498322256,1.0,0.7046086036975383,0.4584967522401342,0.6423290416963344,0.7013238761713134
966,1.0,1.0,0.716876161502719,0.987343719349111,0.6234857505448267,0.8655411262793313
967,1.0,1.0,1.0,0.5132535310434767,1.0,0.9026507062086953
968,1.0,0.7258926442148448,0.926363032060263,0.9146093451835814,0.9152193264928642,0.8964168695903106
969,0.8380332153624066,1.0,0.5538822742028644,0.47982770496014904,1.0,0.774348638905084
970,1.0,1.0,0.570205460386483,1.0,0.9004208184645879,0.8941252557702143
971,0.16892256005681897,1.0,0.8085605557532721,0.547636089300879,1.0,0.7050238410221941
972,0.031032589700831278,1.0,0.8878682497624149,0.827505793100987,0.9513202065083891,0.7395453678145245
973,0.9419085716426185,1.0,0.6604758886723762,0.5280018080722272,0.9034909338017987,0.8067754404378041
974,0.8475737847932647,0.7125577846964356,0.8865585724431507,0.6430395309672463,0.832421090400963,0.7844301526602122
975,1.0,0.8009873639333916,0.6629079956548672,1.0,0.8763871806469206,0.8680565080470359
976,0.5557798494098112,1.0,0.2375989902093499,1.0,1.0,0.7586757679238322
977,0.6245093447800403,0.7548122807122338,1.0,0.96316340310713,1.0,0.8684970057198808
978,1.0,1.0,0.8418102983276295,0.5616519131627639,1.0,0.8806924422980786
979,1.0,0.0,0.1880088348851568,1.0,0.8368702731605268,0.6049758216091367
980,0.999650158036611,1.0,1.0,0.30516093439922226,0.9298731811570942,0.8469368547185855
981,0.7484454573776451,0.05682749069308384,1.0,0.9762148689072293,1.0,0.7562975633955917
982,0.9042806069731971,0.6599093279428629,0.869933635847896,1.0,1.0,0.8868247141527912
983,0.9025016642039436,1.0,0.9747152656457513,0.8660985311457218,0.7393732306158362,0.8965377383222505
984,1.0,1.0,0.8410727158081422,1.0,1.0,0.9682145431616285
985,0.6316938462692572,0.7295381577877375,0.2807440474635087,0.9932276770738996,1.0,0.7270407457188806
986,1.0,0.8330514690666548,1.0,1.0,1.0,0.966610293813331
987,0.739790699318129,1.0,1.0,0.5981994716657553,0.7912695899560068,0.8258519521879781
988,1.0,0.9849729975182604,0.9694517734794773,0.6334705764542422,0.6683972071965921,0.8512585109297144
989,1.0,0.8520146688870344,0.7215627051021941,0.9159117958536953,1.0,0.8978978339685847
990,0.7768911863529394,0.902796127399856,1.0,1.0,0.9320326049246773,0.9223439837354945
991,0.7008681016658082,0.5653365482078071,0.7980329815451472,0.5776591786224281,1.0,0.7283793620082382
992,1.0,0.8808229355154938,0.9004312743725624,1.0,0.6826191141610266,0.8927746648098165
993,1.0,0.33940861521350735,1.0,0.7393394083209787,0.7829839428023175,0.7723463932673607
994,0.7950926667291431,0.980277251539228,1.0,0.6749651082398332,0.8170551833279776,0.8534780419672364
995,1.0,0.9745931587547354,1.0,1.0,1.0,0.9949186317509471
996,1.0,0.9085089204495196,1.0,1.0,0.7279301167863568,0.9272878074471752
997,1.0,0.746179349654092,0.6256649321883573,1.0,0.7035180690983338,0.8150724701881567
998,1.0,1.0,0.8247559647441187,0.6146188717974399,0.9788600975975323,0.8836469868278183
999,0.0,0.8566552462460332,0.8562834985471607,0.4554553918369885,0.8725040651136344,0.6081796403487634
1000,0.2704264439060671,0.5315052896743775,1.0,0.6072802309936273,1.0,0.6818423929148143
