Num,R_1,R_2,R_3,R_4,Average
1,0.46069117054768605,0.4606911705476859,0.4606897884741745,0.8785736620912115,0.5651614479151894
2,0.26380657930878093,0.46326865925896865,0.2638056999529303,0.3804886223643722,0.342842390221263
3,1.0,0.0,1.0,1.0,0.75
4,0.26500022619978897,0.40370398716075184,0.40370398716075184,0.403703448888974,0.3690279123525667
5,0.49705802292519585,0.8440040582324116,0.4227454955650762,0.42274690472048565,0.5466386203607924
6,0.3361612856819812,0.39481064395871285,0.3207402255763687,0.4179793031136529,0.3674228645826789
7,0.5547017512499363,0.3697996387690636,0.3698011179735355,0.4797053929826929,0.443501975243807
8,0.4066666106668006,0.5393996294416669,0.605226222349874,0.6016681360031403,0.5382401496153705
9,0.36481883397284665,0.2553306016535886,0.366861836604262,0.25533122579547535,0.31058562450654315
10,0.4138064198240255,0.39409978312638544,0.45321482967689725,0.41380486804878736,0.41873147516902387
11,0.4588901125997749,0.2979527938874697,0.21630996502560465,0.32643529717143854,0.32489704217107196
12,0.29391422973535125,0.2616308067899076,0.7438799686909101,0.8222282706432722,0.5304133189648603
13,0.5905671002434801,0.5382553545500888,0.0,0.7779571142005526,0.4766948922485304
14,0.4351010411555856,0.3928360255953289,0.4099180533786981,0.44895719129473727,0.42170307785608746
15,0.2666678883039965,0.480003026058535,0.47999999604140414,0.46000089208554373,0.42166795062236984
16,0.32797686684076477,0.22496894739246903,0.33968994191744606,0.339689050231683,0.3080812015955907
17,0.4588901125997749,0.2979527938874697,0.21630996502560465,0.32643529717143854,0.32489704217107196
18,0.48364073504549815,0.6011186136891223,0.4119893601456815,0.4119907334472106,0.47718486058187815
19,0.3384658689090816,0.2769232628709461,0.2769240936428117,0.400001458337215,0.32307867094001363
20,0.432456592836637,0.2900722712556128,0.28992178552334635,0.3851561614136158,0.34940170275730303
21,0.5813342119251791,0.37615820769823566,0.37615820769823566,0.6332880149699701,0.49173466057290516
22,0.34107224764189836,0.280882248551123,0.28088288053712995,0.5305557874999929,0.3583482910575361
23,0.3040013788960075,0.2978716025810866,0.2978704110934847,0.39404635868697385,0.3234474378143881
24,0.4138064198240255,0.39409978312638544,0.45321482967689725,0.41380486804878736,0.41873147516902387
25,0.42668504527622997,0.6586538380096831,0.467340207461823,0.694349308994718,0.5617570999356135
26,0.49705802292519585,0.8440040582324116,0.4227454955650762,0.42274690472048565,0.5466386203607924
27,0.48364073504549815,0.6011186136891223,0.4119893601456815,0.4119907334472106,0.47718486058187815
28,0.4431831732483155,0.38235296966529336,0.3823542441777412,0.5131580261775156,0.43026210331721637
29,1.0,0.0,0.0,1.0,0.5
30,0.4304457185675947,0.8962185581305608,0.43044313588811806,0.9611292794789696,0.6795591730163109
31,0.3082610543953734,0.42823242482125257,0.750664479732882,0.8571415892773112,0.5860748870567049
32,0.432456592836637,0.2900722712556128,0.28992178552334635,0.3851561614136158,0.34940170275730303
33,0.4066666106668006,0.5393996294416669,0.605226222349874,0.6016681360031403,0.5382401496153705
34,0.26666788830399707,0.39600197785264385,0.29599992031220124,0.4600008920855439,0.3546676696385965
35,0.2518537100571583,0.31592017446348913,0.29520516814913456,0.5619904377756794,0.3562423726113654
36,0.3117189698437678,0.31171896984376773,0.3117186581247978,0.6543488539195476,0.39737636293297024
37,0.4138064198240255,0.39409978312638544,0.45321482967689725,0.41380486804878736,0.41873147516902387
38,0.2195015975285529,0.25062117909093157,0.4385890266140191,0.2506218474154125,0.289833412662229
39,0.2666678883039965,0.480003026058535,0.47999999604140414,0.46000089208554373,0.42166795062236984
40,0.4857144889472437,0.37777776314813805,0.36999786246676464,0.37777902241070654,0.4028172842432132
41,0.850000145676032,0.41177471130160537,0.7424197292946828,0.9661313969272394,0.7425814957998899
42,0.48364073504549815,0.6011186136891223,0.4119893601456815,0.4119907334472106,0.47718486058187815
43,0.6471344460944409,0.3761151798724426,0.3855194126028491,0.40580999165780607,0.4536447575568847
44,0.38583521584725955,0.6054887329378218,0.41339329436131494,0.3643063186092393,0.4422558904389089
45,0.4906557999796458,0.7611060388452869,0.43443565710266974,0.423678269306306,0.5274689413084771
46,0.3965722894436276,0.6308942058767575,0.3540842498335229,0.3691492815536584,0.4376750066768916
47,0.2928169301483088,0.36134653791042054,0.44304446385276575,0.7894302946486833,0.4716595566400446
48,0.012320366675729395,0.5267838489090427,0.4223073920004161,0.5267806882059496,0.3720480739477845
49,0.21162845683897627,0.2506171569274706,0.42291853459834317,0.25061776954800435,0.2839454794781986
50,0.3924178508023358,0.4735551548142051,0.4445587888743267,0.45382174893680677,0.4410883858569186
51,1.0,0.0,0.0,1.0,0.5
52,0.3924178508023358,0.4735551548142051,0.4445587888743267,0.45382174893680677,0.4410883858569186
53,0.0,1.0,0.0,1.0,0.5
54,0.48364073504549815,0.6011186136891223,0.4119893601456815,0.4119907334472106,0.47718486058187815
55,0.251545489044015,0.35479219677230456,0.41054426303844427,1.0,0.504220487213691
56,0.5250006249973797,0.4307692899406941,0.4307710130230229,0.3615390260370462,0.43701998849953566
57,0.7003465902059187,0.3363868244754741,0.3806471436119171,0.8180037898345521,0.5588460870319655
58,0.7003465902059187,0.3363868244754741,0.3806471436119171,0.8180037898345521,0.5588460870319655
59,0.5422708010542928,0.8795692512888604,0.4188413787146684,0.4255986975361094,0.5665700321484828
60,0.1997742188971465,0.35489144814076995,0.7604819212912719,0.35489111542978774,0.41750967593974403
61,0.2666678883039965,0.480003026058535,0.47999999604140414,0.46000089208554373,0.42166795062236984
62,0.5547017512499363,0.3697996387690636,0.3698011179735355,0.4797053929826929,0.443501975243807
63,0.3361612856819812,0.39481064395871285,0.3207402255763687,0.4179793031136529,0.3674228645826789
64,0.48364073504549815,0.6011186136891223,0.4119893601456815,0.4119907334472106,0.47718486058187815
65,0.17424403446353193,0.9015693514098606,0.1921854692437015,0.8177111939675059,0.52142751227115
66,0.4678606275152951,0.6038084554760585,0.725965378356975,0.7557140829323812,0.6383371360701775
67,0.2730234830427798,0.3147554350201777,0.3147544907538727,0.45549436036647545,0.3395069422958264
68,0.1900004215367235,0.4340923996190198,0.42204572896010445,0.4340907717737425,0.3700573304723976
69,0.43646009595882834,0.2805802877686916,0.2805807086397546,0.4107844252504574,0.352101379404433
70,0.24287526484682914,0.3612251480410433,0.6362387662110371,0.40306095377038725,0.4108500332173242
71,0.4857144889472437,0.37777776314813805,0.36999786246676464,0.37777902241070654,0.4028172842432132
72,0.1997742188971465,0.35489144814076995,0.7604819212912719,0.35489111542978774,0.41750967593974403
73,0.2928169301483088,0.36134653791042054,0.44304446385276575,0.7894302946486833,0.4716595566400446
74,0.850000145676032,0.41177471130160537,0.7424197292946828,0.9661313969272394,0.7425814957998899
75,0.3361612856819812,0.39481064395871285,0.3207402255763687,0.4179793031136529,0.3674228645826789
76,0.3287821788618969,0.24557095834712664,0.4813361036538437,0.24557155863249183,0.3253151998738398
77,0.251545489044015,0.35479219677230456,0.41054426303844427,1.0,0.504220487213691
78,0.26380657930878093,0.46326865925896865,0.2638056999529303,0.3804886223643722,0.342842390221263
79,0.21196595171629234,0.31183043194352106,0.31183136743762335,0.4512628328216102,0.32172264597976175
80,1.0,0.0,0.0,1.0,0.5
81,0.5422708010542928,0.8795692512888604,0.4188413787146684,0.4255986975361094,0.5665700321484828
82,0.251545489044015,0.35479219677230456,0.41054426303844427,1.0,0.504220487213691
83,0.4906557999796458,0.7611060388452869,0.423678269306306,0.41172900990351863,0.5217922795086893
84,0.571427187533395,0.3894731757434321,0.4285720811224285,0.357142162244857,0.43665365166102815
85,0.2564139853557307,0.4502855066061302,0.25641398535573057,0.28740913571820637,0.31263065325894945
86,0.5422708010542928,0.8795692512888604,0.4188413787146684,0.4255986975361094,0.5665700321484828
87,0.5145935188925428,0.8990171911912639,0.4412035147697589,0.4412049854510831,0.5740048025761622
88,0.4906557999796458,0.7611060388452869,0.43443565710266974,0.423678269306306,0.5274689413084771
89,0.4624987276728858,0.3751634576446248,0.39861292060723996,0.4315794554811849,0.41696364035148387
90,0.17424403446353193,0.9015693514098606,0.1921854692437015,0.8177111939675059,0.52142751227115
91,1.0,0.0,0.0,1.0,0.5
92,0.3153860728362908,0.3843736453671225,0.31538460103559884,0.41000115983490126,0.3562863697684783
93,0.3965722894436276,0.6308942058767575,0.3540842498335229,0.3691492815536584,0.4376750066768916
94,0.9185856396961586,0.4376045378217721,0.8346054468579619,0.5777095365110207,0.6921262902217284
95,0.5079746707053528,0.6399339905925622,0.4183083323711669,0.4183095872986739,0.496131645241939
96,0.9839625674647584,0.3176432758029414,0.23713432231088521,0.9472901761376936,0.6215075854290697
97,0.2928169301483088,0.36134653791042054,0.44304446385276575,0.7894302946486833,0.4716595566400446
98,0.4906557999796458,0.7611060388452869,0.43443565710266974,0.423678269306306,0.5274689413084771
99,0.5714271875333954,0.4285720811224285,0.631578986980605,0.357142162244857,0.49718010447032146
100,0.3361612856819812,0.39481064395871285,0.3207402255763687,0.4179793031136529,0.3674228645826789
101,0.3287821788618969,0.24557095834712664,0.4813361036538437,0.24557155863249183,0.3253151998738398
102,0.3117189698437678,0.31171896984376773,0.3117186581247978,0.6543488539195476,0.39737636293297024
103,0.4857144889472437,0.37777776314813805,0.36999786246676464,0.37777902241070654,0.4028172842432132
104,0.2666678883039965,0.480003026058535,0.47999999604140414,0.46000089208554373,0.42166795062236984
105,0.2666678883039965,0.480003026058535,0.47999999604140414,0.46000089208554373,0.42166795062236984
106,0.3040013788960075,0.2978716025810866,0.2978704110934847,0.39404635868697385,0.3234474378143881
107,0.4138064198240255,0.39409978312638544,0.45321482967689725,0.41380486804878736,0.41873147516902387
108,0.45772521203156635,0.5140925959924778,0.9176871964714173,0.4896093732677372,0.5947785944407997
109,0.43287198321605264,0.7878379429048322,0.4328719832160526,0.5908679558775165,0.5611124663036136
110,0.4827282494025713,0.5900011758354234,0.4022732729851524,0.4022731556557949,0.46931896346973556
111,0.4678606275152951,0.6038084554760585,0.725965378356975,0.7557140829323812,0.6383371360701775
112,0.4906557999796458,0.7611060388452869,0.43443565710266974,0.423678269306306,0.5274689413084771
113,0.5142886449200595,0.5964292716833086,0.59643285028041,0.48182100331771077,0.5472429425503722
114,0.36481883397284665,0.2553306016535886,0.366861836604262,0.25533122579547535,0.31058562450654315
115,0.9784165689812464,0.32374437414082996,0.7877755047080719,0.693659151800138,0.6958988999075716
116,0.17424403446353193,0.9015693514098606,0.1921854692437015,0.8177111939675059,0.52142751227115
117,0.6053398409400402,0.36013760372563614,0.550852640344567,0.4183970443623634,0.48368178234315173
118,0.26666788830399707,0.39600197785264385,0.29599992031220124,0.4600008920855439,0.3546676696385965
119,0.5079746707053528,0.6399339905925622,0.4183083323711669,0.4183095872986739,0.496131645241939
120,0.19378336634354626,0.24237488942544724,0.6311254995079986,1.0,0.516820938819248
121,1.0,0.0,0.0,1.0,0.5
122,0.36000074400766574,0.24000004799991362,0.48000370000547327,0.24000068800132165,0.3300012950035936
123,0.48364073504549815,0.6011186136891223,0.4119893601456815,0.4119907334472106,0.47718486058187815
124,0.49705802292519585,0.8440040582324116,0.4227454955650762,0.42274690472048565,0.5466386203607924
125,0.4906557999796458,0.7611060388452869,0.43443565710266974,0.423678269306306,0.5274689413084771
126,0.5813342119251791,0.37615820769823566,0.37615820769823566,0.6332880149699701,0.49173466057290516
127,0.47390265273881227,0.3717675306157259,0.39027144788315227,0.3850460719531246,0.40524692579770377
128,0.5427178117781396,0.3910759456024285,0.5202778418878665,0.3868100695139119,0.46022041719558665
129,0.24287526484682914,0.3612251480410433,0.6362387662110371,0.40306095377038725,0.4108500332173242
130,0.458492223332444,0.553991052430337,0.3459719220224847,0.34597101384653,0.4261065529079489
131,1.0,0.0,1.0,1.0,0.75
132,0.5145935188925428,0.8990171911912639,0.4412035147697589,0.4412049854510831,0.5740048025761622
133,0.0,1.0,0.0,1.0,0.5
134,0.3117189698437678,0.31171896984376773,0.3117186581247978,0.6543488539195476,0.39737636293297024
135,0.29110738971724615,0.363161422100142,0.4419208767855291,0.9699242719769986,0.5165284901449789
136,0.19859935119540095,0.4054145191861458,0.2519548445120299,0.3294786877458416,0.29636185065985454
137,0.34365259838900336,0.3860683759518103,0.3436517392552736,0.395721049878601,0.3672734408686721
138,0.49705802292519563,0.4227454955650762,0.5309543664384726,0.42274690472048565,0.4683761974123075
139,0.46069117054768605,0.4606911705476859,0.4606897884741745,0.8785736620912115,0.5651614479151894
140,0.9839625674647584,0.3176432758029414,0.23713432231088521,0.9472901761376936,0.6215075854290697
141,0.4304457185675947,0.8962185581305608,0.43044313588811806,0.9611292794789696,0.6795591730163109
142,0.4827282494025713,0.5900011758354234,0.4022732729851524,0.4022731556557949,0.46931896346973556
143,0.4066666106668006,0.5393996294416669,0.605226222349874,0.6016681360031403,0.5382401496153705
144,0.4138064198240255,0.39409978312638544,0.45321482967689725,0.41380486804878736,0.41873147516902387
145,0.24287526484682914,0.3612251480410433,0.6362387662110371,0.40306095377038725,0.4108500332173242
146,0.4906557999796458,0.7611060388452869,0.43443565710266974,0.423678269306306,0.5274689413084771
147,0.458492223332444,0.553991052430337,0.3459719220224847,0.34597101384653,0.4261065529079489
148,0.29391422973535125,0.2616308067899076,0.7438799686909101,0.8222282706432722,0.5304133189648603
149,0.9784165689812464,0.32374437414082996,0.7877755047080719,0.693659151800138,0.6958988999075716
150,0.19029461754483268,0.32586217475855245,0.6688737060995573,0.3258611609646692,0.3777229148419029
151,0.34107224764189836,0.280882248551123,0.28088288053712995,0.5305557874999929,0.3583482910575361
152,0.2993169509863655,0.32882867071040833,0.24792436299909937,0.44018445640895937,0.3290636102762081
153,0.850000145676032,0.41177471130160537,0.7424197292946828,0.9661313969272394,0.7425814957998899
154,0.4872567252681866,0.35732170247685574,0.18547685020465232,0.35732277444410704,0.34684451309845044
155,0.4101567549026368,0.4101567549026367,0.7094586940470851,0.3645827219027304,0.4735887314387722
156,0.2993169509863655,0.32882867071040833,0.24792436299909937,0.44018445640895937,0.3290636102762081
157,0.5813342119251791,0.37615820769823566,0.37615820769823566,0.6332880149699701,0.49173466057290516
158,0.48364073504549815,0.6011186136891223,0.4119893601456815,0.4119907334472106,0.47718486058187815
159,0.0,0.0,1.0,1.0,0.5
160,0.3725331131675694,0.2902598756285408,0.29026052871424035,0.40636537586996546,0.339854723345079
161,0.1997742188971465,0.35489144814076995,0.7604819212912719,0.35489111542978774,0.41750967593974403
162,0.6228215468257985,0.3680312537539302,0.5374554117155371,0.3680323578498997,0.47408514253629136
163,0.2615586401154512,0.4225180261276445,0.26155776825273624,0.41389366702008823,0.33988202537898005
164,0.4624987276728858,0.3751634576446248,0.39861292060723996,0.4315794554811849,0.41696364035148387
165,0.5145935188925428,0.8990171911912639,0.4412035147697589,0.4412049854510831,0.5740048025761622
166,0.46711264761981797,0.563628009629923,0.32171799111977284,0.32171727619122137,0.4185439811401839
167,0.4138064198240255,0.39409978312638544,0.45321482967689725,0.41380486804878736,0.41873147516902387
168,0.4700009764570429,0.3211117981525076,0.5300035090444456,0.2752386535490655,0.3990887343007654
169,0.9185856396961586,0.4376045378217721,0.8346054468579619,0.5777095365110207,0.6921262902217284
170,0.45772521203156635,0.5140925959924778,0.9176871964714173,0.4896093732677372,0.5947785944407997
171,0.48103700262809623,0.387499952083176,0.5365395714524389,0.38750111458477593,0.44814441018712176
172,0.36550084201939104,0.3322723766086015,0.49376510475210866,0.3847378641107386,0.39406904687271
173,0.19029461754483268,0.32586217475855245,0.6688737060995573,0.3258611609646692,0.3777229148419029
174,0.26380657930878093,0.46326865925896865,0.2638056999529303,0.3804886223643722,0.342842390221263
175,0.2564139853557307,0.4502855066061302,0.25641398535573057,0.28740913571820637,0.31263065325894945
176,0.0,0.3019908524102701,0.16626841802742542,0.43329010016043296,0.22538734264953214
177,0.1997742188971465,0.35489144814076995,0.7604819212912719,0.35489111542978774,0.41750967593974403
178,0.292908697795847,0.2395210642827444,0.39007861356044965,0.23952164977945992,0.29050750635462524
179,0.43287198321605264,0.7878379429048322,0.4328719832160526,0.5908679558775165,0.5611124663036136
180,0.4906557999796458,0.7611060388452869,0.43443565710266974,0.423678269306306,0.5274689413084771
181,0.2615586401154512,0.4225180261276445,0.26155776825273624,0.41389366702008823,0.33988202537898005
182,0.47390265273881227,0.3717675306157259,0.39027144788315227,0.3850460719531246,0.40524692579770377
183,0.37348171616671316,0.376918908427388,0.7560249455054409,0.37691790331068176,0.4708358683525559
184,0.4299998179999568,0.507892944328275,0.5349986917614677,0.48250005950026215,0.48884787839749044
185,1.0,0.0,1.0,1.0,0.75
186,0.4299998179999568,0.507892944328275,0.5349986917614677,0.48250005950026215,0.48884787839749044
187,0.2928169301483088,0.36134653791042054,0.44304446385276575,0.7894302946486833,0.4716595566400446
188,0.49705802292519585,0.8440040582324116,0.4227454955650762,0.42274690472048565,0.5466386203607924
189,0.2666678883039965,0.480003026058535,0.47999999604140414,0.46000089208554373,0.42166795062236984
190,0.2666678883039965,0.480003026058535,0.47999999604140414,0.46000089208554373,0.42166795062236984
191,0.300260762731011,0.244273912236938,0.25337723851476057,0.46422389692994903,0.31553395260316464
192,0.4678606275152951,0.6038084554760585,0.725965378356975,0.7557140829323812,0.6383371360701775
193,0.3082610543953734,0.42823242482125257,0.750664479732882,0.8571415892773112,0.5860748870567049
194,0.4066666106668006,0.5393996294416669,0.605226222349874,0.6016681360031403,0.5382401496153705
195,0.42973656621924095,1.0,0.0,0.36449835253327373,0.44855872968812865
196,0.40818418638117354,0.408181890351152,0.5496679628790573,0.40818265569162254,0.44355417382575135
197,0.3282507719352096,0.2758415064214666,0.3126197123316797,0.2679597236542577,0.2961679285856534
198,0.3153860728362908,0.3843736453671225,0.31538460103559884,0.41000115983490126,0.3562863697684783
199,0.0,0.6940101951104142,0.0,1.0,0.4235025487776035
200,0.0,1.0,0.0,1.0,0.5
201,0.48364073504549815,0.6011186136891223,0.4119893601456815,0.4119907334472106,0.47718486058187815
202,0.6153719162647323,0.3928340126835523,0.4079448216096447,0.3977455677321685,0.4534740795725244
203,0.6118190719294188,0.40556262309966795,0.5948265324286194,0.4055638397899707,0.5044430168119192
204,0.571427187533395,0.3894731757434321,0.4285720811224285,0.357142162244857,0.43665365166102815
205,0.2666678883039965,0.480003026058535,0.47999999604140414,0.46000089208554373,0.42166795062236984
206,0.5858527051264408,0.35907162244650054,0.35907162244650054,0.2883487724365381,0.398086180613995
207,0.5714271875333954,0.4285720811224285,0.631578986980605,0.357142162244857,0.49718010447032146
208,0.4906557999796458,0.7611060388452869,0.43443565710266974,0.423678269306306,0.5274689413084771
209,0.26666788830399707,0.39600197785264385,0.29599992031220124,0.4600008920855439,0.3546676696385965
210,0.3361612856819812,0.39481064395871285,0.3207402255763687,0.4179793031136529,0.3674228645826789
211,0.2666678883039965,0.480003026058535,0.47999999604140414,0.46000089208554373,0.42166795062236984
212,0.5813342119251791,0.37615820769823566,0.37615820769823566,0.6332880149699701,0.49173466057290516
213,0.3278036458532597,0.23978168473445766,0.5084853094834256,0.23978224422561478,0.32896322107418946
214,0.251545489044015,0.35479219677230456,0.41054426303844427,1.0,0.504220487213691
215,0.0,1.0,0.0,1.0,0.5
216,0.19378336634354626,0.24237488942544724,0.6311254995079986,1.0,0.516820938819248
217,0.4351010411555856,0.3928360255953289,0.4099180533786981,0.44895719129473727,0.42170307785608746
218,0.48364073504549815,0.6011186136891223,0.4119893601456815,0.4119907334472106,0.47718486058187815
219,0.3295418279036288,0.2619841900206455,0.8130327010200185,0.7112266319519461,0.5289463377240597
220,0.4351010411555856,0.3928360255953289,0.4099180533786981,0.44895719129473727,0.42170307785608746
221,0.3082610543953734,0.42823242482125257,0.750664479732882,0.8571415892773112,0.5860748870567049
222,0.4304457185675947,0.8962185581305608,0.43044313588811806,0.9611292794789696,0.6795591730163109
223,0.34107224764189836,0.280882248551123,0.28088288053712995,0.5305557874999929,0.3583482910575361
224,0.1900004215367235,0.4340923996190198,0.42204572896010445,0.4340907717737425,0.3700573304723976
225,0.7350655574524354,0.3633108966388376,0.363309443395251,0.6076149408198728,0.5173252095765992
226,0.434710697831206,0.22287047966687482,0.25132183322073187,0.6779124599048091,0.3967038676559055
227,0.3082610543953734,0.42823242482125257,0.750664479732882,0.8571415892773112,0.5860748870567049
228,0.45772521203156635,0.5140925959924778,0.9176871964714173,0.4896093732677372,0.5947785944407997
229,0.24287526484682914,0.3612251480410433,0.6362387662110371,0.40306095377038725,0.4108500332173242
230,0.38583521584725955,0.6054887329378218,0.41339329436131494,0.3643063186092393,0.4422558904389089
231,0.48103700262809623,0.387499952083176,0.5365395714524389,0.38750111458477593,0.44814441018712176
232,0.4906557999796458,0.7611060388452869,0.43443565710266974,0.423678269306306,0.5274689413084771
233,0.46069117054768605,0.4606911705476859,0.4606897884741745,0.8785736620912115,0.5651614479151894
234,0.17424403446353193,0.9015693514098606,0.1921854692437015,0.8177111939675059,0.52142751227115
235,0.6118190719294188,0.40556262309966795,0.5948265324286194,0.4055638397899707,0.5044430168119192
236,0.45772521203156635,0.5140925959924778,0.9176871964714173,0.4896093732677372,0.5947785944407997
237,0.2928169301483088,0.36134653791042054,0.44304446385276575,0.7894302946486833,0.4716595566400446
238,0.4304457185675947,0.8962185581305608,0.43044313588811806,0.9611292794789696,0.6795591730163109
239,0.4872567252681866,0.35732170247685574,0.18547685020465232,0.35732277444410704,0.34684451309845044
240,0.2868710438354363,0.25934333345825733,0.36678590261358346,0.25934396740905064,0.2930860618290819
241,1.0,0.0,0.0,1.0,0.5
242,0.19859935119540095,0.4054145191861458,0.2519548445120299,0.3294786877458416,0.29636185065985454
243,0.3924178508023358,0.4735551548142051,0.4445587888743267,0.45382174893680677,0.4410883858569186
244,0.5813342119251791,0.37615820769823566,0.37615820769823566,0.6332880149699701,0.49173466057290516
245,0.2700005093340652,0.2699998613335197,0.3375000291667055,0.27000058133386995,0.2868752452920401
246,0.48364073504549815,0.6011186136891223,0.4119893601456815,0.4119907334472106,0.47718486058187815
247,0.4906557999796458,0.7611060388452869,0.43443565710266974,0.423678269306306,0.5274689413084771
248,0.5079746707053528,0.6399339905925622,0.4183083323711669,0.4183095872986739,0.496131645241939
249,0.4906557999796458,0.7611060388452869,0.43443565710266974,0.423678269306306,0.5274689413084771
250,0.3924178508023358,0.4735551548142051,0.4445587888743267,0.45382174893680677,0.4410883858569186
251,0.458492223332444,0.553991052430337,0.3459719220224847,0.34597101384653,0.4261065529079489
252,0.24287526484682914,0.3612251480410433,0.6362387662110371,0.40306095377038725,0.4108500332173242
253,0.2548732967678701,0.31970849755595343,0.2987444709981783,0.6674294550982945,0.38518893010507405
254,0.432456592836637,0.2900722712556128,0.28992178552334635,0.3851561614136158,0.34940170275730303
255,0.6118190719294188,0.40556262309966795,0.5948265324286194,0.4055638397899707,0.5044430168119192
256,0.0,1.0,0.0,1.0,0.5
257,0.3725331131675694,0.2902598756285408,0.29026052871424035,0.40636537586996546,0.339854723345079
258,0.4304457185675947,0.8962185581305608,0.43044313588811806,0.9611292794789696,0.6795591730163109
259,0.4138064198240255,0.39409978312638544,0.45321482967689725,0.41380486804878736,0.41873147516902387
260,0.45772521203156635,0.5140925959924778,0.9176871964714173,0.4896093732677372,0.5947785944407997
261,0.3924178508023358,0.4735551548142051,0.4445587888743267,0.45382174893680677,0.4410883858569186
262,0.2666678883039965,0.480003026058535,0.47999999604140414,0.46000089208554373,0.42166795062236984
263,0.3924178508023358,0.4735551548142051,0.4445587888743267,0.45382174893680677,0.4410883858569186
264,0.2730234830427798,0.3147554350201777,0.3147544907538727,0.45549436036647545,0.3395069422958264
265,0.5547017512499363,0.3697996387690636,0.3698011179735355,0.4797053929826929,0.443501975243807
266,0.2666678883039965,0.480003026058535,0.47999999604140414,0.46000089208554373,0.42166795062236984
267,0.4906557999796458,0.7611060388452869,0.423678269306306,0.41172900990351863,0.5217922795086893
268,0.7777764222259714,0.4653829603158714,0.8846213216330997,0.7692290278103394,0.7242524329963205
269,0.4304457185675947,0.8962185581305608,0.43044313588811806,0.9611292794789696,0.6795591730163109
270,0.4700009764570429,0.3211117981525076,0.5300035090444456,0.2752386535490655,0.3990887343007654
271,0.3082610543953734,0.42823242482125257,0.750664479732882,0.8571415892773112,0.5860748870567049
272,0.36481883397284665,0.2553306016535886,0.366861836604262,0.25533122579547535,0.31058562450654315
273,0.43646009595882834,0.2805802877686916,0.2805807086397546,0.4107844252504574,0.352101379404433
274,0.0,0.0,1.0,1.0,0.5
275,0.47390265273881227,0.3717675306157259,0.39027144788315227,0.3850460719531246,0.40524692579770377
276,0.4304457185675947,0.8962185581305608,0.43044313588811806,0.9611292794789696,0.6795591730163109
277,0.3082610543953734,0.42823242482125257,0.750664479732882,0.8571415892773112,0.5860748870567049
278,0.2993169509863655,0.32882867071040833,0.24792436299909937,0.44018445640895937,0.3290636102762081
279,0.46069117054768605,0.4606911705476859,0.4606897884741745,0.8785736620912115,0.5651614479151894
280,0.49705802292519585,0.8440040582324116,0.4227454955650762,0.42274690472048565,0.5466386203607924
281,0.43287198321605264,0.7878379429048322,0.4328719832160526,0.5908679558775165,0.5611124663036136
282,0.3361612856819812,0.39481064395871285,0.3207402255763687,0.4179793031136529,0.3674228645826789
283,0.4906557999796458,0.7611060388452869,0.43443565710266974,0.423678269306306,0.5274689413084771
284,0.24287526484682914,0.3612251480410433,0.6362387662110371,0.40306095377038725,0.4108500332173242
285,0.5813342119251791,0.37615820769823566,0.37615820769823566,0.6332880149699701,0.49173466057290516
286,0.850000145676032,0.41177471130160537,0.7424197292946828,0.9661313969272394,0.7425814957998899
287,0.4242669017254179,0.2582480173050305,0.25824879205101936,0.5682049251239228,0.37724215905134767
288,0.5079746707053528,0.6399339905925622,0.4183083323711669,0.4183095872986739,0.496131645241939
289,0.17424403446353193,0.9015693514098606,0.1921854692437015,0.8177111939675059,0.52142751227115
290,0.4872567252681866,0.35732170247685574,0.18547685020465232,0.35732277444410704,0.34684451309845044
291,0.46069117054768605,0.4606911705476859,0.4606897884741745,0.8785736620912115,0.5651614479151894
292,0.5714271875333954,0.4285720811224285,0.631578986980605,0.357142162244857,0.49718010447032146
293,0.32797686684076477,0.22496894739246903,0.33968994191744606,0.339689050231683,0.3080812015955907
294,0.5250006249973797,0.4307692899406941,0.4307710130230229,0.3615390260370462,0.43701998849953566
295,0.37348171616671316,0.376918908427388,0.7560249455054409,0.37691790331068176,0.4708358683525559
296,0.32797686684076477,0.22496894739246903,0.33968994191744606,0.339689050231683,0.3080812015955907
297,0.34107224764189836,0.280882248551123,0.28088288053712995,0.5305557874999929,0.3583482910575361
298,0.4906557999796458,0.7611060388452869,0.43443565710266974,0.423678269306306,0.5274689413084771
299,0.5079746707053528,0.6399339905925622,0.4183083323711669,0.4183095872986739,0.496131645241939
300,0.2615586401154512,0.4225180261276445,0.26155776825273624,0.41389366702008823,0.33988202537898005
301,0.0,1.0,0.0,1.0,0.5
302,0.48364073504549815,0.6011186136891223,0.4119893601456815,0.4119907334472106,0.47718486058187815
303,0.4299998179999568,0.507892944328275,0.5349986917614677,0.48250005950026215,0.48884787839749044
304,0.3725331131675694,0.2902598756285408,0.29026052871424035,0.40636537586996546,0.339854723345079
305,0.3725331131675694,0.2902598756285408,0.29026052871424035,0.40636537586996546,0.339854723345079
306,0.24287526484682914,0.3612251480410433,0.6362387662110371,0.40306095377038725,0.4108500332173242
307,0.2666678883039965,0.480003026058535,0.47999999604140414,0.46000089208554373,0.42166795062236984
308,0.7350655574524354,0.3633108966388376,0.363309443395251,0.6076149408198728,0.5173252095765992
309,0.0,0.6940101951104142,0.0,1.0,0.4235025487776035
310,0.1997742188971465,0.35489144814076995,0.7604819212912719,0.35489111542978774,0.41750967593974403
311,0.4678606275152951,0.6038084554760585,0.725965378356975,0.7557140829323812,0.6383371360701775
312,0.3924178508023358,0.4735551548142051,0.4445587888743267,0.45382174893680677,0.4410883858569186
313,0.17424403446353193,0.9015693514098606,0.1921854692437015,0.8177111939675059,0.52142751227115
314,0.43646009595882834,0.2805802877686916,0.2805807086397546,0.4107844252504574,0.352101379404433
315,0.4066666106668006,0.5393996294416669,0.605226222349874,0.6016681360031403,0.5382401496153705
316,0.2615586401154512,0.4225180261276445,0.26155776825273624,0.41389366702008823,0.33988202537898005
317,0.7142856037697941,0.43157923594959113,0.7368448876863947,0.7368419025220454,0.6548879074819562
318,0.1997742188971465,0.35489144814076995,0.7604819212912719,0.35489111542978774,0.41750967593974403
319,0.34107224764189836,0.280882248551123,0.28088288053712995,0.5305557874999929,0.3583482910575361
320,0.4868941712701121,0.27210963442403396,0.2916300760326203,0.363057778054077,0.35342291494521083
321,0.5150433867996468,0.15227726027221444,0.0,0.9796866619130182,0.41175182724621984
322,0.19378336634354626,0.24237488942544724,0.6311254995079986,1.0,0.516820938819248
323,0.40789691206077955,0.3874999249999156,0.48654092914664226,0.3875010875014342,0.4173597134271929
324,0.49705802292519563,0.4227454955650762,0.5309543664384726,0.42274690472048565,0.4683761974123075
325,0.0,0.0,1.0,1.0,0.5
326,0.49705802292519585,0.8440040582324116,0.4227454955650762,0.42274690472048565,0.5466386203607924
327,0.4138064198240255,0.39409978312638544,0.45321482967689725,0.41380486804878736,0.41873147516902387
328,0.0,1.0,0.0,1.0,0.5
329,0.29391422973535125,0.2616308067899076,0.7438799686909101,0.8222282706432722,0.5304133189648603
330,0.260745068554649,0.38789861091668965,0.43079751183770504,0.6478036586609329,0.4318112124924941
331,0.7142856037697941,0.43157923594959113,0.7368448876863947,0.7368419025220454,0.6548879074819562
332,0.49705802292519585,0.8440040582324116,0.4227454955650762,0.42274690472048565,0.5466386203607924
333,0.7777764222259714,0.4653829603158714,0.8846213216330997,0.7692290278103394,0.7242524329963205
334,0.300260762731011,0.244273912236938,0.25337723851476057,0.46422389692994903,0.31553395260316464
335,0.1360003851986367,0.271110988814851,0.3128210807703481,0.2711117117782108,0.24776104164051166
336,0.04501362970493907,0.4217597657400311,0.28273516474953975,0.4217611716087288,0.2928174329508097
337,0.9185856396961586,0.4376045378217721,0.8346054468579619,0.5777095365110207,0.6921262902217284
338,0.32797686684076477,0.22496894739246903,0.33968994191744606,0.339689050231683,0.3080812015955907
339,0.5142886449200595,0.5964292716833086,0.59643285028041,0.48182100331771077,0.5472429425503722
340,0.21162845683897627,0.2506171569274706,0.42291853459834317,0.25061776954800435,0.2839454794781986
341,0.3082610543953734,0.42823242482125257,0.750664479732882,0.8571415892773112,0.5860748870567049
342,0.6551334079572187,0.4433529099365322,0.10756706694702863,0.7194203025308952,0.48136842184291867
343,0.42678805028843564,0.2597834004975718,0.25978262114775996,0.6291731288409584,0.39388180019368146
344,0.4242669017254179,0.2582480173050305,0.25824879205101936,0.5682049251239228,0.37724215905134767
345,0.4304457185675947,0.8962185581305608,0.43044313588811806,0.9611292794789696,0.6795591730163109
346,0.45772521203156635,0.5140925959924778,0.9176871964714173,0.4896093732677372,0.5947785944407997
347,0.3117189698437678,0.31171896984376773,0.3117186581247978,0.6543488539195476,0.39737636293297024
348,0.24287526484682914,0.3612251480410433,0.6362387662110371,0.40306095377038725,0.4108500332173242
349,0.4827282494025713,0.5900011758354234,0.4022732729851524,0.4022731556557949,0.46931896346973556
350,0.9784165689812464,0.32374437414082996,0.7877755047080719,0.693659151800138,0.6958988999075716
351,0.2935300441967787,0.7545929239657554,0.2537548165578404,0.6652770525213346,0.4917887093104273
352,0.0,0.0,1.0,1.0,0.5
353,0.4066666106668006,0.5393996294416669,0.605226222349874,0.6016681360031403,0.5382401496153705
354,1.0,0.0,1.0,1.0,0.75
355,0.2666678883039965,0.480003026058535,0.47999999604140414,0.46000089208554373,0.42166795062236984
356,0.850000145676032,0.41177471130160537,0.7424197292946828,0.9661313969272394,0.7425814957998899
357,0.5547017512499363,0.3697996387690636,0.3698011179735355,0.4797053929826929,0.443501975243807
358,0.3384658689090816,0.2769232628709461,0.2769240936428117,0.400001458337215,0.32307867094001363
359,0.4101567549026368,0.4101567549026367,0.7094586940470851,0.3645827219027304,0.4735887314387722
360,0.5813342119251791,0.37615820769823566,0.37615820769823566,0.6332880149699701,0.49173466057290516
361,0.31790994357471763,0.28611935932077076,0.27913972111917396,0.4026863184950275,0.3214638356274225
362,0.5813342119251791,0.37615820769823566,0.37615820769823566,0.6332880149699701,0.49173466057290516
363,0.23738289488153821,0.3563644873246928,0.6472731223058417,0.3909092873974705,0.4079824479773858
364,0.42668504527622997,0.6586538380096831,0.467340207461823,0.694349308994718,0.5617570999356135
365,0.3361612856819812,0.39481064395871285,0.3207402255763687,0.4179793031136529,0.3674228645826789
366,0.1360003851986367,0.271110988814851,0.3128210807703481,0.2711117117782108,0.24776104164051166
367,0.4138064198240255,0.39409978312638544,0.45321482967689725,0.41380486804878736,0.41873147516902387
368,0.0,1.0,0.0,1.0,0.5
369,0.43287198321605264,0.7878379429048322,0.4328719832160526,0.5908679558775165,0.5611124663036136
370,0.19378336634354626,0.24237488942544724,0.6311254995079986,1.0,0.516820938819248
371,0.3361612856819812,0.39481064395871285,0.3207402255763687,0.4179793031136529,0.3674228645826789
372,0.4304457185675947,0.8962185581305608,0.43044313588811806,0.9611292794789696,0.6795591730163109
373,0.49705802292519585,0.8440040582324116,0.4227454955650762,0.42274690472048565,0.5466386203607924
374,0.46069117054768605,0.4606911705476859,0.4606897884741745,0.8785736620912115,0.5651614479151894
375,0.5150433867996468,0.15227726027221444,0.0,0.9796866619130182,0.41175182724621984
376,0.19029461754483268,0.32586217475855245,0.6688737060995573,0.3258611609646692,0.3777229148419029
377,0.3924178508023358,0.4735551548142051,0.4445587888743267,0.45382174893680677,0.4410883858569186
378,0.850000145676032,0.41177471130160537,0.7424197292946828,0.9661313969272394,0.7425814957998899
379,0.3924178508023358,0.4735551548142051,0.4445587888743267,0.45382174893680677,0.4410883858569186
380,0.3153860728362908,0.3843736453671225,0.31538460103559884,0.41000115983490126,0.3562863697684783
381,1.0,0.0,0.0,1.0,0.5
382,0.4857144889472437,0.37777776314813805,0.36999786246676464,0.37777902241070654,0.4028172842432132
383,0.9784165689812464,0.32374437414082996,0.7877755047080719,0.693659151800138,0.6958988999075716
384,0.2928169301483088,0.36134653791042054,0.44304446385276575,0.7894302946486833,0.4716595566400446
385,0.4101567549026368,0.4101567549026367,0.7094586940470851,0.3645827219027304,0.4735887314387722
386,0.4624987276728858,0.3751634576446248,0.39861292060723996,0.4315794554811849,0.41696364035148387
387,0.432456592836637,0.2900722712556128,0.28992178552334635,0.3851561614136158,0.34940170275730303
388,0.46069117054768605,0.4606911705476859,0.4606897884741745,0.8785736620912115,0.5651614479151894
389,0.19378336634354626,0.24237488942544724,0.6311254995079986,1.0,0.516820938819248
390,0.40789691206077955,0.3874999249999156,0.48654092914664226,0.3875010875014342,0.4173597134271929
391,0.4304457185675947,0.8962185581305608,0.43044313588811806,0.9611292794789696,0.6795591730163109
392,0.5079746707053528,0.6399339905925622,0.4183083323711669,0.4183095872986739,0.496131645241939
393,0.5079746707053528,0.6399339905925622,0.4183083323711669,0.4183095872986739,0.496131645241939
394,0.3924178508023358,0.4735551548142051,0.4445587888743267,0.45382174893680677,0.4410883858569186
395,0.43287198321605264,0.7878379429048322,0.4328719832160526,0.5908679558775165,0.5611124663036136
396,0.1997742188971465,0.35489144814076995,0.7604819212912719,0.35489111542978774,0.41750967593974403
397,0.32797686684076477,0.22496894739246903,0.33968994191744606,0.339689050231683,0.3080812015955907
398,0.571427187533395,0.3894731757434321,0.4285720811224285,0.357142162244857,0.43665365166102815
399,0.40818418638117354,0.408181890351152,0.5496679628790573,0.40818265569162254,0.44355417382575135
400,0.5905671002434801,0.5382553545500888,0.0,0.7779571142005526,0.4766948922485304
401,0.4827282494025713,0.5900011758354234,0.4022732729851524,0.4022731556557949,0.46931896346973556
402,0.9784165689812464,0.32374437414082996,0.7877755047080719,0.693659151800138,0.6958988999075716
403,0.3082610543953734,0.42823242482125257,0.750664479732882,0.8571415892773112,0.5860748870567049
404,0.0,0.6940101951104142,0.0,1.0,0.4235025487776035
405,0.4242669017254179,0.2582480173050305,0.25824879205101936,0.5682049251239228,0.37724215905134767
406,0.5150433867996468,0.15227726027221444,0.0,0.9796866619130182,0.41175182724621984
407,0.2730234830427798,0.3147554350201777,0.3147544907538727,0.45549436036647545,0.3395069422958264
408,0.9784165689812464,0.32374437414082996,0.7877755047080719,0.693659151800138,0.6958988999075716
409,0.45772521203156635,0.5140925959924778,0.9176871964714173,0.4896093732677372,0.5947785944407997
410,0.2666678883039965,0.480003026058535,0.47999999604140414,0.46000089208554373,0.42166795062236984
411,0.5142886449200595,0.5964292716833086,0.59643285028041,0.48182100331771077,0.5472429425503722
412,0.46069117054768605,0.4606911705476859,0.4606897884741745,0.8785736620912115,0.5651614479151894
413,0.4906557999796458,0.7611060388452869,0.43443565710266974,0.423678269306306,0.5274689413084771
414,0.5323501176964874,0.814416970548041,0.47641551310676544,0.7315692117979605,0.6386879532873135
415,0.45772521203156635,0.5140925959924778,0.9176871964714173,0.4896093732677372,0.5947785944407997
416,0.32039568271246266,0.2370765464495107,0.5537576001693509,0.2370770996286722,0.3370767322399991
417,0.43287198321605264,0.7878379429048322,0.4328719832160526,0.5908679558775165,0.5611124663036136
418,0.9784165689812464,0.32374437414082996,0.7877755047080719,0.693659151800138,0.6958988999075716
419,0.41931394047195597,0.6563192055896526,0.4193114245832811,0.48680988703101324,0.49543861441897574
420,0.43646009595882834,0.2805802877686916,0.2805807086397546,0.4107844252504574,0.352101379404433
421,0.3924178508023358,0.4735551548142051,0.4445587888743267,0.45382174893680677,0.4410883858569186
422,0.47200407543763184,0.3383522727268828,0.5594066550747521,0.3383513845525,0.4270285969479417
423,0.850000145676032,0.41177471130160537,0.7424197292946828,0.9661313969272394,0.7425814957998899
424,0.571427187533395,0.3894731757434321,0.4285720811224285,0.357142162244857,0.43665365166102815
425,0.42668504527622997,0.6586538380096831,0.467340207461823,0.694349308994718,0.5617570999356135
426,0.4906557999796458,0.7611060388452869,0.43443565710266974,0.423678269306306,0.5274689413084771
427,0.0,1.0,0.0,1.0,0.5
428,0.2564139853557307,0.4502855066061302,0.25641398535573057,0.28740913571820637,0.31263065325894945
429,0.45772521203156635,0.5140925959924778,0.9176871964714173,0.4896093732677372,0.5947785944407997
430,0.46711264761981797,0.563628009629923,0.32171799111977284,0.32171727619122137,0.4185439811401839
431,0.4700009764570429,0.3211117981525076,0.5300035090444456,0.2752386535490655,0.3990887343007654
432,0.0,1.0,0.0,1.0,0.5
433,0.4431831732483155,0.38235296966529336,0.3823542441777412,0.5131580261775156,0.43026210331721637
434,0.5150433867996468,0.15227726027221444,0.0,0.9796866619130182,0.41175182724621984
435,0.3148493356156902,0.37875698524974516,0.31484786631389294,0.40930263865612826,0.3544392064588641
436,0.22618134560456649,0.2944840009329595,0.22618071229654546,0.4354276553304788,0.2955684285411375
437,0.402518413380057,0.41043536547597304,0.8112705849974416,0.4104338263445068,0.5086645475494946
438,0.45000238001167847,0.40909093057835905,0.40714507469806105,0.31818213388498084,0.3961051297932699
439,0.4906557999796458,0.7611060388452869,0.43443565710266974,0.423678269306306,0.5274689413084771
440,0.3361612856819812,0.39481064395871285,0.3207402255763687,0.4179793031136529,0.3674228645826789
441,0.4906557999796458,0.7611060388452869,0.43443565710266974,0.423678269306306,0.5274689413084771
442,0.48364073504549815,0.6011186136891223,0.4119893601456815,0.4119907334472106,0.47718486058187815
443,0.26666788830399707,0.39600197785264385,0.29599992031220124,0.4600008920855439,0.3546676696385965
444,0.47390265273881227,0.3717675306157259,0.39027144788315227,0.3850460719531246,0.40524692579770377
445,0.3361612856819812,0.39481064395871285,0.3207402255763687,0.4179793031136529,0.3674228645826789
446,0.3924178508023358,0.4735551548142051,0.4445587888743267,0.45382174893680677,0.4410883858569186
447,0.2931190753661855,0.4103668696567808,0.29311790288871137,0.6374791041025637,0.40852073800356037
448,0.4857144889472437,0.37777776314813805,0.36999786246676464,0.37777902241070654,0.4028172842432132
449,0.571427187533395,0.3894731757434321,0.4285720811224285,0.357142162244857,0.43665365166102815
450,0.4906557999796458,0.7611060388452869,0.43443565710266974,0.423678269306306,0.5274689413084771
451,0.33289968260795266,0.2322585631987412,0.6171431372703265,0.23225913094265266,0.35364012850491827
452,1.0,0.0,1.0,1.0,0.75
453,0.38635170082451936,0.6632069607233234,0.42314549000720414,0.3647939846722483,0.4593745340568238
454,0.4827282494025713,0.5900011758354234,0.4022732729851524,0.4022731556557949,0.46931896346973556
455,0.49705802292519585,0.8440040582324116,0.4227454955650762,0.42274690472048565,0.5466386203607924
456,0.571427187533395,0.3894731757434321,0.4285720811224285,0.357142162244857,0.43665365166102815
457,0.26980897417404326,0.31645772883038886,0.27623255983555955,0.46707281634380493,0.33239301979594915
458,0.45000238001167836,0.409090930578359,0.4090925669469902,0.6428587795952581,0.4777611642830714
459,0.26666788830399707,0.39600197785264385,0.29599992031220124,0.4600008920855439,0.3546676696385965
460,0.2730234830427798,0.3147554350201777,0.3147544907538727,0.45549436036647545,0.3395069422958264
461,0.3040013788960075,0.2978716025810866,0.2978704110934847,0.39404635868697385,0.3234474378143881
462,0.29110738971724615,0.363161422100142,0.4419208767855291,0.9699242719769986,0.5165284901449789
463,0.251545489044015,0.35479219677230456,0.41054426303844427,1.0,0.504220487213691
464,0.33289968260795266,0.2322585631987412,0.6171431372703265,0.23225913094265266,0.35364012850491827
465,0.5145935188925428,0.8990171911912639,0.4412035147697589,0.4412049854510831,0.5740048025761622
466,0.46711264761981797,0.563628009629923,0.32171799111977284,0.32171727619122137,0.4185439811401839
467,0.5079746707053528,0.6399339905925622,0.4183083323711669,0.4183095872986739,0.496131645241939
468,0.19560590711323175,0.35624996185374236,0.6827071449567396,0.33637281356519405,0.39273395687222695
469,0.5813342119251791,0.37615820769823566,0.37615820769823566,0.6332880149699701,0.49173466057290516
470,0.3725331131675694,0.2902598756285408,0.29026052871424035,0.40636537586996546,0.339854723345079
471,0.49705802292519585,0.8440040582324116,0.4227454955650762,0.42274690472048565,0.5466386203607924
472,0.251545489044015,0.35479219677230456,0.41054426303844427,1.0,0.504220487213691
473,0.9784165689812464,0.32374437414082996,0.7877755047080719,0.693659151800138,0.6958988999075716
474,0.4304457185675947,0.8962185581305608,0.43044313588811806,0.9611292794789696,0.6795591730163109
475,0.48103700262809623,0.387499952083176,0.5365395714524389,0.38750111458477593,0.44814441018712176
476,0.43287198321605264,0.7878379429048322,0.4328719832160526,0.5908679558775165,0.5611124663036136
477,0.46069117054768605,0.4606911705476859,0.4606897884741745,0.8785736620912115,0.5651614479151894
478,0.7142856037697941,0.43157923594959113,0.7368448876863947,0.7368419025220454,0.6548879074819562
479,0.17424403446353193,0.9015693514098606,0.1921854692437015,0.8177111939675059,0.52142751227115
480,0.0,1.0,0.0,1.0,0.5
481,0.4242669017254179,0.2582480173050305,0.25824879205101936,0.5682049251239228,0.37724215905134767
482,0.012320366675729395,0.5267838489090427,0.4223073920004161,0.5267806882059496,0.3720480739477845
483,0.2928169301483088,0.36134653791042054,0.44304446385276575,0.7894302946486833,0.4716595566400446
484,0.3924178508023358,0.4735551548142051,0.4445587888743267,0.45382174893680677,0.4410883858569186
485,0.4678606275152951,0.6038084554760585,0.725965378356975,0.7557140829323812,0.6383371360701775
486,0.3361612856819812,0.39481064395871285,0.3207402255763687,0.4179793031136529,0.3674228645826789
487,0.48364073504549815,0.6011186136891223,0.4119893601456815,0.4119907334472106,0.47718486058187815
488,0.2700005093340652,0.2699998613335197,0.3375000291667055,0.27000058133386995,0.2868752452920401
489,0.4827282494025713,0.5900011758354234,0.4022732729851524,0.4022731556557949,0.46931896346973556
490,0.5150433867996468,0.15227726027221444,0.0,0.9796866619130182,0.41175182724621984
491,0.3538469364692181,0.43380028401001247,0.2516275057641932,0.4635673637678912,0.37571052250282877
492,0.29110738971724615,0.363161422100142,0.4419208767855291,0.9699242719769986,0.5165284901449789
493,0.49705802292519585,0.8440040582324116,0.4227454955650762,0.42274690472048565,0.5466386203607924
494,0.2928169301483088,0.36134653791042054,0.44304446385276575,0.7894302946486833,0.4716595566400446
495,0.49705802292519585,0.8440040582324116,0.4227454955650762,0.42274690472048565,0.5466386203607924
496,1.0,0.0,0.0,1.0,0.5
497,0.43287198321605264,0.7878379429048322,0.4328719832160526,0.5908679558775165,0.5611124663036136
498,0.45000238001167847,0.40909093057835905,0.40714507469806105,0.31818213388498084,0.3961051297932699
499,0.19378336634354626,0.24237488942544724,0.6311254995079986,1.0,0.516820938819248
500,0.3538469364692181,0.46356851261580906,0.46356581854540535,0.4635673637678912,0.43613715784958096
501,0.19897806201646157,0.2614942549676081,0.2941812819900523,0.261494952287016,0.2540371378152845
502,0.0,0.6940101951104142,0.0,1.0,0.4235025487776035
503,0.2666678883039965,0.480003026058535,0.47999999604140414,0.46000089208554373,0.42166795062236984
504,0.4827282494025713,0.5900011758354234,0.4022732729851524,0.4022731556557949,0.46931896346973556
505,0.850000145676032,0.41177471130160537,0.7424197292946828,0.9661313969272394,0.7425814957998899
506,0.45772521203156635,0.5140925959924778,0.9176871964714173,0.4896093732677372,0.5947785944407997
507,0.9839625674647584,0.3176432758029414,0.23713432231088521,0.9472901761376936,0.6215075854290697
508,0.32355878512397157,0.05566023259080486,0.5399148420124792,0.5295993767585374,0.36218330912144825
509,0.3153860728362908,0.3843736453671225,0.31538460103559884,0.41000115983490126,0.3562863697684783
510,0.4138064198240255,0.39409978312638544,0.45321482967689725,0.41380486804878736,0.41873147516902387
511,0.2666678883039965,0.480003026058535,0.47999999604140414,0.46000089208554373,0.42166795062236984
512,0.5547017512499363,0.3697996387690636,0.3698011179735355,0.4797053929826929,0.443501975243807
513,0.850000145676032,0.41177471130160537,0.7424197292946828,0.9661313969272394,0.7425814957998899
514,0.5079746707053528,0.6399339905925622,0.4183083323711669,0.4183095872986739,0.496131645241939
515,0.43646009595882834,0.2805802877686916,0.2805807086397546,0.4107844252504574,0.352101379404433
516,0.2993169509863655,0.32882867071040833,0.24792436299909937,0.44018445640895937,0.3290636102762081
517,0.3538469364692181,0.46356851261580906,0.46356581854540535,0.4635673637678912,0.43613715784958096
518,0.32797686684076477,0.22496894739246903,0.33968994191744606,0.339689050231683,0.3080812015955907
519,0.46069117054768605,0.4606911705476859,0.4606897884741745,0.8785736620912115,0.5651614479151894
520,0.45772521203156635,0.5140925959924778,0.9176871964714173,0.4896093732677372,0.5947785944407997
521,0.31823017589885033,0.2603695064567046,0.3152973262077478,0.3636903855445982,0.31439684852697525
522,0.19378336634354626,0.24237488942544724,0.6311254995079986,1.0,0.516820938819248
523,0.5250006249973797,0.4307692899406941,0.4307710130230229,0.3615390260370462,0.43701998849953566
524,0.33374880109219185,0.2591664085421017,0.37927010961465923,0.25916709965321566,0.3078381047255421
525,0.4700009764570429,0.3211117981525076,0.5300035090444456,0.2752386535490655,0.3990887343007654
526,0.458492223332444,0.553991052430337,0.3459719220224847,0.34597101384653,0.4261065529079489
527,0.45772521203156635,0.5140925959924778,0.9176871964714173,0.4896093732677372,0.5947785944407997
528,1.0,0.0,0.0,1.0,0.5
529,0.49705802292519585,0.8440040582324116,0.4227454955650762,0.42274690472048565,0.5466386203607924
530,0.260745068554649,0.38789861091668965,0.43079751183770504,0.6478036586609329,0.4318112124924941
531,0.5250006249973797,0.4307692899406941,0.4307710130230229,0.3615390260370462,0.43701998849953566
532,0.3924178508023358,0.4735551548142051,0.4445587888743267,0.45382174893680677,0.4410883858569186
533,0.3287821788618969,0.24557095834712664,0.4813361036538437,0.24557155863249183,0.3253151998738398
534,0.4872567252681866,0.35732170247685574,0.18547685020465232,0.35732277444410704,0.34684451309845044
535,1.0,0.0,0.0,1.0,0.5
536,0.38635170082451936,0.6632069607233234,0.42314549000720414,0.3647939846722483,0.4593745340568238
537,0.2730234830427798,0.3147554350201777,0.3147544907538727,0.45549436036647545,0.3395069422958264
538,0.43646009595882834,0.2805802877686916,0.2805807086397546,0.4107844252504574,0.352101379404433
539,0.5143892798969645,0.4125683266642548,0.40044142728201004,0.4192244400775334,0.43665586848019067
540,0.4906557999796458,0.7611060388452869,0.43443565710266974,0.423678269306306,0.5274689413084771
541,0.0,0.3019908524102701,0.16626841802742542,0.43329010016043296,0.22538734264953214
542,0.34107224764189836,0.280882248551123,0.28088288053712995,0.5305557874999929,0.3583482910575361
543,0.4624987276728858,0.3751634576446248,0.39861292060723996,0.4315794554811849,0.41696364035148387
544,0.4678606275152951,0.6038084554760585,0.725965378356975,0.7557140829323812,0.6383371360701775
545,0.38583521584725955,0.6054887329378218,0.41339329436131494,0.3643063186092393,0.4422558904389089
546,0.2928169301483088,0.36134653791042054,0.44304446385276575,0.7894302946486833,0.4716595566400446
547,0.6228215468257985,0.3680312537539302,0.5374554117155371,0.3680323578498997,0.47408514253629136
548,0.9185856396961586,0.4376045378217721,0.8346054468579619,0.5777095365110207,0.6921262902217284
549,0.2928169301483088,0.36134653791042054,0.44304446385276575,0.7894302946486833,0.4716595566400446
550,0.3384658689090816,0.2769232628709461,0.2769240936428117,0.400001458337215,0.32307867094001363
551,0.5714271875333954,0.4285720811224285,0.631578986980605,0.357142162244857,0.49718010447032146
552,0.7777764222259714,0.4653829603158714,0.8846213216330997,0.7692290278103394,0.7242524329963205
553,0.4678606275152951,0.6038084554760585,0.725965378356975,0.7557140829323812,0.6383371360701775
554,0.2744353147909309,0.31736232603518383,0.2784707775630062,0.401640156155037,0.31797714363603946
555,0.4906557999796458,0.7611060388452869,0.43443565710266974,0.423678269306306,0.5274689413084771
556,0.4678606275152951,0.6038084554760585,0.725965378356975,0.7557140829323812,0.6383371360701775
557,0.251545489044015,0.35479219677230456,0.41054426303844427,1.0,0.504220487213691
558,0.5150433867996468,0.15227726027221444,0.0,0.9796866619130182,0.41175182724621984
559,0.5250006249973797,0.4307692899406941,0.4307710130230229,0.3615390260370462,0.43701998849953566
560,0.3082610543953734,0.42823242482125257,0.750664479732882,0.8571415892773112,0.5860748870567049
561,0.571427187533395,0.3894731757434321,0.4285720811224285,0.357142162244857,0.43665365166102815
562,1.0,0.0,0.0,1.0,0.5
563,0.251545489044015,0.35479219677230456,0.41054426303844427,1.0,0.504220487213691
564,0.432456592836637,0.2900722712556128,0.28992178552334635,0.3851561614136158,0.34940170275730303
565,0.5813342119251791,0.37615820769823566,0.37615820769823566,0.6332880149699701,0.49173466057290516
566,0.48364073504549815,0.6011186136891223,0.4119893601456815,0.4119907334472106,0.47718486058187815
567,0.571427187533395,0.3894731757434321,0.4285720811224285,0.357142162244857,0.43665365166102815
568,0.3361612856819812,0.39481064395871285,0.3207402255763687,0.4179793031136529,0.3674228645826789
569,0.6228215468257985,0.3680312537539302,0.5374554117155371,0.3680323578498997,0.47408514253629136
570,0.7003465902059187,0.3363868244754741,0.3806471436119171,0.8180037898345521,0.5588460870319655
571,0.5422708010542928,0.8795692512888604,0.4188413787146684,0.4255986975361094,0.5665700321484828
572,0.571427187533395,0.3894731757434321,0.4285720811224285,0.357142162244857,0.43665365166102815
573,1.0,0.0,0.0,1.0,0.5
574,0.4906557999796458,0.7611060388452869,0.423678269306306,0.41172900990351863,0.5217922795086893
575,0.9784165689812464,0.32374437414082996,0.7877755047080719,0.693659151800138,0.6958988999075716
576,0.2666678883039965,0.480003026058535,0.47999999604140414,0.46000089208554373,0.42166795062236984
577,0.47390265273881227,0.3717675306157259,0.39027144788315227,0.3850460719531246,0.40524692579770377
578,0.45772521203156635,0.5140925959924778,0.9176871964714173,0.4896093732677372,0.5947785944407997
579,0.48364073504549815,0.6011186136891223,0.4119893601456815,0.4119907334472106,0.47718486058187815
580,0.2730234830427798,0.3147554350201777,0.3147544907538727,0.45549436036647545,0.3395069422958264
581,0.3361612856819812,0.39481064395871285,0.3207402255763687,0.4179793031136529,0.3674228645826789
582,0.850000145676032,0.41177471130160537,0.7424197292946828,0.9661313969272394,0.7425814957998899
583,0.1997742188971465,0.35489144814076995,0.7604819212912719,0.35489111542978774,0.41750967593974403
584,0.3518875611441904,0.5784370627300789,0.330503236519203,0.3437980161739724,0.4011564691418612
585,0.49705802292519585,0.8440040582324116,0.4227454955650762,0.42274690472048565,0.5466386203607924
586,0.251545489044015,0.35479219677230456,0.41054426303844427,1.0,0.504220487213691
587,0.5250006249973797,0.4307692899406941,0.4307710130230229,0.3615390260370462,0.43701998849953566
588,0.48364073504549815,0.6011186136891223,0.4119893601456815,0.4119907334472106,0.47718486058187815
589,0.46069117054768605,0.4606911705476859,0.4606897884741745,0.8785736620912115,0.5651614479151894
590,0.2666678883039965,0.480003026058535,0.47999999604140414,0.46000089208554373,0.42166795062236984
591,1.0,0.0,0.0,1.0,0.5
592,0.5150433867996468,0.15227726027221444,0.0,0.9796866619130182,0.41175182724621984
593,0.0,0.0,1.0,1.0,0.5
594,0.24287526484682914,0.3612251480410433,0.6362387662110371,0.40306095377038725,0.4108500332173242
595,0.5079746707053528,0.6399339905925622,0.4183083323711669,0.4183095872986739,0.496131645241939
596,0.17424403446353193,0.9015693514098606,0.1921854692437015,0.8177111939675059,0.52142751227115
597,0.5813342119251791,0.37615820769823566,0.37615820769823566,0.6332880149699701,0.49173466057290516
598,0.24287526484682914,0.3612251480410433,0.6362387662110371,0.40306095377038725,0.4108500332173242
599,0.5813342119251791,0.37615820769823566,0.37615820769823566,0.6332880149699701,0.49173466057290516
600,0.4431831732483155,0.38235296966529336,0.3823542441777412,0.5131580261775156,0.43026210331721637
601,0.3153860728362908,0.3843736453671225,0.31538460103559884,0.41000115983490126,0.3562863697684783
602,0.45772521203156635,0.5140925959924778,0.9176871964714173,0.4896093732677372,0.5947785944407997
603,0.7142856037697941,0.43157923594959113,0.7368448876863947,0.7368419025220454,0.6548879074819562
604,0.4184794682134301,0.41002631412720203,0.3730769424378395,0.44907576241200126,0.4126646217976182
605,0.42678805028843564,0.2597834004975718,0.25978262114775996,0.6291731288409584,0.39388180019368146
606,0.3040013788960075,0.2978716025810866,0.2978704110934847,0.39404635868697385,0.3234474378143881
607,0.42884760770340796,0.6034118572526914,0.6480946661444535,0.5638380965228097,0.5610480569058407
608,0.571427187533395,0.3894731757434321,0.4285720811224285,0.357142162244857,0.43665365166102815
609,0.4242669017254179,0.2582480173050305,0.25824879205101936,0.5682049251239228,0.37724215905134767
610,0.49705802292519563,0.4227454955650762,0.5309543664384726,0.42274690472048565,0.4683761974123075
611,0.40789691206077955,0.3874999249999156,0.48654092914664226,0.3875010875014342,0.4173597134271929
612,0.46069117054768605,0.4606911705476859,0.4606897884741745,0.8785736620912115,0.5651614479151894
613,0.4678606275152951,0.6038084554760585,0.725965378356975,0.7557140829323812,0.6383371360701775
614,0.19378336634354626,0.24237488942544724,0.6311254995079986,1.0,0.516820938819248
615,0.31823017589885033,0.2603695064567046,0.3152973262077478,0.3636903855445982,0.31439684852697525
616,0.5323501176964874,0.814416970548041,0.47641551310676544,0.7315692117979605,0.6386879532873135
617,0.32628451534088254,0.27820291126584645,0.27820179845308857,0.45656041264398856,0.33481240942595153
618,0.3082610543953734,0.42823242482125257,0.750664479732882,0.8571415892773112,0.5860748870567049
619,0.4304457185675947,0.8962185581305608,0.43044313588811806,0.9611292794789696,0.6795591730163109
620,0.5547017512499363,0.3697996387690636,0.3698011179735355,0.4797053929826929,0.443501975243807
621,0.4304457185675947,0.8962185581305608,0.43044313588811806,0.9611292794789696,0.6795591730163109
622,0.48364073504549815,0.6011186136891223,0.4119893601456815,0.4119907334472106,0.47718486058187815
623,0.5323501176964874,0.814416970548041,0.47641551310676544,0.7315692117979605,0.6386879532873135
624,0.29110738971724615,0.363161422100142,0.4419208767855291,0.9699242719769986,0.5165284901449789
625,0.3924178508023358,0.4735551548142051,0.4445587888743267,0.45382174893680677,0.4410883858569186
626,0.2195015975285529,0.25062117909093157,0.4385890266140191,0.2506218474154125,0.289833412662229
627,0.46069117054768605,0.4606911705476859,0.4606897884741745,0.8785736620912115,0.5651614479151894
628,0.2666678883039965,0.480003026058535,0.47999999604140414,0.46000089208554373,0.42166795062236984
629,0.2666678883039965,0.480003026058535,0.47999999604140414,0.46000089208554373,0.42166795062236984
630,0.0,1.0,0.0,1.0,0.5
631,0.2195015975285529,0.25062117909093157,0.4385890266140191,0.2506218474154125,0.289833412662229
632,0.5150433867996468,0.15227726027221444,0.0,0.9796866619130182,0.41175182724621984
633,0.2666678883039965,0.480003026058535,0.47999999604140414,0.46000089208554373,0.42166795062236984
634,0.2730234830427798,0.3147554350201777,0.3147544907538727,0.45549436036647545,0.3395069422958264
635,0.0,1.0,0.0,1.0,0.5
636,0.571427187533395,0.3894731757434321,0.4285720811224285,0.357142162244857,0.43665365166102815
637,0.49705802292519563,0.4227454955650762,0.5309543664384726,0.42274690472048565,0.4683761974123075
638,0.458492223332444,0.553991052430337,0.3459719220224847,0.34597101384653,0.4261065529079489
639,0.5323501176964874,0.814416970548041,0.47641551310676544,0.7315692117979605,0.6386879532873135
640,0.48103700262809623,0.387499952083176,0.5365395714524389,0.38750111458477593,0.44814441018712176
641,0.4089444595466245,0.2708632276339533,0.2831137722070857,0.30670778520347725,0.3174073111477852
642,0.26380657930878093,0.46326865925896865,0.2638056999529303,0.3804886223643722,0.342842390221263
643,0.45000238001167836,0.409090930578359,0.4090925669469902,0.6428587795952581,0.4777611642830714
644,0.4906557999796458,0.7611060388452869,0.43443565710266974,0.423678269306306,0.5274689413084771
645,0.31823017589885033,0.2603695064567046,0.3152973262077478,0.3636903855445982,0.31439684852697525
646,0.5813342119251791,0.37615820769823566,0.37615820769823566,0.6332880149699701,0.49173466057290516
647,0.45000238001167847,0.40909093057835905,0.40714507469806105,0.31818213388498084,0.3961051297932699
648,0.2615586401154512,0.4225180261276445,0.26155776825273624,0.41389366702008823,0.33988202537898005
649,0.3278036458532597,0.23978168473445766,0.5084853094834256,0.23978224422561478,0.32896322107418946
650,0.17424403446353193,0.9015693514098606,0.1921854692437015,0.8177111939675059,0.52142751227115
651,0.49705802292519585,0.8440040582324116,0.4227454955650762,0.42274690472048565,0.5466386203607924
652,0.38635170082451936,0.6632069607233234,0.42314549000720414,0.3647939846722483,0.4593745340568238
653,0.4066666106668006,0.5393996294416669,0.605226222349874,0.6016681360031403,0.5382401496153705
654,0.7142856037697941,0.43157923594959113,0.7368448876863947,0.7368419025220454,0.6548879074819562
655,0.2730234830427798,0.3147554350201777,0.3147544907538727,0.45549436036647545,0.3395069422958264
656,0.45000238001167847,0.40909093057835905,0.40714507469806105,0.31818213388498084,0.3961051297932699
657,0.4906557999796458,0.7611060388452869,0.43443565710266974,0.423678269306306,0.5274689413084771
658,0.5813342119251791,0.37615820769823566,0.37615820769823566,0.6332880149699701,0.49173466057290516
659,0.5143892798969645,0.4125683266642548,0.40044142728201004,0.4192244400775334,0.43665586848019067
660,0.571427187533395,0.3894731757434321,0.4285720811224285,0.357142162244857,0.43665365166102815
661,0.268382434624418,0.2534721328703229,0.39673942469352025,0.25347272430589096,0.293016679123538
662,1.0,0.0,0.0,1.0,0.5
663,1.0,0.0,0.0,1.0,0.5
664,0.45772521203156635,0.5140925959924778,0.9176871964714173,0.4896093732677372,0.5947785944407997
665,0.27374984035131317,0.4809104977545318,0.4049806662895219,0.3889033186368317,0.3871360807580496
666,0.24287526484682914,0.3612251480410433,0.6362387662110371,0.40306095377038725,0.4108500332173242
667,0.48103700262809623,0.387499952083176,0.5365395714524389,0.38750111458477593,0.44814441018712176
668,0.0,1.0,0.0,1.0,0.5
669,0.6053398409400402,0.36013760372563614,0.550852640344567,0.4183970443623634,0.48368178234315173
670,0.432456592836637,0.2900722712556128,0.28992178552334635,0.3851561614136158,0.34940170275730303
671,0.0,0.0,1.0,1.0,0.5
672,1.0,0.0,0.0,1.0,0.5
673,0.4906557999796458,0.7611060388452869,0.43443565710266974,0.423678269306306,0.5274689413084771
674,0.4039135666587,0.25244592236108415,0.25244592236108415,0.4044891025557006,0.3283236284841422
675,0.49705802292519585,0.8440040582324116,0.4227454955650762,0.42274690472048565,0.5466386203607924
676,0.6153719162647323,0.3928340126835523,0.4079448216096447,0.3977455677321685,0.4534740795725244
677,0.3040013788960074,0.2978704110934847,0.2978716025810866,0.39404635868697385,0.3234474378143881
678,0.4138064198240255,0.39409978312638544,0.45321482967689725,0.41380486804878736,0.41873147516902387
679,0.3040013788960075,0.2978716025810866,0.2978704110934847,0.39404635868697385,0.3234474378143881
680,0.7142856037697941,0.43157923594959113,0.7368448876863947,0.7368419025220454,0.6548879074819562
681,0.26980897417404326,0.31645772883038886,0.27623255983555955,0.46707281634380493,0.33239301979594915
682,0.3612505420645197,0.4013888824070431,0.3802634552985211,0.40138995277846656,0.38607320813713764
683,0.571427187533395,0.3894731757434321,0.4285720811224285,0.357142162244857,0.43665365166102815
684,0.5714271875333954,0.4285720811224285,0.631578986980605,0.357142162244857,0.49718010447032146
685,0.4242669017254179,0.2582480173050305,0.25824879205101936,0.5682049251239228,0.37724215905134767
686,0.0,0.6940101951104142,0.0,1.0,0.4235025487776035
687,0.6053398409400402,0.36013760372563614,0.550852640344567,0.4183970443623634,0.48368178234315173
688,0.5142886449200595,0.5964292716833086,0.59643285028041,0.48182100331771077,0.5472429425503722
689,0.48364073504549815,0.6011186136891223,0.4119893601456815,0.4119907334472106,0.47718486058187815
690,0.251545489044015,0.35479219677230456,0.41054426303844427,1.0,0.504220487213691
691,0.402518413380057,0.41043536547597304,0.8112705849974416,0.4104338263445068,0.5086645475494946
692,0.47390265273881227,0.3717675306157259,0.39027144788315227,0.3850460719531246,0.40524692579770377
693,0.45772521203156635,0.5140925959924778,0.9176871964714173,0.4896093732677372,0.5947785944407997
694,0.6153719162647323,0.3928340126835523,0.4079448216096447,0.3977455677321685,0.4534740795725244
695,0.5323501176964874,0.814416970548041,0.47641551310676544,0.7315692117979605,0.6386879532873135
696,0.3924178508023358,0.4735551548142051,0.4445587888743267,0.45382174893680677,0.4410883858569186
697,0.251545489044015,0.35479219677230456,0.41054426303844427,1.0,0.504220487213691
698,0.7003465902059187,0.3363868244754741,0.3806471436119171,0.8180037898345521,0.5588460870319655
699,0.8579820173967307,0.3151082603583626,0.3808116024004553,0.7015483312030182,0.5638625528396417
700,0.43646009595882834,0.2805802877686916,0.2805807086397546,0.4107844252504574,0.352101379404433
701,0.2730234830427798,0.3147554350201777,0.3147544907538727,0.45549436036647545,0.3395069422958264
702,0.850000145676032,0.41177471130160537,0.7424197292946828,0.9661313969272394,0.7425814957998899
703,0.4827282494025713,0.5900011758354234,0.4022732729851524,0.4022731556557949,0.46931896346973556
704,0.49272809653088784,0.6022241963045771,0.35194843926470565,0.4106077051918032,0.4643771093229934
705,0.1360003851986367,0.271110988814851,0.3128210807703481,0.2711117117782108,0.24776104164051166
706,0.9784165689812464,0.32374437414082996,0.7877755047080719,0.693659151800138,0.6958988999075716
707,0.2935300441967787,0.7545929239657554,0.2537548165578404,0.6652770525213346,0.4917887093104273
708,0.2666678883039965,0.480003026058535,0.47999999604140414,0.46000089208554373,0.42166795062236984
709,0.47390265273881227,0.3717675306157259,0.39027144788315227,0.3850460719531246,0.40524692579770377
710,0.2935300441967787,0.7545929239657554,0.2537548165578404,0.6652770525213346,0.4917887093104273
711,0.4906557999796458,0.7611060388452869,0.43443565710266974,0.423678269306306,0.5274689413084771
712,0.3518875611441904,0.5784370627300789,0.330503236519203,0.3437980161739724,0.4011564691418612
713,0.26980897417404326,0.31645772883038886,0.27623255983555955,0.46707281634380493,0.33239301979594915
714,0.3117189698437678,0.31171896984376773,0.3117186581247978,0.6543488539195476,0.39737636293297024
715,0.48364073504549815,0.6011186136891223,0.4119893601456815,0.4119907334472106,0.47718486058187815
716,0.2666678883039965,0.480003026058535,0.47999999604140414,0.46000089208554373,0.42166795062236984
717,0.5547017512499363,0.3697996387690636,0.3698011179735355,0.4797053929826929,0.443501975243807
718,0.4906557999796458,0.7611060388452869,0.43443565710266974,0.423678269306306,0.5274689413084771
719,0.46711264761981797,0.563628009629923,0.32171799111977284,0.32171727619122137,0.4185439811401839
720,0.49705802292519585,0.8440040582324116,0.4227454955650762,0.42274690472048565,0.5466386203607924
721,0.4872567252681866,0.35732170247685574,0.18547685020465232,0.35732277444410704,0.34684451309845044
722,0.2931190753661855,0.4103668696567808,0.29311790288871137,0.6374791041025637,0.40852073800356037
723,0.46069117054768605,0.4606911705476859,0.4606897884741745,0.8785736620912115,0.5651614479151894
724,0.49705802292519563,0.4227454955650762,0.5309543664384726,0.42274690472048565,0.4683761974123075
725,0.46069117054768605,0.4606911705476859,0.4606897884741745,0.8785736620912115,0.5651614479151894
726,0.402518413380057,0.41043536547597304,0.8112705849974416,0.4104338263445068,0.5086645475494946
727,0.7142856037697941,0.43157923594959113,0.7368448876863947,0.7368419025220454,0.6548879074819562
728,0.4827282494025713,0.5900011758354234,0.4022732729851524,0.4022731556557949,0.46931896346973556
729,0.5145935188925428,0.8990171911912639,0.4412035147697589,0.4412049854510831,0.5740048025761622
730,0.4857144889472437,0.37777776314813805,0.36999786246676464,0.37777902241070654,0.4028172842432132
731,0.19029461754483268,0.32586217475855245,0.6688737060995573,0.3258611609646692,0.3777229148419029
732,0.3965722894436276,0.6308942058767575,0.3540842498335229,0.3691492815536584,0.4376750066768916
733,0.36550084201939104,0.3322723766086015,0.49376510475210866,0.3847378641107386,0.39406904687271
734,0.4138064198240255,0.39409978312638544,0.45321482967689725,0.41380486804878736,0.41873147516902387
735,0.48364073504549815,0.6011186136891223,0.4119893601456815,0.4119907334472106,0.47718486058187815
736,0.9839625674647584,0.3176432758029414,0.23713432231088521,0.9472901761376936,0.6215075854290697
737,0.3153860728362908,0.3843736453671225,0.31538460103559884,0.41000115983490126,0.3562863697684783
738,0.6471344460944409,0.3761151798724426,0.3855194126028491,0.40580999165780607,0.4536447575568847
739,0.3924178508023358,0.4735551548142051,0.4445587888743267,0.45382174893680677,0.4410883858569186
740,0.5547017512499363,0.3697996387690636,0.3698011179735355,0.4797053929826929,0.443501975243807
741,0.0,1.0,0.0,1.0,0.5
742,0.48364073504549815,0.6011186136891223,0.4119893601456815,0.4119907334472106,0.47718486058187815
743,0.4827282494025713,0.5900011758354234,0.4022732729851524,0.4022731556557949,0.46931896346973556
744,0.27374984035131317,0.4809104977545318,0.4049806662895219,0.3889033186368317,0.3871360807580496
745,0.5150433867996468,0.15227726027221444,0.0,0.9796866619130182,0.41175182724621984
746,0.48364073504549815,0.6011186136891223,0.4119893601456815,0.4119907334472106,0.47718486058187815
747,0.3082610543953734,0.42823242482125257,0.750664479732882,0.8571415892773112,0.5860748870567049
748,0.3153860728362908,0.3843736453671225,0.31538460103559884,0.41000115983490126,0.3562863697684783
749,0.5145935188925428,0.8990171911912639,0.4412035147697589,0.4412049854510831,0.5740048025761622
750,0.2615586401154512,0.4225180261276445,0.26155776825273624,0.41389366702008823,0.33988202537898005
751,0.4035014686440671,0.32595655222476727,0.3650727298940505,0.35086958374147126,0.36135008362608906
752,0.3361612856819812,0.39481064395871285,0.3207402255763687,0.4179793031136529,0.3674228645826789
753,0.48103700262809623,0.387499952083176,0.5365395714524389,0.38750111458477593,0.44814441018712176
754,0.4906557999796458,0.7611060388452869,0.43443565710266974,0.423678269306306,0.5274689413084771
755,0.4184794682134301,0.41002631412720203,0.3730769424378395,0.44907576241200126,0.4126646217976182
756,0.2730234830427798,0.3147554350201777,0.3147544907538727,0.45549436036647545,0.3395069422958264
757,0.19378336634354626,0.24237488942544724,0.6311254995079986,1.0,0.516820938819248
758,0.42678805028843564,0.2597834004975718,0.25978262114775996,0.6291731288409584,0.39388180019368146
759,0.48364073504549815,0.6011186136891223,0.4119893601456815,0.4119907334472106,0.47718486058187815
760,0.46069117054768605,0.4606911705476859,0.4606897884741745,0.8785736620912115,0.5651614479151894
761,0.48364073504549815,0.6011186136891223,0.4119893601456815,0.4119907334472106,0.47718486058187815
762,0.26666788830399707,0.39600197785264385,0.29599992031220124,0.4600008920855439,0.3546676696385965
763,0.2548732967678701,0.31970849755595343,0.2987444709981783,0.6674294550982945,0.38518893010507405
764,0.26980897417404326,0.31645772883038886,0.27623255983555955,0.46707281634380493,0.33239301979594915
765,0.2195015975285529,0.25062117909093157,0.4385890266140191,0.2506218474154125,0.289833412662229
766,0.38583521584725955,0.6054887329378218,0.41339329436131494,0.3643063186092393,0.4422558904389089
767,0.26666788830399707,0.39600197785264385,0.29599992031220124,0.4600008920855439,0.3546676696385965
768,0.5323501176964874,0.814416970548041,0.47641551310676544,0.7315692117979605,0.6386879532873135
769,0.2615586401154512,0.4225180261276445,0.26155776825273624,0.41389366702008823,0.33988202537898005
770,0.49272809653088784,0.6022241963045771,0.35194843926470565,0.4106077051918032,0.4643771093229934
771,0.38635170082451936,0.6632069607233234,0.42314549000720414,0.3647939846722483,0.4593745340568238
772,0.38583521584725955,0.6054887329378218,0.41339329436131494,0.3643063186092393,0.4422558904389089
773,0.6331861835307857,0.51810252852765,0.556805418908544,0.5141506585559007,0.5555611973807202
774,0.3082610543953734,0.42823242482125257,0.750664479732882,0.8571415892773112,0.5860748870567049
775,0.4678606275152951,0.6038084554760585,0.725965378356975,0.7557140829323812,0.6383371360701775
776,0.19897806201646157,0.2614942549676081,0.2941812819900523,0.261494952287016,0.2540371378152845
777,0.45000238001167836,0.409090930578359,0.4090925669469902,0.6428587795952581,0.4777611642830714
778,0.850000145676032,0.41177471130160537,0.7424197292946828,0.9661313969272394,0.7425814957998899
779,0.850000145676032,0.41177471130160537,0.7424197292946828,0.9661313969272394,0.7425814957998899
780,0.48364073504549815,0.6011186136891223,0.4119893601456815,0.4119907334472106,0.47718486058187815
781,0.2615586401154512,0.4225180261276445,0.26155776825273624,0.41389366702008823,0.33988202537898005
782,0.3361612856819812,0.39481064395871285,0.3207402255763687,0.4179793031136529,0.3674228645826789
783,0.40789691206077955,0.3874999249999156,0.48654092914664226,0.3875010875014342,0.4173597134271929
784,0.4348203479377785,0.2685014726689185,0.29750535642863196,0.3532897118900929,0.33852922223135545
785,0.43287198321605264,0.7878379429048322,0.4328719832160526,0.5908679558775165,0.5611124663036136
786,0.2928169301483088,0.36134653791042054,0.44304446385276575,0.7894302946486833,0.4716595566400446
787,1.0,0.0,0.0,1.0,0.5
788,0.29391422973535125,0.2616308067899076,0.7438799686909101,0.8222282706432722,0.5304133189648603
789,0.46711264761981797,0.563628009629923,0.32171799111977284,0.32171727619122137,0.4185439811401839
790,0.2666678883039965,0.480003026058535,0.47999999604140414,0.46000089208554373,0.42166795062236984
791,0.43287198321605264,0.7878379429048322,0.4328719832160526,0.5908679558775165,0.5611124663036136
792,0.4678606275152951,0.6038084554760585,0.725965378356975,0.7557140829323812,0.6383371360701775
793,0.4039135666587,0.25244592236108415,0.25244592236108415,0.4044891025557006,0.3283236284841422
794,0.1360003851986367,0.271110988814851,0.3128210807703481,0.2711117117782108,0.24776104164051166
795,0.49705802292519563,0.4227454955650762,0.5309543664384726,0.42274690472048565,0.4683761974123075
796,0.42884760770340796,0.6034118572526914,0.6480946661444535,0.5638380965228097,0.5610480569058407
797,0.3924178508023358,0.4735551548142051,0.4445587888743267,0.45382174893680677,0.4410883858569186
798,0.5323501176964874,0.814416970548041,0.47641551310676544,0.7315692117979605,0.6386879532873135
799,0.5145935188925428,0.8990171911912639,0.4412035147697589,0.4412049854510831,0.5740048025761622
800,0.6053398409400402,0.36013760372563614,0.550852640344567,0.4183970443623634,0.48368178234315173
801,0.4906557999796458,0.7611060388452869,0.423678269306306,0.41172900990351863,0.5217922795086893
802,0.3148493356156902,0.37875698524974516,0.31484786631389294,0.40930263865612826,0.3544392064588641
803,0.5427178117781396,0.3910759456024285,0.5202778418878665,0.3868100695139119,0.46022041719558665
804,0.4857144889472437,0.37777776314813805,0.36999786246676464,0.37777902241070654,0.4028172842432132
805,0.2935300441967787,0.7545929239657554,0.2537548165578404,0.6652770525213346,0.4917887093104273
806,0.40818418638117354,0.408181890351152,0.5496679628790573,0.40818265569162254,0.44355417382575135
807,0.5422708010542928,0.8795692512888604,0.4188413787146684,0.4255986975361094,0.5665700321484828
808,0.23738289488153821,0.3563644873246928,0.6472731223058417,0.3909092873974705,0.4079824479773858
809,0.571427187533395,0.3894731757434321,0.4285720811224285,0.357142162244857,0.43665365166102815
810,0.3282507719352096,0.2758415064214666,0.3126197123316797,0.2679597236542577,0.2961679285856534
811,0.3384658689090816,0.2769232628709461,0.2769240936428117,0.400001458337215,0.32307867094001363
812,0.4089444595466245,0.2708632276339533,0.2831137722070857,0.30670778520347725,0.3174073111477852
813,0.43287198321605264,0.7878379429048322,0.4328719832160526,0.5908679558775165,0.5611124663036136
814,0.4906557999796458,0.7611060388452869,0.43443565710266974,0.423678269306306,0.5274689413084771
815,0.4624987276728858,0.3751634576446248,0.39861292060723996,0.4315794554811849,0.41696364035148387
816,0.3153860728362908,0.3843736453671225,0.31538460103559884,0.41000115983490126,0.3562863697684783
817,0.19897806201646157,0.2614942549676081,0.2941812819900523,0.261494952287016,0.2540371378152845
818,0.0,0.3019908524102701,0.16626841802742542,0.43329010016043296,0.22538734264953214
819,0.38583521584725955,0.6054887329378218,0.41339329436131494,0.3643063186092393,0.4422558904389089
820,0.3965722894436276,0.6308942058767575,0.3540842498335229,0.3691492815536584,0.4376750066768916
821,0.2666678883039965,0.480003026058535,0.47999999604140414,0.46000089208554373,0.42166795062236984
822,0.3384658689090816,0.2769232628709461,0.2769240936428117,0.400001458337215,0.32307867094001363
823,0.29110738971724615,0.363161422100142,0.4419208767855291,0.9699242719769986,0.5165284901449789
824,0.2615586401154512,0.4225180261276445,0.26155776825273624,0.41389366702008823,0.33988202537898005
825,0.45000238001167836,0.409090930578359,0.4090925669469902,0.6428587795952581,0.4777611642830714
826,0.251545489044015,0.35479219677230456,0.41054426303844427,1.0,0.504220487213691
827,0.9839625674647584,0.3176432758029414,0.23713432231088521,0.9472901761376936,0.6215075854290697
828,0.4431831732483155,0.38235296966529336,0.3823542441777412,0.5131580261775156,0.43026210331721637
829,0.850000145676032,0.41177471130160537,0.7424197292946828,0.9661313969272394,0.7425814957998899
830,0.2666678883039965,0.480003026058535,0.47999999604140414,0.46000089208554373,0.42166795062236984
831,0.48364073504549815,0.6011186136891223,0.4119893601456815,0.4119907334472106,0.47718486058187815
832,0.5079746707053528,0.6399339905925622,0.4183083323711669,0.4183095872986739,0.496131645241939
833,0.40818418638117354,0.408181890351152,0.5496679628790573,0.40818265569162254,0.44355417382575135
834,1.0,0.0,0.0,1.0,0.5
835,0.46069117054768605,0.4606911705476859,0.4606897884741745,0.8785736620912115,0.5651614479151894
836,0.45000238001167836,0.409090930578359,0.4090925669469902,0.6428587795952581,0.4777611642830714
837,0.7003465902059187,0.3363868244754741,0.3806471436119171,0.8180037898345521,0.5588460870319655
838,0.6053398409400402,0.36013760372563614,0.550852640344567,0.4183970443623634,0.48368178234315173
839,0.24287526484682914,0.3612251480410433,0.6362387662110371,0.40306095377038725,0.4108500332173242
840,0.25284566573564116,0.2728068789625962,0.2704351503755374,0.2728075155126169,0.2672238026465979
841,0.4678606275152951,0.6038084554760585,0.725965378356975,0.7557140829323812,0.6383371360701775
842,0.4032620718374138,0.3637252945793261,0.6183322733357199,0.4215922559943028,0.4517279739366907
843,0.26666788830399707,0.39600197785264385,0.29599992031220124,0.4600008920855439,0.3546676696385965
844,0.47200407543763184,0.3383522727268828,0.5594066550747521,0.3383513845525,0.4270285969479417
845,0.29110738971724615,0.363161422100142,0.4419208767855291,0.9699242719769986,0.5165284901449789
846,0.5079746707053528,0.6399339905925622,0.4183083323711669,0.4183095872986739,0.496131645241939
847,0.4242669017254179,0.2582480173050305,0.25824879205101936,0.5682049251239228,0.37724215905134767
848,0.48364073504549815,0.6011186136891223,0.4119893601456815,0.4119907334472106,0.47718486058187815
849,0.45772521203156635,0.5140925959924778,0.9176871964714173,0.4896093732677372,0.5947785944407997
850,0.04501362970493907,0.4217597657400311,0.28273516474953975,0.4217611716087288,0.2928174329508097
851,0.46069117054768605,0.4606911705476859,0.4606897884741745,0.8785736620912115,0.5651614479151894
852,0.4066666106668006,0.5393996294416669,0.605226222349874,0.6016681360031403,0.5382401496153705
853,0.49705802292519585,0.8440040582324116,0.4227454955650762,0.42274690472048565,0.5466386203607924
854,0.4304457185675947,0.8962185581305608,0.43044313588811806,0.9611292794789696,0.6795591730163109
855,0.4101567549026368,0.4101567549026367,0.7094586940470851,0.3645827219027304,0.4735887314387722
856,0.34107224764189836,0.280882248551123,0.28088288053712995,0.5305557874999929,0.3583482910575361
857,0.26666788830399707,0.39600197785264385,0.29599992031220124,0.4600008920855439,0.3546676696385965
858,0.4138064198240255,0.39409978312638544,0.45321482967689725,0.41380486804878736,0.41873147516902387
859,0.2666678883039965,0.480003026058535,0.47999999604140414,0.46000089208554373,0.42166795062236984
860,0.2666678883039965,0.480003026058535,0.47999999604140414,0.46000089208554373,0.42166795062236984
861,0.17424403446353193,0.9015693514098606,0.1921854692437015,0.8177111939675059,0.52142751227115
862,0.4066666106668006,0.5393996294416669,0.605226222349874,0.6016681360031403,0.5382401496153705
863,0.3148493356156902,0.37875698524974516,0.31484786631389294,0.40930263865612826,0.3544392064588641
864,0.2931190753661855,0.4103668696567808,0.29311790288871137,0.6374791041025637,0.40852073800356037
865,0.38635170082451936,0.6632069607233234,0.42314549000720414,0.3647939846722483,0.4593745340568238
866,0.571427187533395,0.3894731757434321,0.4285720811224285,0.357142162244857,0.43665365166102815
867,0.19859935119540095,0.4054145191861458,0.2519548445120299,0.3294786877458416,0.29636185065985454
868,0.5250006249973797,0.4307692899406941,0.4307710130230229,0.3615390260370462,0.43701998849953566
869,0.4703703563122503,0.3848486223594803,0.4204994048697049,0.3848499051916423,0.41514207218326943
870,0.7003465902059187,0.3363868244754741,0.3806471436119171,0.8180037898345521,0.5588460870319655
871,0.5145935188925428,0.8990171911912639,0.4412035147697589,0.4412049854510831,0.5740048025761622
872,0.9839625674647584,0.3176432758029414,0.23713432231088521,0.9472901761376936,0.6215075854290697
873,0.4700009764570429,0.3211117981525076,0.5300035090444456,0.2752386535490655,0.3990887343007654
874,0.49705802292519585,0.8440040582324116,0.4227454955650762,0.42274690472048565,0.5466386203607924
875,0.48364073504549815,0.6011186136891223,0.4119893601456815,0.4119907334472106,0.47718486058187815
876,0.17424403446353193,0.9015693514098606,0.1921854692437015,0.8177111939675059,0.52142751227115
877,0.0,0.42300717539249816,0.21660215825164647,0.4318210795821438,0.2678576033065721
878,0.4066666106668006,0.5393996294416669,0.605226222349874,0.6016681360031403,0.5382401496153705
879,0.5813342119251791,0.37615820769823566,0.37615820769823566,0.6332880149699701,0.49173466057290516
880,0.48364073504549815,0.6011186136891223,0.4119893601456815,0.4119907334472106,0.47718486058187815
881,0.2035736226322271,0.379411524050051,0.3500663558016829,0.38529529876606444,0.32958670031250636
882,0.27374984035131317,0.4809104977545318,0.4049806662895219,0.3889033186368317,0.3871360807580496
883,0.5813342119251791,0.37615820769823566,0.37615820769823566,0.6332880149699701,0.49173466057290516
884,0.40818418638117354,0.408181890351152,0.5496679628790573,0.40818265569162254,0.44355417382575135
885,0.48364073504549815,0.6011186136891223,0.4119893601456815,0.4119907334472106,0.47718486058187815
886,0.0,0.0,1.0,1.0,0.5
887,0.49705802292519585,0.8440040582324116,0.4227454955650762,0.42274690472048565,0.5466386203607924
888,0.43646009595882834,0.2805802877686916,0.2805807086397546,0.4107844252504574,0.352101379404433
889,0.34107224764189836,0.280882248551123,0.28088288053712995,0.5305557874999929,0.3583482910575361
890,0.4906557999796458,0.7611060388452869,0.43443565710266974,0.423678269306306,0.5274689413084771
891,0.4906557999796458,0.7611060388452869,0.43443565710266974,0.423678269306306,0.5274689413084771
892,0.4101567549026368,0.4101567549026367,0.7094586940470851,0.3645827219027304,0.4735887314387722
893,0.5145935188925428,0.8990171911912639,0.4412035147697589,0.4412049854510831,0.5740048025761622
894,0.628886132906429,0.16220654283772934,0.5208936077436996,0.6804157998487786,0.4981005208341591
895,0.4138064198240255,0.39409978312638544,0.45321482967689725,0.41380486804878736,0.41873147516902387
896,0.45000238001167836,0.409090930578359,0.4090925669469902,0.6428587795952581,0.4777611642830714
897,0.49705802292519585,0.8440040582324116,0.4227454955650762,0.42274690472048565,0.5466386203607924
898,0.22335384236731198,0.2956147031658942,0.2233532169763032,0.4126435898067907,0.28874133807907504
899,0.4242669017254179,0.2582480173050305,0.25824879205101936,0.5682049251239228,0.37724215905134767
900,0.0,1.0,0.0,1.0,0.5
901,0.42884760770340796,0.6034118572526914,0.6480946661444535,0.5638380965228097,0.5610480569058407
902,0.850000145676032,0.41177471130160537,0.7424197292946828,0.9661313969272394,0.7425814957998899
903,0.42678805028843564,0.2597834004975718,0.25978262114775996,0.6291731288409584,0.39388180019368146
904,0.8579820173967307,0.3151082603583626,0.3808116024004553,0.7015483312030182,0.5638625528396417
905,0.49705802292519585,0.8440040582324116,0.4227454955650762,0.42274690472048565,0.5466386203607924
906,0.43287198321605264,0.7878379429048322,0.4328719832160526,0.5908679558775165,0.5611124663036136
907,0.40789691206077955,0.3874999249999156,0.48654092914664226,0.3875010875014342,0.4173597134271929
908,0.850000145676032,0.41177471130160537,0.7424197292946828,0.9661313969272394,0.7425814957998899
909,0.46711264761981797,0.563628009629923,0.32171799111977284,0.32171727619122137,0.4185439811401839
910,0.4035014686440671,0.32595655222476727,0.3650727298940505,0.35086958374147126,0.36135008362608906
911,0.22749567819218317,0.2900719012683292,0.22749504120402947,0.40483503139621135,0.2874744130151883
912,0.7003465902059187,0.3363868244754741,0.3806471436119171,0.8180037898345521,0.5588460870319655
913,0.5905671002434801,0.5382553545500888,0.0,0.7779571142005526,0.4766948922485304
914,0.38635170082451936,0.6632069607233234,0.42314549000720414,0.3647939846722483,0.4593745340568238
915,0.1360003851986367,0.271110988814851,0.3128210807703481,0.2711117117782108,0.24776104164051166
916,0.5250006249973797,0.4307692899406941,0.4307710130230229,0.3615390260370462,0.43701998849953566
917,0.5422708010542928,0.8795692512888604,0.4188413787146684,0.4255986975361094,0.5665700321484828
918,0.5547017512499363,0.3697996387690636,0.3698011179735355,0.4797053929826929,0.443501975243807
919,0.46069117054768605,0.4606911705476859,0.4606897884741745,0.8785736620912115,0.5651614479151894
920,0.3153860728362908,0.3843736453671225,0.31538460103559884,0.41000115983490126,0.3562863697684783
921,0.19378336634354626,0.24237488942544724,0.6311254995079986,1.0,0.516820938819248
922,0.4678606275152951,0.6038084554760585,0.725965378356975,0.7557140829323812,0.6383371360701775
923,0.4299998179999568,0.507892944328275,0.5349986917614677,0.48250005950026215,0.48884787839749044
924,0.23738289488153821,0.3563644873246928,0.6472731223058417,0.3909092873974705,0.4079824479773858
925,0.26666788830399707,0.39600197785264385,0.29599992031220124,0.4600008920855439,0.3546676696385965
926,1.0,0.0,0.0,1.0,0.5
927,0.3082610543953734,0.42823242482125257,0.750664479732882,0.8571415892773112,0.5860748870567049
928,0.38635170082451936,0.6632069607233234,0.42314549000720414,0.3647939846722483,0.4593745340568238
929,0.4431831732483155,0.38235296966529336,0.3823542441777412,0.5131580261775156,0.43026210331721637
930,0.49705802292519585,0.8440040582324116,0.4227454955650762,0.42274690472048565,0.5466386203607924
931,0.49705802292519585,0.8440040582324116,0.4227454955650762,0.42274690472048565,0.5466386203607924
932,0.850000145676032,0.41177471130160537,0.7424197292946828,0.9661313969272394,0.7425814957998899
933,0.26666788830399707,0.39600197785264385,0.29599992031220124,0.4600008920855439,0.3546676696385965
934,0.2928169301483088,0.36134653791042054,0.44304446385276575,0.7894302946486833,0.4716595566400446
935,0.251545489044015,0.35479219677230456,0.41054426303844427,1.0,0.504220487213691
936,0.1997742188971465,0.35489144814076995,0.7604819212912719,0.35489111542978774,0.41750967593974403
937,0.850000145676032,0.41177471130160537,0.7424197292946828,0.9661313969272394,0.7425814957998899
938,0.5145935188925428,0.8990171911912639,0.4412035147697589,0.4412049854510831,0.5740048025761622
939,0.3082610543953734,0.42823242482125257,0.750664479732882,0.8571415892773112,0.5860748870567049
940,1.0,0.0,0.0,1.0,0.5
941,0.3361612856819812,0.39481064395871285,0.3207402255763687,0.4179793031136529,0.3674228645826789
942,0.43287198321605264,0.7878379429048322,0.4328719832160526,0.5908679558775165,0.5611124663036136
943,0.46069117054768605,0.4606911705476859,0.4606897884741745,0.8785736620912115,0.5651614479151894
944,0.6118190719294188,0.40556262309966795,0.5948265324286194,0.4055638397899707,0.5044430168119192
945,0.4906557999796458,0.7611060388452869,0.43443565710266974,0.423678269306306,0.5274689413084771
946,0.3924178508023358,0.4735551548142051,0.4445587888743267,0.45382174893680677,0.4410883858569186
947,0.48103700262809623,0.387499952083176,0.5365395714524389,0.38750111458477593,0.44814441018712176
948,0.5145935188925428,0.8990171911912639,0.4412035147697589,0.4412049854510831,0.5740048025761622
949,0.4089444595466245,0.2708632276339533,0.2831137722070857,0.30670778520347725,0.3174073111477852
950,0.4101567549026368,0.4101567549026367,0.7094586940470851,0.3645827219027304,0.4735887314387722
951,0.4906557999796458,0.7611060388452869,0.43443565710266974,0.423678269306306,0.5274689413084771
952,0.3924178508023358,0.4735551548142051,0.4445587888743267,0.45382174893680677,0.4410883858569186
953,0.251545489044015,0.35479219677230456,0.41054426303844427,1.0,0.504220487213691
954,0.8579820173967307,0.3151082603583626,0.3808116024004553,0.7015483312030182,0.5638625528396417
955,0.19897806201646157,0.2614942549676081,0.2941812819900523,0.261494952287016,0.2540371378152845
956,0.2666678883039965,0.480003026058535,0.47999999604140414,0.46000089208554373,0.42166795062236984
957,0.19560590711323175,0.35624996185374236,0.6827071449567396,0.33637281356519405,0.39273395687222695
958,0.2666678883039965,0.480003026058535,0.47999999604140414,0.46000089208554373,0.42166795062236984
959,0.3725331131675694,0.2902598756285408,0.29026052871424035,0.40636537586996546,0.339854723345079
960,0.45000238001167836,0.409090930578359,0.4090925669469902,0.6428587795952581,0.4777611642830714
961,0.7003465902059187,0.3363868244754741,0.3806471436119171,0.8180037898345521,0.5588460870319655
962,0.32797686684076477,0.22496894739246903,0.33968994191744606,0.339689050231683,0.3080812015955907
963,0.21162845683897627,0.2506171569274706,0.42291853459834317,0.25061776954800435,0.2839454794781986
964,0.5813342119251791,0.37615820769823566,0.37615820769823566,0.6332880149699701,0.49173466057290516
965,0.2928169301483088,0.36134653791042054,0.44304446385276575,0.7894302946486833,0.4716595566400446
966,0.3153860728362908,0.3843736453671225,0.31538460103559884,0.41000115983490126,0.3562863697684783
967,0.8804256315102094,0.2726787921958953,0.3196634717952373,0.5876676868375084,0.5151088955847126
968,0.42668504527622997,0.6586538380096831,0.467340207461823,0.694349308994718,0.5617570999356135
969,0.48364073504549815,0.6011186136891223,0.4119893601456815,0.4119907334472106,0.47718486058187815
970,0.4138064198240255,0.39409978312638544,0.45321482967689725,0.41380486804878736,0.41873147516902387
971,0.29110738971724615,0.363161422100142,0.4419208767855291,0.9699242719769986,0.5165284901449789
972,0.4304457185675947,0.8962185581305608,0.43044313588811806,0.9611292794789696,0.6795591730163109
973,0.5150433867996468,0.15227726027221444,0.0,0.9796866619130182,0.41175182724621984
974,0.2928169301483088,0.36134653791042054,0.44304446385276575,0.7894302946486833,0.4716595566400446
975,0.5079746707053528,0.6399339905925622,0.4183083323711669,0.4183095872986739,0.496131645241939
976,0.4431831732483155,0.38235296966529336,0.3823542441777412,0.5131580261775156,0.43026210331721637
977,0.38635170082451936,0.6632069607233234,0.42314549000720414,0.3647939846722483,0.4593745340568238
978,0.45000238001167847,0.40909093057835905,0.40714507469806105,0.31818213388498084,0.3961051297932699
979,0.4906557999796458,0.7611060388452869,0.43443565710266974,0.423678269306306,0.5274689413084771
980,0.251545489044015,0.35479219677230456,0.41054426303844427,1.0,0.504220487213691
981,0.5813342119251791,0.37615820769823566,0.37615820769823566,0.6332880149699701,0.49173466057290516
982,0.3082610543953734,0.42823242482125257,0.750664479732882,0.8571415892773112,0.5860748870567049
983,0.7142856037697941,0.43157923594959113,0.7368448876863947,0.7368419025220454,0.6548879074819562
984,0.1360003851986367,0.271110988814851,0.3128210807703481,0.2711117117782108,0.24776104164051166
985,0.19378336634354626,0.24237488942544724,0.6311254995079986,1.0,0.516820938819248
986,0.2730234830427798,0.3147554350201777,0.3147544907538727,0.45549436036647545,0.3395069422958264
987,0.40818418638117354,0.408181890351152,0.5496679628790573,0.40818265569162254,0.44355417382575135
988,0.850000145676032,0.41177471130160537,0.7424197292946828,0.9661313969272394,0.7425814957998899
989,0.458492223332444,0.553991052430337,0.3459719220224847,0.34597101384653,0.4261065529079489
990,0.3361612856819812,0.39481064395871285,0.3207402255763687,0.4179793031136529,0.3674228645826789
991,0.42668504527622997,0.6586538380096831,0.467340207461823,0.694349308994718,0.5617570999356135
992,0.38635170082451936,0.6632069607233234,0.42314549000720414,0.3647939846722483,0.4593745340568238
993,0.0,1.0,0.0,1.0,0.5
994,0.6471344460944409,0.3761151798724426,0.3855194126028491,0.40580999165780607,0.4536447575568847
995,0.571427187533395,0.3894731757434321,0.4285720811224285,0.357142162244857,0.43665365166102815
996,0.40818418638117354,0.408181890351152,0.5496679628790573,0.40818265569162254,0.44355417382575135
997,0.012320366675729395,0.5267838489090427,0.4223073920004161,0.5267806882059496,0.3720480739477845
998,0.47390265273881227,0.3717675306157259,0.39027144788315227,0.3850460719531246,0.40524692579770377
999,0.4242669017254179,0.2582480173050305,0.25824879205101936,0.5682049251239228,0.37724215905134767
1000,0.3725331131675694,0.2902598756285408,0.29026052871424035,0.40636537586996546,0.339854723345079
