Num,P_1,P_2,P_3,P_4,Average
1,0.0738128740986462,0.0,0.6251166662511602,0.49361402189485726,0.29813589056116596
2,0.504916718569192,0.4762773791929507,0.8178322214428295,0.7616948887401794,0.640180301986288
3,0.5734547028445502,0.4449549948069124,0.19772662806279842,0.16947996691097067,0.34640407315630795
4,0.3596883485852406,0.3674378677207474,0.6430389119054297,0.8719286391227218,0.5605234418335349
5,0.7169480670061803,0.6904822517432919,0.6748064773646609,0.031389694335681326,0.5284066226124536
6,0.4942421199979997,0.46260162270087035,0.477904200577648,0.6047003820963514,0.5098620813432173
7,0.0,0.42165394575551385,0.18887938696871828,0.3676265709782863,0.24453997592562962
8,0.0,0.1460711434576627,0.5005373967532706,0.3115829238217121,0.23954786600816136
9,0.4187280083094012,0.4979542072017748,0.5599907553805299,0.022280795227725924,0.37473844152985797
10,0.33630417296279896,0.6310324564860543,0.6437115170712321,0.5407598855414827,0.537952008015392
11,0.16663513647770808,0.42136623643773674,0.001869841992297338,0.6742241825157087,0.3160238493558627
12,0.15313623590503225,0.0,0.6313196836644701,0.049699184202290095,0.20853877594294812
13,0.4624876321207683,0.7676543941039905,0.0,0.25126196703532405,0.3703509983150207
14,0.0,0.2590961378304973,0.15974971685575357,0.21810170037862572,0.15923688876621914
15,0.7029578895039382,0.2945855705431335,0.6220111678349856,0.5088881434129255,0.5321106928237458
16,0.501812207904547,0.5857972780237491,0.2890742166942757,0.9442915532193771,0.5802438139604872
17,0.16663513647770808,0.42136623643773674,0.001869841992297338,0.6742241825157087,0.3160238493558627
18,0.6449455319453684,0.9079900477682927,0.5378980732914189,0.2417142336392631,0.5831369716610858
19,0.09192543730549031,0.6541299324509229,0.39550698743506335,0.7452904174541726,0.4717131936614123
20,0.51510282331094,0.4186428727920267,0.06140897490193213,0.6031304076719841,0.39957126966922074
21,0.7441153485864122,0.5217390380950281,0.7060817581665135,0.32873719058626366,0.5751683338585544
22,0.33630417296279896,0.6310324564860543,0.6437115170712321,0.5407598855414827,0.537952008015392
23,0.6300449856202002,0.3256416735917693,0.6583218540305488,0.4365258643111384,0.5126335943884142
24,0.33630417296279896,0.5895759630422418,0.7980131183328528,0.5178491489432429,0.5604356008202842
25,0.7479345677262172,0.11514486666791762,0.3849685066487816,0.26375482616251805,0.3779506918013586
26,0.6037939588717772,0.9091165190806321,0.5954252919991208,0.26437230332819966,0.5931770183199325
27,0.6449455319453684,0.9079900477682927,0.5378980732914189,0.2417142336392631,0.5831369716610858
28,0.0,0.5456831980258183,0.5153525641115144,0.5110086625438258,0.39301110617028967
29,0.0,0.0,0.0,0.0,0.0
30,0.4983186442948812,0.18859992010564003,0.26573139177272515,0.4632740186523704,0.35398099370640423
31,0.0,0.25909613783050217,0.0,0.21810170037862542,0.1192994595522819
32,0.5101126227950606,0.3959384564536778,0.01666973836478427,0.526560422500197,0.3623203100284299
33,0.6449455319453684,0.9079900477682927,0.5378980732914189,0.2417142336392631,0.5831369716610858
34,0.0,0.0,0.0,0.0,0.0
35,0.1564143087329955,0.0,0.6735013826452418,0.1827806310148981,0.25317408059828383
36,0.23490572842714097,0.028939868601306585,0.7811956821958462,0.6086176562782336,0.4134147338756319
37,0.48628799979823856,0.5017130832074409,0.6920794535588339,0.7056850899767094,0.5964414066353058
38,0.4657176939425247,0.48666926532908383,0.872379043740657,0.19391915790841127,0.5046712902301692
39,0.7169480670061803,0.6904822517432919,0.6748064773646609,0.031389694335681326,0.5284066226124536
40,0.0,0.5097791418960569,0.2882963352952139,0.09237150424529691,0.22261174535914194
41,0.6809489356560635,0.001300010209045492,0.09419835271938405,0.29916385791031724,0.2689027891237026
42,0.6449455319453684,0.9079900477682927,0.5378980732914189,0.2417142336392631,0.5831369716610858
43,0.04403263644225941,0.0,0.15156710828303527,0.26171388000221185,0.11432840618187663
44,0.34226140383043113,0.0,0.163975159560959,0.2885136732834144,0.19868755916870112
45,0.6160979360385723,0.8208258970072531,0.6709136306472626,0.14049491408269557,0.5620830944439459
46,0.4334410779324019,0.653847404024294,0.12925370261225758,0.7519580015961088,0.49212504654126554
47,0.07326679460112658,0.13998305522533147,0.7060817581665146,0.32873719058626366,0.3120171996448091
48,0.45317377939229286,0.4803022696420131,0.16063858343076107,0.5516925246552447,0.4114517892800779
49,0.27743477559391183,0.0,0.10954355971406503,0.16703383661227753,0.1385030429800636
50,0.7441153485864122,0.5217390380950281,0.7060817581665135,0.32873719058626366,0.5751683338585544
51,0.3921860547729243,0.0,0.09419835271938407,0.2991638579103171,0.19638706635065636
52,0.4901192391760336,0.293218636781012,0.7830684745850711,0.3755279853571492,0.4854835839748165
53,0.0,0.5091692425096889,0.0,0.21810170037862553,0.1818177357220786
54,0.6449455319453684,0.9079900477682927,0.5378980732914189,0.2417142336392631,0.5831369716610858
55,0.34397270140150316,0.0,0.49633128633430024,0.30342857320592065,0.28593314023543104
56,0.0,0.0,0.0,0.0,0.0
57,0.0,0.0,0.6910663826628831,0.5165541060776175,0.30190512218512516
58,0.0,0.0,0.6910663826628831,0.5165541060776175,0.30190512218512516
59,0.1725092531815668,0.0,0.5817989012298806,0.20036887455436075,0.23866925724145205
60,0.2710729507461878,0.0,0.6437115170712332,0.5407598855414821,0.3638860883397258
61,0.7189752768454105,0.6496468729660648,0.7369462890996717,0.18561339227601856,0.5727954577967914
62,0.0,0.5893642907677233,0.6364831071279973,0.33412241775983215,0.3899924539138882
63,0.5495481004905866,0.38154543641474226,0.48533892134295975,0.7556817438200816,0.5430285505170925
64,0.6449455319453684,0.9079900477682927,0.5378980732914189,0.2417142336392631,0.5831369716610858
65,0.4624876321207683,0.7676543941039905,0.0,0.25126196703532405,0.3703509983150207
66,0.0,0.6596702633601165,0.622613149600721,0.2809305885902808,0.3908035003877796
67,0.7029578895039382,0.2945855705431335,0.6220111678349856,0.5088881434129255,0.5321106928237458
68,0.5197466634451107,0.3684616231697094,0.5192002864994604,0.5928763177013493,0.5000712227039074
69,0.5437466018318752,0.4841532716066503,0.651988895973439,0.8905602952172619,0.6426122661573066
70,0.0,0.13240094402018748,0.7369462890996731,0.18561339227601895,0.2637401563489699
71,0.0,0.7463230981521285,0.26927482192642493,0.31100666279653905,0.33165114571877313
72,0.2710729507461878,0.0,0.6437115170712332,0.5407598855414821,0.3638860883397258
73,0.00035021046045495335,0.15105308142102797,0.6613673294954305,0.5111262858753329,0.3309742268130616
74,0.6809489356560635,0.001300010209045492,0.09419835271938405,0.29916385791031724,0.2689027891237026
75,0.61811772560366,0.426522391649038,0.6527326262480664,0.4176675559235783,0.5287600748560857
76,0.3910129201074523,0.553434723236368,0.6625457689062275,0.1394662692879214,0.4366149203844923
77,0.41751970651107506,0.0,0.6542706241498459,0.42367845686424277,0.3738671968812909
78,0.7232584982073259,0.5622789726908042,0.5637812261663959,0.8180370652887835,0.6668389405883274
79,0.6526426050760132,0.6071023361398533,0.025430711835140597,0.5673363341171461,0.4631279967920383
80,0.0,0.0,0.0,0.0,0.0
81,0.45081807976502974,0.43096859856552194,0.732745419564223,0.07681790105620499,0.42283749973774487
82,0.41751970651107506,0.0,0.6542706241498459,0.42367845686424277,0.3738671968812909
83,0.616097936038571,0.820825897007253,0.15683396597444982,0.3385400229045307,0.48307445548120115
84,0.5734547028445502,0.4449549948069124,0.19772662806279842,0.16947996691097067,0.34640407315630795
85,0.504916718569192,0.4762773791929507,0.8178322214428295,0.7616948887401794,0.640180301986288
86,0.45081807976502974,0.43096859856552194,0.732745419564223,0.07681790105620499,0.42283749973774487
87,0.7230415173712488,0.4299366253203152,0.6859162805087208,0.19310797298683355,0.5080005990467796
88,0.6160979360385723,0.8208258970072531,0.6709136306472626,0.14049491408269557,0.5620830944439459
89,0.6181177256036593,0.41186914728430857,0.6031380603968511,0.4176675559235783,0.5126981223020992
90,0.12844365013455197,0.23549253142064874,0.056721344280572385,0.23239214092852659,0.1632624166910749
91,0.0,0.0,0.0,0.0,0.0
92,0.0,0.4913791373748699,0.827238673447602,0.9506497473097825,0.5673168895330636
93,0.5589132908265344,0.7833255945597684,0.12042392783049694,0.568416983152994,0.5077699490924484
94,0.1725092531815668,0.0,0.5817989012298806,0.20036887455436075,0.23866925724145205
95,0.5174581734043376,0.8477209967792178,0.4397624177056656,0.18847083987099525,0.4983531069400541
96,0.34226140383043113,0.0,0.163975159560959,0.2885136732834144,0.19868755916870112
97,0.07326679460112658,0.13998305522533147,0.7060817581665146,0.32873719058626366,0.3120171996448091
98,0.7441153485864122,0.5217390380950281,0.7060817581665135,0.32873719058626366,0.5751683338585544
99,0.1561953503778686,0.25683289732342157,0.2364401805320201,0.29539851194639294,0.2362167350449258
100,0.61811772560366,0.426522391649038,0.6527326262480664,0.4176675559235783,0.5287600748560857
101,0.15313623590503225,0.0,0.6313196836644701,0.049699184202290095,0.20853877594294812
102,0.18418336019604595,0.0,0.9357187729265729,0.6769507524412001,0.44921322139095476
103,0.6809489356560635,0.001300010209045492,0.09419835271938405,0.29916385791031724,0.2689027891237026
104,0.7029578895039382,0.2945855705431335,0.6220111678349856,0.5088881434129255,0.5321106928237458
105,0.7169480670061803,0.6904822517432919,0.6748064773646609,0.031389694335681326,0.5284066226124536
106,0.698996159485256,0.4793208281716928,0.6613673294954299,0.5111262858753326,0.5877026507569278
107,0.33630417296279896,0.6310324564860543,0.6437115170712321,0.5407598855414827,0.537952008015392
108,0.0864235901861815,0.012455762535055115,0.6709136306472642,0.140494914082695,0.22757197436279894
109,0.4983186442948812,0.18859992010564003,0.26573139177272515,0.4632740186523704,0.35398099370640423
110,0.4164643930655234,0.7800636233869305,0.4829017447268932,0.4097997765072533,0.52230738442165
111,0.0,0.0,0.5756827340911299,0.3676265709782864,0.2358273262673541
112,0.6160979360385723,0.8208258970072531,0.6709136306472626,0.14049491408269557,0.5620830944439459
113,0.0,0.21220006148647202,0.1341862832869795,0.20663191965101105,0.13825456610611564
114,0.4321344903445384,0.5116662023341468,0.6159234424090412,0.12237603940515981,0.4205250436232216
115,0.1725092531815668,0.0,0.5817989012298806,0.20036887455436075,0.23866925724145205
116,0.12844365013455197,0.23549253142064874,0.056721344280572385,0.23239214092852659,0.1632624166910749
117,0.336304172962798,0.10280393556772573,0.12498693724292981,0.5178486972560359,0.27048593575737234
118,0.7189752768454093,0.2764635547510986,0.1329934896627124,0.18561339227601695,0.3285114283838093
119,0.4649426426396378,0.5711705521209295,0.6539921757827951,0.15484804817000755,0.4612383546783425
120,0.0,0.046292380953478554,0.6748064773646627,0.03138969433568153,0.1881221381634557
121,0.0,0.0,0.0,0.0,0.0
122,0.42581221742626707,0.5015288036871897,0.8011229457359628,0.14235036977698762,0.4677035841566018
123,0.6449455319453684,0.9079900477682927,0.5378980732914189,0.2417142336392631,0.5831369716610858
124,0.8947751086448563,0.46502945526458306,0.6735013826452402,0.18278063101489692,0.5540216443923941
125,0.7189752768454105,0.6496468729660648,0.7369462890996717,0.18561339227601856,0.5727954577967914
126,0.12785688880312904,0.2214581103112039,0.4143386360980272,0.6257722802153725,0.34735647885693316
127,0.09192543730549031,0.6541299324509229,0.39550698743506335,0.7452904174541726,0.4717131936614123
128,0.0,0.6801985235595926,0.4019005488464422,0.17026642565591737,0.3130913745154881
129,0.0864235901861815,0.012455762535055115,0.6709136306472642,0.140494914082695,0.22757197436279894
130,0.3899803325418677,0.5132009907541434,0.1496469315460181,0.7230475886264117,0.44396896086711024
131,0.5734547028445502,0.4449549948069124,0.19772662806279842,0.16947996691097067,0.34640407315630795
132,0.7230415173712488,0.4299366253203152,0.6859162805087208,0.19310797298683355,0.5080005990467796
133,0.0,0.25909613783050217,0.0,0.21810170037862542,0.1192994595522819
134,0.18418336019604595,0.0,0.9357187729265729,0.6769507524412001,0.44921322139095476
135,0.0,0.13240094402018748,0.7369462890996731,0.18561339227601895,0.2637401563489699
136,0.4017015488912891,0.5641911481168256,0.8744970874446971,0.7933232083838075,0.6584282482091548
137,0.348763898713179,0.3478265081298193,0.6626539195946587,0.38935624344029235,0.4371501424694873
138,0.12844365013455197,0.23549253142064874,0.056721344280572385,0.23239214092852659,0.1632624166910749
139,0.05754946006244951,0.0,0.2559402428321408,0.17005017855164622,0.12088497036155912
140,0.1156630342257344,0.0,0.18447320302906545,0.3854270478109374,0.17139082126643432
141,0.19769758775632362,0.13081722916949806,0.5592829281088006,0.3565068134249388,0.3110761396148903
142,0.4164643930655234,0.7800636233869305,0.4829017447268932,0.4097997765072533,0.52230738442165
143,0.33630417296279896,0.5895759630422418,0.7980131183328528,0.5178491489432429,0.5604356008202842
144,0.3407128068514037,0.5317683798127452,0.75796513991097,0.6625970673435685,0.5732608484796718
145,0.0864235901861815,0.012455762535055115,0.6709136306472642,0.140494914082695,0.22757197436279894
146,0.33630417296279896,0.6310324564860543,0.6437115170712321,0.5407598855414827,0.537952008015392
147,0.3899803325418677,0.5132009907541434,0.1496469315460181,0.7230475886264117,0.44396896086711024
148,0.3751215012616908,0.0,0.732745419564225,0.0768179010562044,0.29617120547053005
149,0.0,0.0,0.0,0.0,0.0
150,0.4366389196277198,0.02708507268163466,0.6920794535588372,0.7056850899767069,0.4653721339612246
151,0.2533273400061324,0.6185143773752756,0.33681699976939655,0.8209292350176535,0.5073969880421145
152,0.0,0.6183119452246827,0.6856129114265461,0.5323886778684551,0.45907838362992104
153,0.04403263644225941,0.0,0.15156710828303527,0.26171388000221185,0.11432840618187663
154,0.0,0.4684220391837764,0.320692092298094,0.31547711820331764,0.276147812421297
155,0.0,0.2714550128732539,0.7641530797531891,0.6474604953555071,0.42076714699548756
156,0.61811772560366,0.426522391649038,0.6527326262480664,0.4176675559235783,0.5287600748560857
157,0.32419776251241383,0.0,0.4931686273644876,0.6037251223707701,0.3552728780619179
158,0.4164643930655234,0.7800636233869305,0.4829017447268932,0.4097997765072533,0.52230738442165
159,0.0,0.0,0.0,0.0,0.0
160,0.3921860547729243,0.0,0.09419835271938407,0.2991638579103171,0.19638706635065636
161,0.2237309649471426,0.0,0.7980128915405439,0.5178486972560349,0.38489813843593035
162,0.34226140383043113,0.0,0.163975159560959,0.2885136732834144,0.19868755916870112
163,0.18021611125808765,0.5789312151217382,0.7943024600258596,0.6912238208480395,0.5611684018134313
164,0.5495481004905871,0.5907966914103433,0.6059148815533617,0.7556817438200814,0.6254853543185934
165,0.45081807976502974,0.43096859856552194,0.732745419564223,0.07681790105620499,0.42283749973774487
166,0.3899803325418677,0.5132009907541434,0.1496469315460181,0.7230475886264117,0.44396896086711024
167,0.33630417296279896,0.6310324564860543,0.6437115170712321,0.5407598855414827,0.537952008015392
168,0.501812207904547,0.06944270047276885,0.49730667819084806,0.9442915532193772,0.5032132849468852
169,0.27743477559391183,0.0,0.10954355971406503,0.16703383661227753,0.1385030429800636
170,0.0,0.4199144248642802,0.5703122648361795,0.49207333987698604,0.37057500739436144
171,0.0,0.6955587107848468,0.4958275109128102,0.23406386371266805,0.35636252135258123
172,0.0,0.18215611646231408,0.3375533811059393,0.595628269652633,0.2788344418052216
173,0.445077478921282,0.0,0.6848386620259569,0.5903192872337517,0.43005885704524766
174,0.4118549549256764,0.5395700993170233,0.3743603958726249,0.9094435281336858,0.5588072445622526
175,0.504916718569192,0.4762773791929507,0.8178322214428295,0.7616948887401794,0.640180301986288
176,0.0,0.39593845645367665,0.009794938063978957,0.5265604225001963,0.23307345425446296
177,0.4366389196277198,0.02708507268163466,0.6920794535588372,0.7056850899767069,0.4653721339612246
178,0.33305359270211476,0.5232313553430693,0.8377061112113622,0.2631805692349616,0.489292907122877
179,0.348763898713179,0.3478265081298193,0.6626539195946587,0.38935624344029235,0.4371501424694873
180,0.6160979360385723,0.8208258970072531,0.6709136306472626,0.14049491408269557,0.5620830944439459
181,0.0,0.4961730239551642,0.7916781178785196,0.8932363791866827,0.5452718802550917
182,0.1556607911885741,0.6149073781646922,0.5763232804257449,0.5439834178846943,0.4727187169159264
183,0.5151028233109392,0.16485295847530332,0.7764603783608499,0.603130407671984,0.5148866419547691
184,0.24182791878354012,0.0,0.17324601597887623,0.38475420078404704,0.19995703388661584
185,0.0,0.0,0.0,0.0,0.0
186,0.38498327364447626,0.7794171308222105,0.6557056944486762,0.46487532715117674,0.5712453565166349
187,0.07326679460112658,0.13998305522533147,0.7060817581665146,0.32873719058626366,0.3120171996448091
188,0.0,0.360126646538293,0.7355837106514966,0.45486474093704654,0.38764377453170906
189,0.7189752768454105,0.6496468729660648,0.7369462890996717,0.18561339227601856,0.5727954577967914
190,0.7029578895039382,0.2945855705431335,0.6220111678349856,0.5088881434129255,0.5321106928237458
191,0.5495481004905866,0.38154543641474226,0.48533892134295975,0.7556817438200816,0.5430285505170925
192,0.0,0.0,0.12750537518722638,0.22862074511077762,0.089031530074501
193,0.0,0.186569089705206,0.0,0.2512618903822303,0.10945774502185907
194,0.0,0.1460711434576627,0.5005373967532706,0.3115829238217121,0.23954786600816136
195,0.1269271591824712,0.1759491791544068,0.0,0.1291295643725424,0.1080014756773551
196,0.0,0.31859575286324004,0.7131736238096555,0.5265604225001965,0.38958244979327306
197,0.501812207904547,0.5857972780237491,0.2890742166942757,0.9442915532193771,0.5802438139604872
198,0.0,0.45943647090474876,0.6171406027103957,0.7223417734527734,0.4497297117669795
199,0.0,0.23549253142064874,0.0,0.23239214092852617,0.11697116808729373
200,0.0,0.0,0.0,0.0,0.0
201,0.6449455319453684,0.9079900477682927,0.5378980732914189,0.2417142336392631,0.5831369716610858
202,0.0,0.8494774750691194,0.46931167738615187,0.05126192823813007,0.34251277017335036
203,0.0,0.471871887564367,0.23860400655060782,0.22284226743817437,0.2333295403882873
204,0.45317377939229286,0.4803022696420131,0.16063858343076107,0.5516925246552447,0.4114517892800779
205,0.7029578895039382,0.2945855705431335,0.6220111678349856,0.5088881434129255,0.5321106928237458
206,0.0,0.16745922997341517,0.3243270910303792,0.3564695461215281,0.2120639667813306
207,0.45317377939229286,0.0,0.5168779130378531,0.551692524655245,0.38043605427134775
208,0.6160979360385723,0.8208258970072531,0.6709136306472626,0.14049491408269557,0.5620830944439459
209,0.0,0.23549253142064874,0.0,0.23239214092852617,0.11697116808729373
210,0.5495481004905866,0.38154543641474226,0.48533892134295975,0.7556817438200816,0.5430285505170925
211,0.698996159485256,0.4793208281716928,0.6613673294954299,0.5111262858753326,0.5877026507569278
212,0.32419776251241383,0.0,0.4931686273644876,0.6037251223707701,0.3552728780619179
213,0.3810195780069846,0.6561715011290917,0.8311373941769978,0.09473232649652114,0.4907651999523988
214,0.44882985032165584,0.0,0.2657313917727233,0.4632740186523713,0.2944588151866876
215,0.0,0.0,0.0,0.0,0.0
216,0.19919907335493753,0.0,0.789058023065907,0.08146812002857567,0.26743130411235505
217,0.6468225696033515,0.6804936181926636,0.2234285125851844,0.3279297093867317,0.46966860244198283
218,0.6449455319453684,0.9079900477682927,0.5378980732914189,0.2417142336392631,0.5831369716610858
219,0.3727906871294713,0.0,0.6859162805087229,0.19310797298683602,0.3129537351562576
220,0.1269271591824712,0.1759491791544068,0.0,0.1291295643725424,0.1080014756773551
221,0.0,0.2590961378304973,0.15974971685575357,0.21810170037862572,0.15923688876621914
222,0.05754946006244951,0.0,0.2559402428321408,0.17005017855164622,0.12088497036155912
223,0.09076193341249714,0.608719555170452,0.1835909820592285,0.7501258898815626,0.4082995901309351
224,0.5197466634451107,0.3684616231697094,0.5192002864994604,0.5928763177013493,0.5000712227039074
225,0.0,0.0,0.5756827340911299,0.3676265709782864,0.2358273262673541
226,0.09076193341249714,0.0,0.5333186520486355,0.7501258898815619,0.34355161883567364
227,0.0,0.36742115941388737,0.056721344280571566,0.23239214092852667,0.1641336611557464
228,0.0,0.4199144248642802,0.5703122648361795,0.49207333987698604,0.37057500739436144
229,0.2710729507461878,0.0,0.6437115170712332,0.5407598855414821,0.3638860883397258
230,0.38498327364447626,0.7794171308222105,0.6557056944486762,0.46487532715117674,0.5712453565166349
231,0.0,0.6955587107848468,0.4958275109128102,0.23406386371266805,0.35636252135258123
232,0.6160979360385723,0.8208258970072531,0.6709136306472626,0.14049491408269557,0.5620830944439459
233,0.0738128740986462,0.0,0.6251166662511602,0.49361402189485726,0.29813589056116596
234,0.12844365013455197,0.23549253142064874,0.056721344280572385,0.23239214092852659,0.1632624166910749
235,0.6248897794752113,0.6966869337766654,0.3087697709848253,0.23843979948593522,0.46719657093065925
236,0.0,0.4199144248642802,0.5703122648361795,0.49207333987698604,0.37057500739436144
237,0.1564143087329955,0.0,0.6735013826452418,0.1827806310148981,0.25317408059828383
238,0.19769758775632362,0.13081722916949806,0.5592829281088006,0.3565068134249388,0.3110761396148903
239,0.3577640109414956,0.13975024156182883,0.13718193036495158,0.4630806224509558,0.27444420132980796
240,0.4136976138655867,0.6600672115326781,0.6794921866128891,0.16415366767063239,0.47935266992044656
241,0.0,0.0,0.0,0.0,0.0
242,0.4819062914582846,0.5672598704231507,0.842473343885018,0.7142565180059143,0.6514740059430919
243,0.4901192391760336,0.293218636781012,0.7830684745850711,0.3755279853571492,0.4854835839748165
244,0.12785688880312904,0.2214581103112039,0.4143386360980272,0.6257722802153725,0.34735647885693316
245,0.5231672341734008,0.5326399780179149,0.7498677948095569,0.409593147828311,0.5538170387072959
246,0.6449455319453684,0.9079900477682927,0.5378980732914189,0.2417142336392631,0.5831369716610858
247,0.6160979360385723,0.8208258970072531,0.6709136306472626,0.14049491408269557,0.5620830944439459
248,0.501812207904547,0.5857972780237491,0.2890742166942757,0.9442915532193771,0.5802438139604872
249,0.6160979360385723,0.8208258970072531,0.6709136306472626,0.14049491408269557,0.5620830944439459
250,0.4901192391760336,0.293218636781012,0.7830684745850711,0.3755279853571492,0.4854835839748165
251,0.3899803325418677,0.5132009907541434,0.1496469315460181,0.7230475886264117,0.44396896086711024
252,0.6809489356560635,0.001300010209045492,0.09419835271938405,0.29916385791031724,0.2689027891237026
253,0.0,0.18374345351033206,0.5315022558433351,0.5673363341171463,0.3206455108677034
254,0.5101126227950606,0.3959384564536778,0.01666973836478427,0.526560422500197,0.3623203100284299
255,0.5133670113213616,0.5878690205255361,0.30996360165239667,0.22004106548258712,0.4078101747454703
256,0.7169480670061803,0.6904822517432919,0.6748064773646609,0.031389694335681326,0.5284066226124536
257,0.26864035482688836,0.6134612572182164,0.1283030382601191,0.6053100192733731,0.4039286673946493
258,0.4983186442948812,0.18859992010564003,0.26573139177272515,0.4632740186523704,0.35398099370640423
259,0.48628799979823856,0.5017130832074409,0.6920794535588339,0.7056850899767094,0.5964414066353058
260,0.0,0.4199144248642802,0.5703122648361795,0.49207333987698604,0.37057500739436144
261,0.6300449856202002,0.3256416735917693,0.6583218540305488,0.4365258643111384,0.5126335943884142
262,0.7189752768454105,0.6496468729660648,0.7369462890996717,0.18561339227601856,0.5727954577967914
263,0.698996159485256,0.4793208281716928,0.6613673294954299,0.5111262858753326,0.5877026507569278
264,0.7029578895039382,0.2945855705431335,0.6220111678349856,0.5088881434129255,0.5321106928237458
265,0.0,0.6416313570707146,0.2961463719175924,0.35499764016824786,0.3231938422891387
266,0.7189752768454105,0.6496468729660648,0.7369462890996717,0.18561339227601856,0.5727954577967914
267,0.616097936038571,0.820825897007253,0.15683396597444982,0.3385400229045307,0.48307445548120115
268,0.0,0.0,0.40460692590091574,0.590891092653813,0.2488745046386822
269,0.4983186442948812,0.18859992010564003,0.26573139177272515,0.4632740186523704,0.35398099370640423
270,0.40849553001049654,0.05343934797991671,0.6148499920552782,0.8318954321097543,0.4771700755388614
271,0.0,0.27036869877563385,0.12678213017434756,0.3685915017843828,0.19143558268359107
272,0.6214420123307668,0.0,0.5817989012298809,0.20036887455436064,0.35090244702875206
273,0.5437466018318752,0.4841532716066503,0.651988895973439,0.8905602952172619,0.6426122661573066
274,0.0,0.0,0.12922518022765261,0.14254478109975124,0.06794249033185096
275,0.1556607911885741,0.6149073781646922,0.5763232804257449,0.5439834178846943,0.4727187169159264
276,0.348763898713179,0.3478265081298193,0.6626539195946587,0.38935624344029235,0.4371501424694873
277,0.0,0.27036869877563385,0.12678213017434756,0.3685915017843828,0.19143558268359107
278,0.0,0.39593845645367665,0.009794938063978957,0.5265604225001963,0.23307345425446296
279,0.18418336019604595,0.0,0.9357187729265729,0.6769507524412001,0.44921322139095476
280,0.5869689077447046,0.5736893799112714,0.6468095337084725,0.046462348478825445,0.4634825424608185
281,0.34685878484276605,0.45973090612017325,0.6889313313654605,0.6873035828523895,0.5457061512951973
282,0.61811772560366,0.426522391649038,0.6527326262480664,0.4176675559235783,0.5287600748560857
283,0.6160979360385723,0.8208258970072531,0.6709136306472626,0.14049491408269557,0.5620830944439459
284,0.0864235901861815,0.012455762535055115,0.6709136306472642,0.140494914082695,0.22757197436279894
285,0.32419776251241356,0.49304272320976505,0.1992750608881562,0.60372512237077,0.4050601672452762
286,0.6809489356560635,0.001300010209045492,0.09419835271938405,0.29916385791031724,0.2689027891237026
287,0.3906389863459932,0.6471152990763163,0.1937615700271196,0.59036503024467,0.4554702214235248
288,0.6037939588717772,0.9091165190806321,0.5954252919991208,0.26437230332819966,0.5931770183199325
289,0.12844365013455197,0.23549253142064874,0.056721344280572385,0.23239214092852659,0.1632624166910749
290,0.0,0.401461404639687,0.3144161042717834,0.1376736644033887,0.21338779332871477
291,0.0738128740986462,0.0,0.6251166662511602,0.49361402189485726,0.29813589056116596
292,0.5734547028445515,0.0,0.6127964127704493,0.16947996691097067,0.33893277063149285
293,0.4942421199979997,0.46260162270087035,0.477904200577648,0.6047003820963514,0.5098620813432173
294,0.2245243312718146,0.7885583060201578,0.18793127270024482,0.2461240706363778,0.3617844951571488
295,0.439022605530407,0.3142012190660743,0.811407974475241,0.679244568326416,0.5609690918495346
296,0.4942421199979997,0.46260162270087035,0.477904200577648,0.6047003820963514,0.5098620813432173
297,0.2533273400061324,0.6185143773752756,0.33681699976939655,0.8209292350176535,0.5073969880421145
298,0.33630417296279896,0.6310324564860543,0.6437115170712321,0.5407598855414827,0.537952008015392
299,0.5174581734043376,0.8477209967792178,0.4397624177056656,0.18847083987099525,0.4983531069400541
300,0.18021611125808765,0.5789312151217382,0.7943024600258596,0.6912238208480395,0.5611684018134313
301,0.0,0.25909613783050217,0.0,0.21810170037862542,0.1192994595522819
302,0.33630417296279896,0.5895759630422418,0.7980131183328528,0.5178491489432429,0.5604356008202842
303,0.0,0.785452125263764,0.49651665960992736,0.458386775188684,0.4350888900155938
304,0.3921860547729243,0.0,0.09419835271938407,0.2991638579103171,0.19638706635065636
305,0.3921860547729243,0.0,0.09419835271938407,0.2991638579103171,0.19638706635065636
306,0.0864235901861815,0.012455762535055115,0.6709136306472642,0.140494914082695,0.22757197436279894
307,0.7189752768454105,0.6496468729660648,0.7369462890996717,0.18561339227601856,0.5727954577967914
308,0.699807167629641,0.7864236234812665,0.579517975833563,0.24497487084899675,0.5776809094483668
309,0.7029578895039382,0.2945855705431335,0.6220111678349856,0.5088881434129255,0.5321106928237458
310,0.2710729507461878,0.0,0.6437115170712332,0.5407598855414821,0.3638860883397258
311,0.7709019662441596,0.5687589430138913,0.6313196836644681,0.049699184202290095,0.5051699442812023
312,0.7441153485864122,0.5217390380950281,0.7060817581665135,0.32873719058626366,0.5751683338585544
313,0.12844365013455197,0.23549253142064874,0.056721344280572385,0.23239214092852659,0.1632624166910749
314,0.5495481004905871,0.5907966914103433,0.6059148815533617,0.7556817438200814,0.6254853543185934
315,0.0,0.1460711434576627,0.5005373967532706,0.3115829238217121,0.23954786600816136
316,0.18021611125808765,0.5789312151217382,0.7943024600258596,0.6912238208480395,0.5611684018134313
317,0.3577640109414956,0.13975024156182883,0.13718193036495158,0.4630806224509558,0.27444420132980796
318,0.4366389196277198,0.02708507268163466,0.6920794535588372,0.7056850899767069,0.4653721339612246
319,0.2533273400061324,0.6185143773752756,0.33681699976939655,0.8209292350176535,0.5073969880421145
320,0.336304172962798,0.10280393556772573,0.12498693724292981,0.5178486972560359,0.27048593575737234
321,0.3921860547729243,0.0,0.09419835271938407,0.2991638579103171,0.19638706635065636
322,0.0,0.03391852390280515,0.4397624177056693,0.18847083987099705,0.16553794536986788
323,0.0,0.657630893171807,0.49561267669771425,0.05351344101875343,0.30168925272206865
324,0.4794159841017527,0.393146076908727,0.12678213017434797,0.3685915017843821,0.3419839232423024
325,0.5174581734043376,0.8477209967792178,0.4397624177056656,0.18847083987099525,0.4983531069400541
326,0.5174581734043376,0.8477209967792178,0.4397624177056656,0.18847083987099525,0.4983531069400541
327,0.48628799979823856,0.5017130832074409,0.6920794535588339,0.7056850899767094,0.5964414066353058
328,0.0,0.0,0.0,0.0,0.0
329,0.15313623590503225,0.0,0.6313196836644701,0.049699184202290095,0.20853877594294812
330,0.5266216193604961,0.3462878840042112,0.7884488411233513,0.4275996268799625,0.5222394928420053
331,0.3577640109414956,0.13975024156182883,0.13718193036495158,0.4630806224509558,0.27444420132980796
332,0.7169480670061803,0.6904822517432919,0.6748064773646609,0.031389694335681326,0.5284066226124536
333,0.0,0.0,0.2372651799379228,0.3874758245060529,0.1561852511109939
334,0.5437466018318742,0.3535626471977378,0.41498917483209435,0.8905602952172615,0.550714679769742
335,0.0,0.03391852390280515,0.4397624177056693,0.18847083987099705,0.16553794536986788
336,0.1564143087329955,0.0,0.6735013826452418,0.1827806310148981,0.25317408059828383
337,0.27743477559391183,0.0,0.10954355971406503,0.16703383661227753,0.1385030429800636
338,0.4942421199979997,0.46260162270087035,0.477904200577648,0.6047003820963514,0.5098620813432173
339,0.0,0.471871887564367,0.23860400655060782,0.22284226743817437,0.2333295403882873
340,0.24661154073549288,0.0,0.6705101206283147,0.04111800885110566,0.2395599175537283
341,0.0,0.186569089705206,0.0,0.2512618903822303,0.10945774502185907
342,0.4624876321207683,0.7676543941039905,0.0,0.25126196703532405,0.3703509983150207
343,0.698996159485256,0.4793208281716928,0.6613673294954299,0.5111262858753326,0.5877026507569278
344,0.4901192391760336,0.293218636781012,0.7830684745850711,0.3755279853571492,0.4854835839748165
345,0.19769758775632362,0.13081722916949806,0.5592829281088006,0.3565068134249388,0.3110761396148903
346,0.0,0.4199144248642802,0.5703122648361795,0.49207333987698604,0.37057500739436144
347,0.41751970651107506,0.0,0.6542706241498459,0.42367845686424277,0.3738671968812909
348,0.2237309649471426,0.0,0.7980128915405439,0.5178486972560349,0.38489813843593035
349,0.31040021337158863,0.7057666815761844,0.529457405550495,0.5476898941083855,0.5233285486516633
350,0.27743477559391183,0.0,0.10954355971406503,0.16703383661227753,0.1385030429800636
351,0.7479345677262172,0.11514486666791762,0.3849685066487816,0.26375482616251805,0.3779506918013586
352,0.0,0.0,0.0,0.0,0.0
353,0.0,0.0,0.5279333184985132,0.4265533782790136,0.23862167419438168
354,0.0,0.0,0.0,0.0,0.0
355,0.7189752768454105,0.6496468729660648,0.7369462890996717,0.18561339227601856,0.5727954577967914
356,0.6809489356560635,0.001300010209045492,0.09419835271938405,0.29916385791031724,0.2689027891237026
357,0.0,0.16745922997341517,0.3243270910303792,0.3564695461215281,0.2120639667813306
358,0.2815291355208766,0.677132426131493,0.27517873386451586,0.597839853748016,0.4579200373162253
359,0.16663513647770753,0.4169874861513404,0.6742835350347134,0.6742241825157095,0.4830325850448677
360,0.013794568521419994,0.027557495177087547,0.28149568110160017,0.6486907983018448,0.24288463577548813
361,0.30769179287254933,0.630138535721677,0.96082507600175,0.6669501243322996,0.641401382232069
362,0.32419776251241383,0.0,0.4931686273644876,0.6037251223707701,0.3552728780619179
363,0.018916686577830355,0.0,0.5378980732914206,0.2417142336392629,0.19963224837712848
364,0.4258525976175105,0.0,0.13233253200539707,0.05892905054277069,0.15427854504141955
365,0.5495481004905866,0.38154543641474226,0.48533892134295975,0.7556817438200816,0.5430285505170925
366,0.09192543730549031,0.6541299324509229,0.39550698743506335,0.7452904174541726,0.4717131936614123
367,0.33630417296279896,0.6310324564860543,0.6437115170712321,0.5407598855414827,0.537952008015392
368,0.7189752768454105,0.6496468729660648,0.7369462890996717,0.18561339227601856,0.5727954577967914
369,0.27743477559391183,0.0,0.10954355971406503,0.16703383661227753,0.1385030429800636
370,0.44882985032165584,0.0,0.2657313917727233,0.4632740186523713,0.2944588151866876
371,0.61811772560366,0.426522391649038,0.6527326262480664,0.4176675559235783,0.5287600748560857
372,0.05754946006244951,0.0,0.2559402428321408,0.17005017855164622,0.12088497036155912
373,0.7169480670061803,0.6904822517432919,0.6748064773646609,0.031389694335681326,0.5284066226124536
374,0.0,0.360126646538293,0.7355837106514966,0.45486474093704654,0.38764377453170906
375,0.3921860547729243,0.0,0.09419835271938407,0.2991638579103171,0.19638706635065636
376,0.41801649747282915,0.12336992499078092,0.7666833041795832,0.7777372506738818,0.5214517443292688
377,0.698996159485256,0.4793208281716928,0.6613673294954299,0.5111262858753326,0.5877026507569278
378,0.6809489356560635,0.001300010209045492,0.09419835271938405,0.29916385791031724,0.2689027891237026
379,0.698996159485256,0.4793208281716928,0.6613673294954299,0.5111262858753326,0.5877026507569278
380,0.0,0.3389931582545624,0.8008858863156197,0.7150657166870908,0.46373619031431823
381,0.0,0.0,0.0,0.0,0.0
382,0.0,0.401461404639687,0.3144161042717834,0.1376736644033887,0.21338779332871477
383,0.0,0.0,0.0,0.0,0.0
384,0.07326679460112658,0.13998305522533147,0.7060817581665146,0.32873719058626366,0.3120171996448091
385,0.5376452212506051,0.49591384355013163,0.7641530797531888,0.647460495355508,0.6112931599773583
386,0.6181177256036593,0.41186914728430857,0.6031380603968511,0.4176675559235783,0.5126981223020992
387,0.5376452212506059,0.39371244678838535,0.005706490478764129,0.6474604953555074,0.3961311634683157
388,0.19769758775632362,0.13081722916949806,0.5592829281088006,0.3565068134249388,0.3110761396148903
389,0.0,0.03391852390280515,0.4397624177056693,0.18847083987099705,0.16553794536986788
390,0.0,0.25375934399619976,0.5798464281780584,0.4139241663379123,0.31188248462804263
391,0.27743477559391183,0.0,0.10954355971406503,0.16703383661227753,0.1385030429800636
392,0.46254583632290847,0.9663766678794236,0.3319614833347035,0.3215713878778957,0.5206138438537328
393,0.46254583632290847,0.9663766678794236,0.3319614833347035,0.3215713878778957,0.5206138438537328
394,0.7441153485864122,0.5217390380950281,0.7060817581665135,0.32873719058626366,0.5751683338585544
395,0.29521253098399564,0.28002038692278014,0.2562971114717258,0.42772276962513095,0.3148131997509081
396,0.4366389196277198,0.02708507268163466,0.6920794535588372,0.7056850899767069,0.4653721339612246
397,0.40033143054300724,0.4010212649191521,0.4380577302218012,0.6667207563441613,0.4765327955070304
398,0.5734547028445502,0.4449549948069124,0.19772662806279842,0.16947996691097067,0.34640407315630795
399,0.0,0.31859575286324004,0.7131736238096555,0.5265604225001965,0.38958244979327306
400,0.4624876321207683,0.7676543941039905,0.0,0.25126196703532405,0.3703509983150207
401,0.4164643930655234,0.7800636233869305,0.4829017447268932,0.4097997765072533,0.52230738442165
402,0.05754946006244951,0.0,0.2559402428321408,0.17005017855164622,0.12088497036155912
403,0.0,0.186569089705206,0.0,0.2512618903822303,0.10945774502185907
404,0.0,0.23549253142064874,0.0,0.23239214092852617,0.11697116808729373
405,0.0,0.6416313570707146,0.2961463719175924,0.35499764016824786,0.3231938422891387
406,0.49019735672716674,0.0,0.13718193036495221,0.46308062245095666,0.2726149773857689
407,0.7029578895039382,0.2945855705431335,0.6220111678349856,0.5088881434129255,0.5321106928237458
408,0.27743477559391183,0.0,0.10954355971406503,0.16703383661227753,0.1385030429800636
409,0.0,0.31859575286324004,0.7131736238096555,0.5265604225001965,0.38958244979327306
410,0.7029578895039382,0.2945855705431335,0.6220111678349856,0.5088881434129255,0.5321106928237458
411,0.0,0.471871887564367,0.23860400655060782,0.22284226743817437,0.2333295403882873
412,0.0738128740986462,0.0,0.6251166662511602,0.49361402189485726,0.29813589056116596
413,0.6160979360385723,0.8208258970072531,0.6709136306472626,0.14049491408269557,0.5620830944439459
414,0.0,0.2590961378304973,0.15974971685575357,0.21810170037862572,0.15923688876621914
415,0.0,0.4199144248642802,0.5703122648361795,0.49207333987698604,0.37057500739436144
416,0.28259791042075827,0.6972803246061221,0.8316722062943172,0.4097571515756944,0.555326898224223
417,0.4983186442948812,0.18859992010564003,0.26573139177272515,0.4632740186523704,0.35398099370640423
418,0.3963269678720414,0.0,0.10954355971406479,0.1670338366122776,0.16822609104959596
419,0.1725092531815668,0.0,0.5817989012298806,0.20036887455436075,0.23866925724145205
420,0.6526426050760132,0.6071023361398533,0.025430711835140597,0.5673363341171461,0.4631279967920383
421,0.7441153485864122,0.5217390380950281,0.7060817581665135,0.32873719058626366,0.5751683338585544
422,0.49424211999800016,0.22588273909698084,0.5787749943268917,0.6047003820963532,0.4759000588795565
423,0.34226140383043113,0.0,0.163975159560959,0.2885136732834144,0.19868755916870112
424,0.5734547028445502,0.4449549948069124,0.19772662806279842,0.16947996691097067,0.34640407315630795
425,0.6431255297884633,0.2833631847797807,0.37016635045653584,0.21882964075062547,0.37887117644385127
426,0.6160979360385723,0.8208258970072531,0.6709136306472626,0.14049491408269557,0.5620830944439459
427,0.0,0.23549253142064874,0.0,0.23239214092852617,0.11697116808729373
428,0.504916718569192,0.4762773791929507,0.8178322214428295,0.7616948887401794,0.640180301986288
429,0.0,0.0,0.0,0.0,0.0
430,0.3444512025608826,0.5140187056460072,0.23265277502365803,0.846967281808474,0.48452249125975544
431,0.4003314305430075,0.5199494733658797,0.7296440757928249,0.6667207563441611,0.5791614340114684
432,0.0,0.0,0.0,0.0,0.0
433,0.0,0.6950634755431816,0.5310120895113765,0.5744623264738992,0.4501344728821143
434,0.3921860547729243,0.0,0.09419835271938407,0.2991638579103171,0.19638706635065636
435,0.0,0.29546884111176536,0.5948014231082274,0.5031565060225606,0.3483566925606383
436,0.0,0.49301462034637794,0.5393737593545944,0.7987224955462786,0.45777771881181273
437,0.5151028233109392,0.16485295847530332,0.7764603783608499,0.603130407671984,0.5148866419547691
438,0.0,0.3013250377001807,0.2964194349853551,0.09391071031007606,0.17291379574890298
439,0.6160979360385723,0.8208258970072531,0.6709136306472626,0.14049491408269557,0.5620830944439459
440,0.61811772560366,0.426522391649038,0.6527326262480664,0.4176675559235783,0.5287600748560857
441,0.6160979360385723,0.8208258970072531,0.6709136306472626,0.14049491408269557,0.5620830944439459
442,0.6449455319453684,0.9079900477682927,0.5378980732914189,0.2417142336392631,0.5831369716610858
443,0.7441153485864118,0.2629754227781693,0.034472601866746326,0.32873719058626377,0.3425751409543978
444,0.1556607911885741,0.6149073781646922,0.5763232804257449,0.5439834178846943,0.4727187169159264
445,0.61811772560366,0.426522391649038,0.6527326262480664,0.4176675559235783,0.5287600748560857
446,0.7441153485864122,0.5217390380950281,0.7060817581665135,0.32873719058626366,0.5751683338585544
447,0.0,0.360126646538293,0.7355837106514966,0.45486474093704654,0.38764377453170906
448,0.3577640109414956,0.13975024156182883,0.13718193036495158,0.4630806224509558,0.27444420132980796
449,0.5734547028445502,0.4449549948069124,0.19772662806279842,0.16947996691097067,0.34640407315630795
450,0.6160979360385723,0.8208258970072531,0.6709136306472626,0.14049491408269557,0.5620830944439459
451,0.3336379935542282,0.5446484789590192,0.8140355123268498,0.2276318232259243,0.47998845201650536
452,0.0,0.0,0.0,0.0,0.0
453,0.7230415173712488,0.4299366253203152,0.6859162805087208,0.19310797298683355,0.5080005990467796
454,0.4164643930655234,0.7800636233869305,0.4829017447268932,0.4097997765072533,0.52230738442165
455,0.5174581734043376,0.8477209967792178,0.4397624177056656,0.18847083987099525,0.4983531069400541
456,0.5734547028445502,0.4449549948069124,0.19772662806279842,0.16947996691097067,0.34640407315630795
457,0.0,0.49301462034637794,0.5393737593545944,0.7987224955462786,0.45777771881181273
458,0.0,0.3013250377001807,0.10956249536175515,0.5165541060776169,0.2318604097848882
459,0.7189752768454093,0.2764635547510986,0.1329934896627124,0.18561339227601695,0.3285114283838093
460,0.699807167629641,0.7864236234812665,0.579517975833563,0.24497487084899675,0.5776809094483668
461,0.5367220660202863,0.2087805019490768,0.5400762740465775,0.44137252982726116,0.4317378429608004
462,0.0,0.13240094402018748,0.7369462890996731,0.18561339227601895,0.2637401563489699
463,0.44882985032165584,0.0,0.2657313917727233,0.4632740186523713,0.2944588151866876
464,0.33305359270211476,0.5232313553430693,0.8377061112113622,0.2631805692349616,0.489292907122877
465,0.7709019662441596,0.5687589430138913,0.6313196836644681,0.049699184202290095,0.5051699442812023
466,0.3899803325418677,0.5132009907541434,0.1496469315460181,0.7230475886264117,0.44396896086711024
467,0.5174581734043376,0.8477209967792178,0.4397624177056656,0.18847083987099525,0.4983531069400541
468,0.2237309649471426,0.0,0.7980128915405439,0.5178486972560349,0.38489813843593035
469,0.013794568521419994,0.027557495177087547,0.28149568110160017,0.6486907983018448,0.24288463577548813
470,0.49019735672716674,0.0,0.13718193036495221,0.46308062245095666,0.2726149773857689
471,0.699807167629641,0.7864236234812665,0.579517975833563,0.24497487084899675,0.5776809094483668
472,0.41751970651107506,0.0,0.6542706241498459,0.42367845686424277,0.3738671968812909
473,0.27743477559391183,0.0,0.10954355971406503,0.16703383661227753,0.1385030429800636
474,0.19769758775632362,0.13081722916949806,0.5592829281088006,0.3565068134249388,0.3110761396148903
475,0.0,0.6596702633601165,0.622613149600721,0.2809305885902808,0.3908035003877796
476,0.29521253098399564,0.28002038692278014,0.2562971114717258,0.42772276962513095,0.3148131997509081
477,0.0738128740986462,0.0,0.6251166662511602,0.49361402189485726,0.29813589056116596
478,0.3577640109414956,0.13975024156182883,0.13718193036495158,0.4630806224509558,0.27444420132980796
479,0.4794159841017527,0.393146076908727,0.12678213017434797,0.3685915017843821,0.3419839232423024
480,0.0,0.0,0.0,0.0,0.0
481,0.0,0.42165394575551385,0.18887938696871828,0.3676265709782863,0.24453997592562962
482,0.1561953503778686,0.25683289732342157,0.2364401805320201,0.29539851194639294,0.2362167350449258
483,0.4457021186636139,0.26594809510309997,0.783068474585072,0.3755279853571487,0.4675616684272337
484,0.6300449856202002,0.3256416735917693,0.6583218540305488,0.4365258643111384,0.5126335943884142
485,0.0,0.0,0.12750537518722638,0.22862074511077762,0.089031530074501
486,0.61811772560366,0.426522391649038,0.6527326262480664,0.4176675559235783,0.5287600748560857
487,0.4164643930655234,0.7800636233869305,0.4829017447268932,0.4097997765072533,0.52230738442165
488,0.7660788209256109,0.582257331902735,0.6554939271753507,0.7219217862770022,0.6814379665701746
489,0.4164643930655234,0.7800636233869305,0.4829017447268932,0.4097997765072533,0.52230738442165
490,0.49019735672716674,0.0,0.13718193036495221,0.46308062245095666,0.2726149773857689
491,0.5791215341153646,0.32762602624925574,0.04166094743664431,0.04111800885110566,0.24738162916309256
492,0.0,0.046292380953478554,0.6748064773646627,0.03138969433568153,0.1881221381634557
493,0.5174581734043376,0.8477209967792178,0.4397624177056656,0.18847083987099525,0.4983531069400541
494,0.00035021046045495335,0.15105308142102797,0.6613673294954305,0.5111262858753329,0.3309742268130616
495,0.699807167629641,0.7864236234812665,0.579517975833563,0.24497487084899675,0.5776809094483668
496,0.0,0.0,0.0,0.0,0.0
497,0.4983186442948812,0.18859992010564003,0.26573139177272515,0.4632740186523704,0.35398099370640423
498,0.0,0.3013250377001807,0.2964194349853551,0.09391071031007606,0.17291379574890298
499,0.44882985032165584,0.0,0.2657313917727233,0.4632740186523713,0.2944588151866876
500,0.5869689077447046,0.5736893799112714,0.6468095337084725,0.046462348478825445,0.4634825424608185
501,0.056417596986875734,0.0,0.4829017447268955,0.4097997765072538,0.23727977955525625
502,0.0,0.23549253142064874,0.0,0.23239214092852617,0.11697116808729373
503,0.7189752768454105,0.6496468729660648,0.7369462890996717,0.18561339227601856,0.5727954577967914
504,0.31040021337158863,0.7057666815761844,0.529457405550495,0.5476898941083855,0.5233285486516633
505,0.6809489356560635,0.001300010209045492,0.09419835271938405,0.29916385791031724,0.2689027891237026
506,0.0,0.4199144248642802,0.5703122648361795,0.49207333987698604,0.37057500739436144
507,0.04403263644225941,0.0,0.15156710828303527,0.26171388000221185,0.11432840618187663
508,0.0,0.0,0.3656352043879408,0.4906737362995527,0.21407723517187338
509,0.0,0.4913791373748699,0.827238673447602,0.9506497473097825,0.5673168895330636
510,0.33630417296279896,0.6310324564860543,0.6437115170712321,0.5407598855414827,0.537952008015392
511,0.7189752768454105,0.6496468729660648,0.7369462890996717,0.18561339227601856,0.5727954577967914
512,0.0,0.16745922997341517,0.3243270910303792,0.3564695461215281,0.2120639667813306
513,0.3577640109414956,0.13975024156182883,0.13718193036495158,0.4630806224509558,0.27444420132980796
514,0.6037939588717772,0.9091165190806321,0.5954252919991208,0.26437230332819966,0.5931770183199325
515,0.0,0.31859575286324004,0.7131736238096555,0.5265604225001965,0.38958244979327306
516,0.0,0.3959448561821724,0.051857395325833146,0.49207333987698665,0.23496889784624805
517,0.8947751086448563,0.46502945526458306,0.6735013826452402,0.18278063101489692,0.5540216443923941
518,0.501812207904547,0.5857972780237491,0.2890742166942757,0.9442915532193771,0.5802438139604872
519,0.0738128740986462,0.0,0.6251166662511602,0.49361402189485726,0.29813589056116596
520,0.0,0.4199144248642802,0.5703122648361795,0.49207333987698604,0.37057500739436144
521,0.5376452212506059,0.39371244678838535,0.005706490478764129,0.6474604953555074,0.3961311634683157
522,0.44882985032165584,0.0,0.2657313917727233,0.4632740186523713,0.2944588151866876
523,0.0,0.0,0.0,0.0,0.0
524,0.42596338713899784,0.4626668143321199,0.7613596837177803,0.1886169014490491,0.4596516966594868
525,0.5174581734043446,0.16610159519843767,0.22299667730949585,0.18847083987099733,0.27375682144581887
526,0.45317377939229286,0.4803022696420131,0.16063858343076107,0.5516925246552447,0.4114517892800779
527,0.0,0.4199144248642802,0.5703122648361795,0.49207333987698604,0.37057500739436144
528,0.0,0.0,0.0,0.0,0.0
529,0.5761972208659739,0.4783864600638523,0.7890580230659059,0.08146812002857558,0.48127745600607696
530,0.4457021186636139,0.26594809510309997,0.783068474585072,0.3755279853571487,0.4675616684272337
531,0.0738128740986462,0.0,0.6251166662511602,0.49361402189485726,0.29813589056116596
532,0.698996159485256,0.4793208281716928,0.6613673294954299,0.5111262858753326,0.5877026507569278
533,0.4260269725397385,0.6051943389908488,0.8019128448517516,0.05573443287139264,0.4722171473134329
534,0.0,0.856094944294289,0.3024688880074228,0.2090957889625112,0.34191490531605573
535,0.0738128740986462,0.0,0.6251166662511602,0.49361402189485726,0.29813589056116596
536,0.3407128068514037,0.5317683798127452,0.75796513991097,0.6625970673435685,0.5732608484796718
537,0.7029578895039382,0.2945855705431335,0.6220111678349856,0.5088881434129255,0.5321106928237458
538,0.5495481004905871,0.5907966914103433,0.6059148815533617,0.7556817438200814,0.6254853543185934
539,0.5761972208659747,0.24161161205245676,0.04746793695909412,0.08146812002857598,0.23668622247652538
540,0.33630417296279896,0.6310324564860543,0.6437115170712321,0.5407598855414827,0.537952008015392
541,0.0,0.39593845645367665,0.009794938063978957,0.5265604225001963,0.23307345425446296
542,0.2533273400061324,0.6185143773752756,0.33681699976939655,0.8209292350176535,0.5073969880421145
543,0.5495481004905871,0.5907966914103433,0.6059148815533617,0.7556817438200814,0.6254853543185934
544,0.0,0.42165394575551385,0.18887938696871828,0.3676265709782863,0.24453997592562962
545,0.21571175054581798,0.6664220530720699,0.5414957765871345,0.44209034271569125,0.4664299807301784
546,0.1564143087329955,0.0,0.6735013826452418,0.1827806310148981,0.25317408059828383
547,0.0,0.5855599851584694,0.26934416647845255,0.3129278487303727,0.2919580000918237
548,0.27743477559391183,0.0,0.10954355971406503,0.16703383661227753,0.1385030429800636
549,0.00035021046045495335,0.15105308142102797,0.6613673294954305,0.5111262858753329,0.3309742268130616
550,0.0,0.5893642907677233,0.6364831071279973,0.33412241775983215,0.3899924539138882
551,0.5734547028445515,0.0,0.6127964127704493,0.16947996691097067,0.33893277063149285
552,0.0,0.0,0.40460692590091574,0.590891092653813,0.2488745046386822
553,0.699807167629641,0.7864236234812665,0.579517975833563,0.24497487084899675,0.5776809094483668
554,0.4819062914582846,0.5672598704231507,0.842473343885018,0.7142565180059143,0.6514740059430919
555,0.33630417296279896,0.6310324564860543,0.6437115170712321,0.5407598855414827,0.537952008015392
556,0.0,0.0,0.0,0.0,0.0
557,0.34397270140150316,0.0,0.49633128633430024,0.30342857320592065,0.28593314023543104
558,0.3921860547729243,0.0,0.09419835271938407,0.2991638579103171,0.19638706635065636
559,0.3921860547729243,0.0,0.09419835271938407,0.2991638579103171,0.19638706635065636
560,0.0,0.36742115941388737,0.056721344280571566,0.23239214092852667,0.1641336611557464
561,0.5734547028445502,0.4449549948069124,0.19772662806279842,0.16947996691097067,0.34640407315630795
562,0.0,0.0,0.0,0.0,0.0
563,0.423412694069714,0.0,0.5813408330930054,0.36077014266593954,0.34138091745716476
564,0.5376452212506059,0.39371244678838535,0.005706490478764129,0.6474604953555074,0.3961311634683157
565,0.12785688880312904,0.2214581103112039,0.4143386360980272,0.6257722802153725,0.34735647885693316
566,0.6449455319453684,0.9079900477682927,0.5378980732914189,0.2417142336392631,0.5831369716610858
567,0.5734547028445502,0.4449549948069124,0.19772662806279842,0.16947996691097067,0.34640407315630795
568,0.61811772560366,0.426522391649038,0.6527326262480664,0.4176675559235783,0.5287600748560857
569,0.0,0.7709856196847527,0.3385148658709507,0.3495981000358571,0.36477464639789015
570,0.0,0.0,0.6910663826628831,0.5165541060776175,0.30190512218512516
571,0.4571400625494361,0.43420340756420667,0.7130755891109869,0.01705224147068197,0.4053678251738279
572,0.5734547028445502,0.4449549948069124,0.19772662806279842,0.16947996691097067,0.34640407315630795
573,0.0,0.0,0.0,0.0,0.0
574,0.616097936038571,0.820825897007253,0.15683396597444982,0.3385400229045307,0.48307445548120115
575,0.27743477559391183,0.0,0.10954355971406503,0.16703383661227753,0.1385030429800636
576,0.61811772560366,0.426522391649038,0.6527326262480664,0.4176675559235783,0.5287600748560857
577,0.0738128740986462,0.0,0.6251166662511602,0.49361402189485726,0.29813589056116596
578,0.5101126227950618,0.08357488971344125,0.7131736238096555,0.5265604225001965,0.4583553897045888
579,0.6449455319453684,0.9079900477682927,0.5378980732914189,0.2417142336392631,0.5831369716610858
580,0.7029578895039382,0.2945855705431335,0.6220111678349856,0.5088881434129255,0.5321106928237458
581,0.5495481004905866,0.38154543641474226,0.48533892134295975,0.7556817438200816,0.5430285505170925
582,0.3577640109414956,0.13975024156182883,0.13718193036495158,0.4630806224509558,0.27444420132980796
583,0.2710729507461878,0.0,0.6437115170712332,0.5407598855414821,0.3638860883397258
584,0.4334410779324019,0.653847404024294,0.12925370261225758,0.7519580015961088,0.49212504654126554
585,0.7169480670061803,0.6904822517432919,0.6748064773646609,0.031389694335681326,0.5284066226124536
586,0.34397270140150316,0.0,0.49633128633430024,0.30342857320592065,0.28593314023543104
587,0.2245243312718146,0.7885583060201578,0.18793127270024482,0.2461240706363778,0.3617844951571488
588,0.6449455319453684,0.9079900477682927,0.5378980732914189,0.2417142336392631,0.5831369716610858
589,0.18418336019604595,0.0,0.9357187729265729,0.6769507524412001,0.44921322139095476
590,0.699807167629641,0.7864236234812665,0.579517975833563,0.24497487084899675,0.5776809094483668
591,0.0,0.0,0.0,0.0,0.0
592,0.3921860547729243,0.0,0.09419835271938407,0.2991638579103171,0.19638706635065636
593,0.5869689077447046,0.5736893799112714,0.6468095337084725,0.046462348478825445,0.4634825424608185
594,0.0864235901861815,0.012455762535055115,0.6709136306472642,0.140494914082695,0.22757197436279894
595,0.5174581734043376,0.8477209967792178,0.4397624177056656,0.18847083987099525,0.4983531069400541
596,0.0,0.5091692425096889,0.0,0.21810170037862553,0.1818177357220786
597,0.7441153485864122,0.5217390380950281,0.7060817581665135,0.32873719058626366,0.5751683338585544
598,0.018916686577830355,0.0,0.5378980732914206,0.2417142336392629,0.19963224837712848
599,0.7029578895039382,0.2945855705431335,0.6220111678349856,0.5088881434129255,0.5321106928237458
600,0.0,0.46571934394409276,0.5192564689814956,0.4300958890725013,0.3537679254995224
601,0.0,0.4913791373748699,0.827238673447602,0.9506497473097825,0.5673168895330636
602,0.6160979360385723,0.8208258970072531,0.6709136306472626,0.14049491408269557,0.5620830944439459
603,0.3577640109414956,0.13975024156182883,0.13718193036495158,0.4630806224509558,0.27444420132980796
604,0.699807167629641,0.7864236234812665,0.579517975833563,0.24497487084899675,0.5776809094483668
605,0.698996159485256,0.4793208281716928,0.6613673294954299,0.5111262858753326,0.5877026507569278
606,0.4903335631456238,0.23544088682697692,0.534108088176656,0.37805907853062964,0.40948540416997165
607,0.0,0.401461404639687,0.3144161042717834,0.1376736644033887,0.21338779332871477
608,0.5734547028445502,0.4449549948069124,0.19772662806279842,0.16947996691097067,0.34640407315630795
609,0.32419776251241356,0.49304272320976505,0.1992750608881562,0.60372512237077,0.4050601672452762
610,0.5174581734043446,0.16610159519843767,0.22299667730949585,0.18847083987099733,0.27375682144581887
611,0.0,0.26885675452247076,0.7842183805150489,0.5817856104785799,0.4087151863790249
612,0.0738128740986462,0.0,0.6251166662511602,0.49361402189485726,0.29813589056116596
613,0.0,0.0,0.12750537518722638,0.22862074511077762,0.089031530074501
614,0.0,0.03129755538435112,0.5795179758335633,0.24497487084899663,0.21394760051672776
615,0.51510282331094,0.4186428727920267,0.06140897490193213,0.6031304076719841,0.39957126966922074
616,0.0,0.18656908970520575,0.31125133459564924,0.25126189038222907,0.18727057867077102
617,0.423412694069714,0.0,0.5813408330930054,0.36077014266593954,0.34138091745716476
618,0.0,0.36742115941388737,0.056721344280571566,0.23239214092852667,0.1641336611557464
619,0.0,0.360126646538293,0.7355837106514966,0.45486474093704654,0.38764377453170906
620,0.7230415173712488,0.4299366253203152,0.6859162805087208,0.19310797298683355,0.5080005990467796
621,0.348763898713179,0.3478265081298193,0.6626539195946587,0.38935624344029235,0.4371501424694873
622,0.6449455319453684,0.9079900477682927,0.5378980732914189,0.2417142336392631,0.5831369716610858
623,0.0,0.18656908970520575,0.31125133459564924,0.25126189038222907,0.18727057867077102
624,0.0,0.13240094402018748,0.7369462890996731,0.18561339227601895,0.2637401563489699
625,0.7709019662441596,0.5687589430138913,0.6313196836644681,0.049699184202290095,0.5051699442812023
626,0.2245243312718146,0.7885583060201578,0.18793127270024482,0.2461240706363778,0.3617844951571488
627,0.18418336019604595,0.0,0.9357187729265729,0.6769507524412001,0.44921322139095476
628,0.7029578895039382,0.2945855705431335,0.6220111678349856,0.5088881434129255,0.5321106928237458
629,0.7441153485864122,0.5217390380950281,0.7060817581665135,0.32873719058626366,0.5751683338585544
630,0.0,0.0,0.0,0.0,0.0
631,0.4657176939425247,0.48666926532908383,0.872379043740657,0.19391915790841127,0.5046712902301692
632,0.49019735672716674,0.0,0.13718193036495221,0.46308062245095666,0.2726149773857689
633,0.7029578895039382,0.2945855705431335,0.6220111678349856,0.5088881434129255,0.5321106928237458
634,0.7029578895039382,0.2945855705431335,0.6220111678349856,0.5088881434129255,0.5321106928237458
635,0.7029578895039382,0.2945855705431335,0.6220111678349856,0.5088881434129255,0.5321106928237458
636,0.45317377939229286,0.4803022696420131,0.16063858343076107,0.5516925246552447,0.4114517892800779
637,0.5761972208659747,0.24161161205245676,0.04746793695909412,0.08146812002857598,0.23668622247652538
638,0.45317377939229286,0.4803022696420131,0.16063858343076107,0.5516925246552447,0.4114517892800779
639,0.0,0.18656908970520575,0.31125133459564924,0.25126189038222907,0.18727057867077102
640,0.4983186442948812,0.18859992010564003,0.26573139177272515,0.4632740186523704,0.35398099370640423
641,0.36194483350029943,0.3065252500810319,0.31215320819985076,0.5932314334598794,0.3934636813102654
642,0.5081875524909251,0.4927879927862082,0.8431204942573717,0.8109197944947797,0.6637539585073211
643,0.33630417296279896,0.6310324564860543,0.6437115170712321,0.5407598855414827,0.537952008015392
644,0.6160979360385723,0.8208258970072531,0.6709136306472626,0.14049491408269557,0.5620830944439459
645,0.43902260553040734,0.41853488688521023,0.10934927012680762,0.6792445683264162,0.41153783271721034
646,0.013794568521419994,0.027557495177087547,0.28149568110160017,0.6486907983018448,0.24288463577548813
647,0.0,0.3013250377001807,0.2964194349853551,0.09391071031007606,0.17291379574890298
648,0.0,0.4961730239551642,0.7916781178785196,0.8932363791866827,0.5452718802550917
649,0.3866984515975404,0.5640729239140476,0.8290506671590663,0.12208981611734822,0.47547796469700065
650,0.12844365013455197,0.23549253142064874,0.056721344280572385,0.23239214092852659,0.1632624166910749
651,0.6037939588717772,0.9091165190806321,0.5954252919991208,0.26437230332819966,0.5931770183199325
652,0.1156630342257344,0.0,0.18447320302906545,0.3854270478109374,0.17139082126643432
653,0.0,0.5456831980258183,0.5153525641115144,0.5110086625438258,0.39301110617028967
654,0.3577640109414956,0.13975024156182883,0.13718193036495158,0.4630806224509558,0.27444420132980796
655,0.7029578895039382,0.2945855705431335,0.6220111678349856,0.5088881434129255,0.5321106928237458
656,0.0,0.3013250377001807,0.2964194349853551,0.09391071031007606,0.17291379574890298
657,0.33630417296279896,0.6310324564860543,0.6437115170712321,0.5407598855414827,0.537952008015392
658,0.7189752768454105,0.6496468729660648,0.7369462890996717,0.18561339227601856,0.5727954577967914
659,0.46494264263963453,0.21156811697837077,0.07754816726766994,0.15484804817000694,0.22722674376392055
660,0.5734547028445502,0.4449549948069124,0.19772662806279842,0.16947996691097067,0.34640407315630795
661,0.38551903236462065,0.6708449449849557,0.7060915841510602,0.13248928677196473,0.4737362120681503
662,0.0,0.0,0.0,0.0,0.0
663,0.0,0.0,0.0,0.0,0.0
664,0.5101126227950618,0.08357488971344125,0.7131736238096555,0.5265604225001965,0.4583553897045888
665,0.11938338210368858,0.7500000000000004,0.6694284678118182,0.3099460344312121,0.46218947108667985
666,0.0864235901861815,0.012455762535055115,0.6709136306472642,0.140494914082695,0.22757197436279894
667,0.0,0.6955587107848468,0.4958275109128102,0.23406386371266805,0.35636252135258123
668,0.0,0.3959448561821724,0.051857395325833146,0.49207333987698665,0.23496889784624805
669,0.41646439306552335,0.0,0.3193864980185641,0.40979977650725397,0.2864126668978354
670,0.51510282331094,0.4186428727920267,0.06140897490193213,0.6031304076719841,0.39957126966922074
671,0.5761972208659739,0.4783864600638523,0.7890580230659059,0.08146812002857558,0.48127745600607696
672,0.0,0.0,0.0,0.0,0.0
673,0.6160979360385723,0.8208258970072531,0.6709136306472626,0.14049491408269557,0.5620830944439459
674,0.27732609825943466,0.5597179128894026,0.3406708002993361,0.5403138607136191,0.42950716804044814
675,0.5174581734043376,0.8477209967792178,0.4397624177056656,0.18847083987099525,0.4983531069400541
676,0.0,0.7508900414694907,0.4156028223946353,0.27722596634713054,0.3609297075528141
677,0.0,0.186569089705206,0.0,0.2512618903822303,0.10945774502185907
678,0.33630417296279896,0.6310324564860543,0.6437115170712321,0.5407598855414827,0.537952008015392
679,0.6300449856202002,0.3256416735917693,0.6583218540305488,0.4365258643111384,0.5126335943884142
680,0.23582052811392942,0.21506897606983527,0.15169379377337258,0.5650174841881775,0.29190019553632873
681,0.0,0.6183119452246827,0.6856129114265461,0.5323886778684551,0.45907838362992104
682,0.0,0.6596702633601165,0.622613149600721,0.2809305885902808,0.3908035003877796
683,0.61811772560366,0.426522391649038,0.6527326262480664,0.4176675559235783,0.5287600748560857
684,0.5734547028445515,0.0,0.6127964127704493,0.16947996691097067,0.33893277063149285
685,0.32419776251241356,0.49304272320976505,0.1992750608881562,0.60372512237077,0.4050601672452762
686,0.7029578895039382,0.2945855705431335,0.6220111678349856,0.5088881434129255,0.5321106928237458
687,0.336304172962798,0.10280393556772573,0.12498693724292981,0.5178486972560359,0.27048593575737234
688,0.27743477559391183,0.0,0.10954355971406503,0.16703383661227753,0.1385030429800636
689,0.38498327364447626,0.7794171308222105,0.6557056944486762,0.46487532715117674,0.5712453565166349
690,0.34397270140150316,0.0,0.49633128633430024,0.30342857320592065,0.28593314023543104
691,0.5101126227950618,0.08357488971344125,0.7131736238096555,0.5265604225001965,0.4583553897045888
692,0.30769179287254933,0.630138535721677,0.96082507600175,0.6669501243322996,0.641401382232069
693,0.0864235901861815,0.012455762535055115,0.6709136306472642,0.140494914082695,0.22757197436279894
694,0.0,0.8494774750691194,0.46931167738615187,0.05126192823813007,0.34251277017335036
695,0.19919907335493753,0.0,0.789058023065907,0.08146812002857567,0.26743130411235505
696,0.05754946006244951,0.0,0.2559402428321408,0.17005017855164622,0.12088497036155912
697,0.17252880057490594,0.0,0.6162055367504102,0.2904307144394862,0.2697912629412006
698,0.0,0.0,0.6910663826628831,0.5165541060776175,0.30190512218512516
699,0.1156630342257344,0.0,0.18447320302906545,0.3854270478109374,0.17139082126643432
700,0.5495481004905871,0.5907966914103433,0.6059148815533617,0.7556817438200814,0.6254853543185934
701,0.7029578895039382,0.2945855705431335,0.6220111678349856,0.5088881434129255,0.5321106928237458
702,0.3577640109414956,0.13975024156182883,0.13718193036495158,0.4630806224509558,0.27444420132980796
703,0.4164643930655234,0.7800636233869305,0.4829017447268932,0.4097997765072533,0.52230738442165
704,0.5089171568887321,0.9423188024941761,0.49490931972262914,0.2953311124621982,0.5603690978919339
705,0.42596338713899784,0.4626668143321199,0.7613596837177803,0.1886169014490491,0.4596516966594868
706,0.1725092531815668,0.0,0.5817989012298806,0.20036887455436075,0.23866925724145205
707,0.4624876321207683,0.7676543941039905,0.0,0.25126196703532405,0.3703509983150207
708,0.7189752768454105,0.6496468729660648,0.7369462890996717,0.18561339227601856,0.5727954577967914
709,0.19769758775632362,0.13081722916949806,0.5592829281088006,0.3565068134249388,0.3110761396148903
710,0.7479345677262187,0.7210031825403584,0.0,0.26375482616251783,0.43317314410727376
711,0.6160979360385723,0.8208258970072531,0.6709136306472626,0.14049491408269557,0.5620830944439459
712,0.36219494604306585,0.5857809233959698,0.16512476981332785,0.8851462869446328,0.4995617315492491
713,0.0,0.6183119452246827,0.6856129114265461,0.5323886778684551,0.45907838362992104
714,0.0,0.360126646538293,0.7355837106514966,0.45486474093704654,0.38764377453170906
715,0.6449455319453684,0.9079900477682927,0.5378980732914189,0.2417142336392631,0.5831369716610858
716,0.7189752768454105,0.6496468729660648,0.7369462890996717,0.18561339227601856,0.5727954577967914
717,0.0,0.5170546700423975,0.3785926501944582,0.2989034702759105,0.29863769762819153
718,0.33630417296279896,0.6310324564860543,0.6437115170712321,0.5407598855414827,0.537952008015392
719,0.3444512025608826,0.5140187056460072,0.23265277502365803,0.846967281808474,0.48452249125975544
720,0.7169480670061803,0.6904822517432919,0.6748064773646609,0.031389694335681326,0.5284066226124536
721,0.34226140383043113,0.0,0.163975159560959,0.2885136732834144,0.19868755916870112
722,0.0,0.360126646538293,0.7355837106514966,0.45486474093704654,0.38764377453170906
723,0.0738128740986462,0.0,0.6251166662511602,0.49361402189485726,0.29813589056116596
724,0.12844365013455197,0.23549253142064874,0.056721344280572385,0.23239214092852659,0.1632624166910749
725,0.0738128740986462,0.0,0.6251166662511602,0.49361402189485726,0.29813589056116596
726,0.5101126227950618,0.08357488971344125,0.7131736238096555,0.5265604225001965,0.4583553897045888
727,0.34226140383043113,0.0,0.163975159560959,0.2885136732834144,0.19868755916870112
728,0.31040021337158863,0.7057666815761844,0.529457405550495,0.5476898941083855,0.5233285486516633
729,0.5761972208659739,0.4783864600638523,0.7890580230659059,0.08146812002857558,0.48127745600607696
730,0.04403263644225941,0.0,0.15156710828303527,0.26171388000221185,0.11432840618187663
731,0.4366389196277198,0.02708507268163466,0.6920794535588372,0.7056850899767069,0.4653721339612246
732,0.5589132908265344,0.7833255945597684,0.12042392783049694,0.568416983152994,0.5077699490924484
733,0.0,0.18215611646231408,0.3375533811059393,0.595628269652633,0.2788344418052216
734,0.25701612966500254,0.0,0.163975159560959,0.28851367328341426,0.17737624062734395
735,0.33630417296279896,0.5895759630422418,0.7980131183328528,0.5178491489432429,0.5604356008202842
736,0.1156630342257344,0.0,0.18447320302906545,0.3854270478109374,0.17139082126643432
737,0.0,0.4913791373748699,0.827238673447602,0.9506497473097825,0.5673168895330636
738,0.04403263644225941,0.0,0.15156710828303527,0.26171388000221185,0.11432840618187663
739,0.4901192391760336,0.293218636781012,0.7830684745850711,0.3755279853571492,0.4854835839748165
740,0.0,0.16745922997341517,0.3243270910303792,0.3564695461215281,0.2120639667813306
741,0.0,0.36742115941388737,0.056721344280571566,0.23239214092852667,0.1641336611557464
742,0.4164643930655234,0.7800636233869305,0.4829017447268932,0.4097997765072533,0.52230738442165
743,0.21571175054581798,0.6664220530720699,0.5414957765871345,0.44209034271569125,0.4664299807301784
744,0.11938338210368858,0.7500000000000004,0.6694284678118182,0.3099460344312121,0.46218947108667985
745,0.49019735672716674,0.0,0.13718193036495221,0.46308062245095666,0.2726149773857689
746,0.6449455319453684,0.9079900477682927,0.5378980732914189,0.2417142336392631,0.5831369716610858
747,0.0,0.36742115941388737,0.056721344280571566,0.23239214092852667,0.1641336611557464
748,0.0,0.45943647090474876,0.6171406027103957,0.7223417734527734,0.4497297117669795
749,0.7230415173712488,0.4299366253203152,0.6859162805087208,0.19310797298683355,0.5080005990467796
750,0.7232584982073259,0.5622789726908042,0.5637812261663959,0.8180370652887835,0.6668389405883274
751,0.41541899448877534,0.7016834919941474,0.785661421261361,0.5388826328216698,0.6104116351414883
752,0.61811772560366,0.426522391649038,0.6527326262480664,0.4176675559235783,0.5287600748560857
753,0.0,0.6596702633601165,0.622613149600721,0.2809305885902808,0.3908035003877796
754,0.33630417296279896,0.6310324564860543,0.6437115170712321,0.5407598855414827,0.537952008015392
755,0.699807167629641,0.7864236234812665,0.579517975833563,0.24497487084899675,0.5776809094483668
756,0.7029578895039382,0.2945855705431335,0.6220111678349856,0.5088881434129255,0.5321106928237458
757,0.0,0.046292380953478554,0.6748064773646627,0.03138969433568153,0.1881221381634557
758,0.32419776251241383,0.0,0.4931686273644876,0.6037251223707701,0.3552728780619179
759,0.6449455319453684,0.9079900477682927,0.5378980732914189,0.2417142336392631,0.5831369716610858
760,0.34397270140150316,0.0,0.49633128633430024,0.30342857320592065,0.28593314023543104
761,0.6449455319453684,0.9079900477682927,0.5378980732914189,0.2417142336392631,0.5831369716610858
762,0.7169496934445607,0.2696243175396617,0.14716718003731996,0.03138969433568153,0.291282721339306
763,0.0,0.16984881120314851,0.6220111678349839,0.5088881434129248,0.3251870306127643
764,0.0,0.6183119452246827,0.6856129114265461,0.5323886778684551,0.45907838362992104
765,0.0864235901861815,0.012455762535055115,0.6709136306472642,0.140494914082695,0.22757197436279894
766,0.38498327364447626,0.7794171308222105,0.6557056944486762,0.46487532715117674,0.5712453565166349
767,0.7029578895039401,0.4918541054429021,0.0290508909859905,0.5088881434129263,0.43318775733643977
768,0.7230415173712488,0.4299366253203152,0.6859162805087208,0.19310797298683355,0.5080005990467796
769,0.18021611125808765,0.5789312151217382,0.7943024600258596,0.6912238208480395,0.5611684018134313
770,0.6037939588717772,0.9091165190806321,0.5954252919991208,0.26437230332819966,0.5931770183199325
771,0.3407128068514037,0.5317683798127452,0.75796513991097,0.6625970673435685,0.5732608484796718
772,0.21571175054581798,0.6664220530720699,0.5414957765871345,0.44209034271569125,0.4664299807301784
773,0.0,0.0,0.22174171648359725,0.12620509048713838,0.08698670174268391
774,0.0,0.27036869877563385,0.12678213017434756,0.3685915017843828,0.19143558268359107
775,0.0,0.0,0.12750537518722638,0.22862074511077762,0.089031530074501
776,0.40799988124845477,0.4328341892300658,0.7948460713840274,0.4273714438858935,0.5157628964371104
777,0.0,0.3013250377001807,0.10956249536175515,0.5165541060776169,0.2318604097848882
778,0.6809489356560635,0.001300010209045492,0.09419835271938405,0.29916385791031724,0.2689027891237026
779,0.04403263644225941,0.0,0.15156710828303527,0.26171388000221185,0.11432840618187663
780,0.33630417296279896,0.5895759630422418,0.7980131183328528,0.5178491489432429,0.5604356008202842
781,0.18021611125808765,0.5789312151217382,0.7943024600258596,0.6912238208480395,0.5611684018134313
782,0.4942421199979997,0.46260162270087035,0.477904200577648,0.6047003820963514,0.5098620813432173
783,0.0,0.8494774750691194,0.46931167738615187,0.05126192823813007,0.34251277017335036
784,0.4154189944887749,0.3392764000596736,0.41834523859710604,0.5388826328216698,0.4279808164918061
785,0.4983186442948812,0.18859992010564003,0.26573139177272515,0.4632740186523704,0.35398099370640423
786,0.07326679460112658,0.13998305522533147,0.7060817581665146,0.32873719058626366,0.3120171996448091
787,0.0,0.0,0.0,0.0,0.0
788,0.19919907335493753,0.0,0.789058023065907,0.08146812002857567,0.26743130411235505
789,0.3899803325418677,0.5132009907541434,0.1496469315460181,0.7230475886264117,0.44396896086711024
790,0.7441153485864122,0.5217390380950281,0.7060817581665135,0.32873719058626366,0.5751683338585544
791,0.3501393991690839,0.0,0.49384240039450483,0.18036403608761267,0.25608645891280035
792,0.0,0.07658448842114819,0.20213355924896673,0.1842083589907132,0.11573160166520703
793,0.12785688880312904,0.2214581103112039,0.4143386360980272,0.6257722802153725,0.34735647885693316
794,0.42769394320020215,0.5209616115777244,0.7781338262218157,0.11076649518377536,0.4593889690458794
795,0.7709019662441607,0.21015576234918873,0.08759982590819779,0.049699184202290594,0.2795891846759595
796,0.0,0.0020708373150103263,0.5215048131887868,0.480698318088307,0.25106849214802607
797,0.7441153485864122,0.5217390380950281,0.7060817581665135,0.32873719058626366,0.5751683338585544
798,0.46248574543058696,0.009721315356992636,0.3112492710178868,0.25126088570020755,0.2586793043764185
799,0.7230415173712488,0.4299366253203152,0.6859162805087208,0.19310797298683355,0.5080005990467796
800,0.6449455319453706,0.0,0.2786919230722292,0.24171423363926448,0.29133792216421606
801,0.616097936038571,0.820825897007253,0.15683396597444982,0.3385400229045307,0.48307445548120115
802,0.0,0.26885675452247076,0.7842183805150489,0.5817856104785799,0.4087151863790249
803,0.0,0.8423570364505886,0.4344247812977291,0.024042250914014674,0.32520601716558306
804,0.0,0.5097791418960569,0.2882963352952139,0.09237150424529691,0.22261174535914194
805,0.4624876321207683,0.7676543941039905,0.0,0.25126196703532405,0.3703509983150207
806,0.0,0.31859575286324004,0.7131736238096555,0.5265604225001965,0.38958244979327306
807,0.5869689077447046,0.5736893799112714,0.6468095337084725,0.046462348478825445,0.4634825424608185
808,0.49019735672716674,0.0,0.13718193036495221,0.46308062245095666,0.2726149773857689
809,0.5734547028445502,0.4449549948069124,0.19772662806279842,0.16947996691097067,0.34640407315630795
810,0.40849553001049654,0.519146842723606,0.21288547425207152,0.8318954321097548,0.49310581977398227
811,0.2815291355208766,0.677132426131493,0.27517873386451586,0.597839853748016,0.4579200373162253
812,0.3998760230214306,0.47142825402377175,0.35443308488513803,0.6971127624680032,0.4807125310995859
813,0.3501393991690839,0.0,0.49384240039450483,0.18036403608761267,0.25608645891280035
814,0.33630417296279896,0.6310324564860543,0.6437115170712321,0.5407598855414827,0.537952008015392
815,0.0,0.4199144248642802,0.5703122648361795,0.49207333987698604,0.37057500739436144
816,0.18021611125808765,0.5789312151217382,0.7943024600258596,0.6912238208480395,0.5611684018134313
817,0.40799988124845477,0.4328341892300658,0.7948460713840274,0.4273714438858935,0.5157628964371104
818,0.0,0.39593845645367665,0.009794938063978957,0.5265604225001963,0.23307345425446296
819,0.22793319869440828,0.6314647802836563,0.6592376807595183,0.49866185034843713,0.504324377521505
820,0.5589132908265344,0.7833255945597684,0.12042392783049694,0.568416983152994,0.5077699490924484
821,0.7189752768454105,0.6496468729660648,0.7369462890996717,0.18561339227601856,0.5727954577967914
822,0.34397270140150316,0.0,0.49633128633430024,0.30342857320592065,0.28593314023543104
823,0.00035021046045495335,0.15105308142102797,0.6613673294954305,0.5111262858753329,0.3309742268130616
824,0.0,0.4961730239551642,0.7916781178785196,0.8932363791866827,0.5452718802550917
825,0.0,0.3013250377001807,0.10956249536175515,0.5165541060776169,0.2318604097848882
826,0.41751970651107506,0.0,0.6542706241498459,0.42367845686424277,0.3738671968812909
827,0.04403263644225941,0.0,0.15156710828303527,0.26171388000221185,0.11432840618187663
828,0.0,0.5456831980258183,0.5153525641115144,0.5110086625438258,0.39301110617028967
829,0.3577640109414956,0.13975024156182883,0.13718193036495158,0.4630806224509558,0.27444420132980796
830,0.7189752768454105,0.6496468729660648,0.7369462890996717,0.18561339227601856,0.5727954577967914
831,0.6449455319453684,0.9079900477682927,0.5378980732914189,0.2417142336392631,0.5831369716610858
832,0.5761972208659739,0.4783864600638523,0.7890580230659059,0.08146812002857558,0.48127745600607696
833,0.48628799979823856,0.5017130832074409,0.6920794535588339,0.7056850899767094,0.5964414066353058
834,0.0,0.0,0.0,0.0,0.0
835,0.0738128740986462,0.0,0.6251166662511602,0.49361402189485726,0.29813589056116596
836,0.2245243312718146,0.7885583060201578,0.18793127270024482,0.2461240706363778,0.3617844951571488
837,0.0,0.0,0.35118730872744447,0.3115852629949566,0.16569314293060028
838,0.6449455319453706,0.0,0.2786919230722292,0.24171423363926448,0.29133792216421606
839,0.0864235901861815,0.012455762535055115,0.6709136306472642,0.140494914082695,0.22757197436279894
840,0.5279956939803389,0.471626270895802,0.6366381852605983,0.48437514176624086,0.530158822975745
841,0.0,0.0,0.12750537518722638,0.22862074511077762,0.089031530074501
842,0.41646439306552335,0.0,0.3193864980185641,0.40979977650725397,0.2864126668978354
843,0.7189752768454093,0.2764635547510986,0.1329934896627124,0.18561339227601695,0.3285114283838093
844,0.501812207904547,0.06944270047276885,0.49730667819084806,0.9442915532193772,0.5032132849468852
845,0.0,0.13240094402018748,0.7369462890996731,0.18561339227601895,0.2637401563489699
846,0.6037939588717772,0.9091165190806321,0.5954252919991208,0.26437230332819966,0.5931770183199325
847,0.09192543730549031,0.6541299324509229,0.39550698743506335,0.7452904174541726,0.4717131936614123
848,0.6449455319453684,0.9079900477682927,0.5378980732914189,0.2417142336392631,0.5831369716610858
849,0.0,0.4199144248642802,0.5703122648361795,0.49207333987698604,0.37057500739436144
850,0.7709019662441607,0.21015576234918873,0.08759982590819779,0.049699184202290594,0.2795891846759595
851,0.0738128740986462,0.0,0.6251166662511602,0.49361402189485726,0.29813589056116596
852,0.0,0.1460711434576627,0.5005373967532706,0.3115829238217121,0.23954786600816136
853,0.7169480670061803,0.6904822517432919,0.6748064773646609,0.031389694335681326,0.5284066226124536
854,0.4983186442948812,0.18859992010564003,0.26573139177272515,0.4632740186523704,0.35398099370640423
855,0.0,0.2714550128732539,0.7641530797531891,0.6474604953555071,0.42076714699548756
856,0.2533273400061324,0.6185143773752756,0.33681699976939655,0.8209292350176535,0.5073969880421145
857,0.7189752768454093,0.2764635547510986,0.1329934896627124,0.18561339227601695,0.3285114283838093
858,0.48628799979823856,0.5017130832074409,0.6920794535588339,0.7056850899767094,0.5964414066353058
859,0.7189752768454105,0.6496468729660648,0.7369462890996717,0.18561339227601856,0.5727954577967914
860,0.7169480670061803,0.6904822517432919,0.6748064773646609,0.031389694335681326,0.5284066226124536
861,0.0,0.0,0.0,0.0,0.0
862,0.0,0.1460711434576627,0.5005373967532706,0.3115829238217121,0.23954786600816136
863,0.0,0.29546884111176536,0.5948014231082274,0.5031565060225606,0.3483566925606383
864,0.0,0.360126646538293,0.7355837106514966,0.45486474093704654,0.38764377453170906
865,0.33630417296279896,0.5895759630422418,0.7980131183328528,0.5178491489432429,0.5604356008202842
866,0.5734547028445502,0.4449549948069124,0.19772662806279842,0.16947996691097067,0.34640407315630795
867,0.4819062914582846,0.5672598704231507,0.842473343885018,0.7142565180059143,0.6514740059430919
868,0.26864035482688836,0.6134612572182164,0.1283030382601191,0.6053100192733731,0.4039286673946493
869,0.0,0.25473625180579795,0.28757709908508794,0.35133055213089065,0.22341097575544416
870,0.0,0.0,0.6910663826628831,0.5165541060776175,0.30190512218512516
871,0.7709019662441596,0.5687589430138913,0.6313196836644681,0.049699184202290095,0.5051699442812023
872,0.04403263644225941,0.0,0.15156710828303527,0.26171388000221185,0.11432840618187663
873,0.3998760230214307,0.3223921072444819,0.691977223700848,0.6971127624680027,0.5278395291086908
874,0.699807167629641,0.7864236234812665,0.579517975833563,0.24497487084899675,0.5776809094483668
875,0.4164643930655234,0.7800636233869305,0.4829017447268932,0.4097997765072533,0.52230738442165
876,0.12844365013455197,0.23549253142064874,0.056721344280572385,0.23239214092852659,0.1632624166910749
877,0.7709019662441607,0.21015576234918873,0.08759982590819779,0.049699184202290594,0.2795891846759595
878,0.0,0.1460711434576627,0.5005373967532706,0.3115829238217121,0.23954786600816136
879,0.7189752768454105,0.6496468729660648,0.7369462890996717,0.18561339227601856,0.5727954577967914
880,0.4164643930655234,0.7800636233869305,0.4829017447268932,0.4097997765072533,0.52230738442165
881,0.0,0.3959448561821724,0.051857395325833146,0.49207333987698665,0.23496889784624805
882,0.11938338210368858,0.7500000000000004,0.6694284678118182,0.3099460344312121,0.46218947108667985
883,0.8947751086448563,0.46502945526458306,0.6735013826452402,0.18278063101489692,0.5540216443923941
884,0.0,0.31859575286324004,0.7131736238096555,0.5265604225001965,0.38958244979327306
885,0.6449455319453684,0.9079900477682927,0.5378980732914189,0.2417142336392631,0.5831369716610858
886,0.0,0.0,0.0,0.0,0.0
887,0.699807167629641,0.7864236234812665,0.579517975833563,0.24497487084899675,0.5776809094483668
888,0.5437466018318752,0.4841532716066503,0.651988895973439,0.8905602952172619,0.6426122661573066
889,0.09076193341249714,0.608719555170452,0.1835909820592285,0.7501258898815626,0.4082995901309351
890,0.6160979360385723,0.8208258970072531,0.6709136306472626,0.14049491408269557,0.5620830944439459
891,0.7189752768454105,0.6496468729660648,0.7369462890996717,0.18561339227601856,0.5727954577967914
892,0.38498327364447626,0.7794171308222105,0.6557056944486762,0.46487532715117674,0.5712453565166349
893,0.7230415173712488,0.4299366253203152,0.6859162805087208,0.19310797298683355,0.5080005990467796
894,0.0,0.0,0.4843188859192569,0.5110089428903279,0.2488319572023962
895,0.33630417296279896,0.6310324564860543,0.6437115170712321,0.5407598855414827,0.537952008015392
896,0.0,0.3013250377001807,0.10956249536175515,0.5165541060776169,0.2318604097848882
897,0.699807167629641,0.7864236234812665,0.579517975833563,0.24497487084899675,0.5776809094483668
898,0.0,0.4961730239551642,0.7916781178785196,0.8932363791866827,0.5452718802550917
899,0.27732609825943466,0.5597179128894026,0.3406708002993361,0.5403138607136191,0.42950716804044814
900,0.0,0.2590961378304973,0.15974971685575357,0.21810170037862572,0.15923688876621914
901,0.0,0.0020708373150103263,0.5215048131887868,0.480698318088307,0.25106849214802607
902,0.34226140383043113,0.0,0.163975159560959,0.2885136732834144,0.19868755916870112
903,0.32419776251241383,0.0,0.4931686273644876,0.6037251223707701,0.3552728780619179
904,0.34226140383043113,0.0,0.163975159560959,0.2885136732834144,0.19868755916870112
905,0.8947751086448563,0.46502945526458306,0.6735013826452402,0.18278063101489692,0.5540216443923941
906,0.4983186442948812,0.18859992010564003,0.26573139177272515,0.4632740186523704,0.35398099370640423
907,0.0,0.6634276785931897,0.44282556442806326,0.1393259979866751,0.311394810251982
908,0.3577640109414956,0.13975024156182883,0.13718193036495158,0.4630806224509558,0.27444420132980796
909,0.3899803325418677,0.5132009907541434,0.1496469315460181,0.7230475886264117,0.44396896086711024
910,0.4536869503454069,0.5583337943683729,0.8081486395067877,0.6471287336811307,0.6168245294754247
911,0.1509372389725308,0.5239133228566911,0.5565244918175171,0.6301074930436422,0.46537063667259526
912,0.0,0.0,0.6910663826628831,0.5165541060776175,0.30190512218512516
913,0.1269271591824712,0.1759491791544068,0.0,0.1291295643725424,0.1080014756773551
914,0.33630417296279896,0.5895759630422418,0.7980131183328528,0.5178491489432429,0.5604356008202842
915,0.38878852852590073,0.3951765232330404,0.7544269561919136,0.3417836967835549,0.47004392618360236
916,0.2245243312718146,0.7885583060201578,0.18793127270024482,0.2461240706363778,0.3617844951571488
917,0.45081807976502974,0.43096859856552194,0.732745419564223,0.07681790105620499,0.42283749973774487
918,0.0,0.07658448842114819,0.20213355924896673,0.1842083589907132,0.11573160166520703
919,0.0738128740986462,0.0,0.6251166662511602,0.49361402189485726,0.29813589056116596
920,0.18021611125808765,0.5789312151217382,0.7943024600258596,0.6912238208480395,0.5611684018134313
921,0.6214420123307668,0.0,0.5817989012298809,0.20036887455436064,0.35090244702875206
922,0.7169480670061803,0.6904822517432919,0.6748064773646609,0.031389694335681326,0.5284066226124536
923,0.0,0.27116778567332755,0.5245074511459976,0.4906737362995525,0.32158724327971944
924,0.018916686577830355,0.0,0.5378980732914206,0.2417142336392629,0.19963224837712848
925,0.7189752768454093,0.2764635547510986,0.1329934896627124,0.18561339227601695,0.3285114283838093
926,0.6809489356560635,0.001300010209045492,0.09419835271938405,0.29916385791031724,0.2689027891237026
927,0.0,0.27036869877563385,0.12678213017434756,0.3685915017843828,0.19143558268359107
928,0.38498327364447626,0.7794171308222105,0.6557056944486762,0.46487532715117674,0.5712453565166349
929,0.0,0.6950634755431816,0.5310120895113765,0.5744623264738992,0.4501344728821143
930,0.7709019662441596,0.5687589430138913,0.6313196836644681,0.049699184202290095,0.5051699442812023
931,0.5174581734043376,0.8477209967792178,0.4397624177056656,0.18847083987099525,0.4983531069400541
932,0.6809489356560635,0.001300010209045492,0.09419835271938405,0.29916385791031724,0.2689027891237026
933,0.7169496934445607,0.2696243175396617,0.14716718003731996,0.03138969433568153,0.291282721339306
934,0.07326679460112658,0.13998305522533147,0.7060817581665146,0.32873719058626366,0.3120171996448091
935,0.41751970651107506,0.0,0.6542706241498459,0.42367845686424277,0.3738671968812909
936,0.2710729507461878,0.0,0.6437115170712332,0.5407598855414821,0.3638860883397258
937,0.6809489356560635,0.001300010209045492,0.09419835271938405,0.29916385791031724,0.2689027891237026
938,0.7230415173712488,0.4299366253203152,0.6859162805087208,0.19310797298683355,0.5080005990467796
939,0.0,0.36742115941388737,0.056721344280571566,0.23239214092852667,0.1641336611557464
940,0.0,0.0,0.0,0.0,0.0
941,0.61811772560366,0.426522391649038,0.6527326262480664,0.4176675559235783,0.5287600748560857
942,0.4983186442948812,0.18859992010564003,0.26573139177272515,0.4632740186523704,0.35398099370640423
943,0.0738128740986462,0.0,0.6251166662511602,0.49361402189485726,0.29813589056116596
944,0.5089171568887325,0.332761935236606,0.24261064010670763,0.2953311124621978,0.344905211173561
945,0.6160979360385723,0.8208258970072531,0.6709136306472626,0.14049491408269557,0.5620830944439459
946,0.7441153485864122,0.5217390380950281,0.7060817581665135,0.32873719058626366,0.5751683338585544
947,0.0,0.8170551339715422,0.6121192320191063,0.18434233759959742,0.4033791758975615
948,0.45081807976502974,0.43096859856552194,0.732745419564223,0.07681790105620499,0.42283749973774487
949,0.40033143054300724,0.4010212649191521,0.4380577302218012,0.6667207563441613,0.4765327955070304
950,0.5376452212506051,0.49591384355013163,0.7641530797531888,0.647460495355508,0.6112931599773583
951,0.6160979360385723,0.8208258970072531,0.6709136306472626,0.14049491408269557,0.5620830944439459
952,0.4901192391760336,0.293218636781012,0.7830684745850711,0.3755279853571492,0.4854835839748165
953,0.34397270140150316,0.0,0.49633128633430024,0.30342857320592065,0.28593314023543104
954,0.24182791878354012,0.0,0.17324601597887623,0.38475420078404704,0.19995703388661584
955,0.018916686577830355,0.0,0.5378980732914206,0.2417142336392629,0.19963224837712848
956,0.7189752768454105,0.6496468729660648,0.7369462890996717,0.18561339227601856,0.5727954577967914
957,0.25701612966500254,0.0,0.163975159560959,0.28851367328341426,0.17737624062734395
958,0.7169480670061803,0.6904822517432919,0.6748064773646609,0.031389694335681326,0.5284066226124536
959,0.26864035482688836,0.6134612572182164,0.1283030382601191,0.6053100192733731,0.4039286673946493
960,0.6809489356560635,0.001300010209045492,0.09419835271938405,0.29916385791031724,0.2689027891237026
961,0.0,0.0,0.6910663826628831,0.5165541060776175,0.30190512218512516
962,0.501812207904547,0.5857972780237491,0.2890742166942757,0.9442915532193771,0.5802438139604872
963,0.4321344903445384,0.5116662023341468,0.6159234424090412,0.12237603940515981,0.4205250436232216
964,0.0738128740986462,0.0,0.6251166662511602,0.49361402189485726,0.29813589056116596
965,0.1564143087329955,0.0,0.6735013826452418,0.1827806310148981,0.25317408059828383
966,0.0,0.45943647090474876,0.6171406027103957,0.7223417734527734,0.4497297117669795
967,0.0,0.0,0.4764536328485297,0.43009588907250107,0.2266373804802577
968,0.46248574543058696,0.009721315356992636,0.3112492710178868,0.25126088570020755,0.2586793043764185
969,0.4164643930655234,0.7800636233869305,0.4829017447268932,0.4097997765072533,0.52230738442165
970,0.48628799979823856,0.5017130832074409,0.6920794535588339,0.7056850899767094,0.5964414066353058
971,0.0,0.13240094402018748,0.7369462890996731,0.18561339227601895,0.2637401563489699
972,0.0,0.360126646538293,0.7355837106514966,0.45486474093704654,0.38764377453170906
973,0.3921860547729243,0.0,0.09419835271938407,0.2991638579103171,0.19638706635065636
974,0.4457021186636139,0.26594809510309997,0.783068474585072,0.3755279853571487,0.4675616684272337
975,0.5174581734043376,0.8477209967792178,0.4397624177056656,0.18847083987099525,0.4983531069400541
976,0.0,0.5549739728443057,0.2592383065825838,0.4672366062408791,0.32036222141694215
977,0.33630417296279896,0.5895759630422418,0.7980131183328528,0.5178491489432429,0.5604356008202842
978,0.0,0.3013250377001807,0.2964194349853551,0.09391071031007606,0.17291379574890298
979,0.6160979360385723,0.8208258970072531,0.6709136306472626,0.14049491408269557,0.5620830944439459
980,0.423412694069714,0.0,0.5813408330930054,0.36077014266593954,0.34138091745716476
981,0.7029578895039382,0.2945855705431335,0.6220111678349856,0.5088881434129255,0.5321106928237458
982,0.0,0.27036869877563385,0.12678213017434756,0.3685915017843828,0.19143558268359107
983,0.4983186442948812,0.18859992010564003,0.26573139177272515,0.4632740186523704,0.35398099370640423
984,0.44004353583767825,0.4445937341119613,0.5962903136421306,0.3062989284741807,0.44680662801648774
985,0.0,0.03129755538435112,0.5795179758335633,0.24497487084899663,0.21394760051672776
986,0.18418336019604595,0.0,0.9357187729265729,0.6769507524412001,0.44921322139095476
987,0.0,0.31859575286324004,0.7131736238096555,0.5265604225001965,0.38958244979327306
988,0.6809489356560635,0.001300010209045492,0.09419835271938405,0.29916385791031724,0.2689027891237026
989,0.4334410779324019,0.653847404024294,0.12925370261225758,0.7519580015961088,0.49212504654126554
990,0.61811772560366,0.426522391649038,0.6527326262480664,0.4176675559235783,0.5287600748560857
991,0.6431255297884633,0.2833631847797807,0.37016635045653584,0.21882964075062547,0.37887117644385127
992,0.3407128068514028,0.5068875735872864,0.7918522803325282,0.5722595101534297,0.5529280427311618
993,0.0,0.0,0.0,0.0,0.0
994,0.0,0.5855599851584694,0.26934416647845255,0.3129278487303727,0.2919580000918237
995,0.45317377939229286,0.4803022696420131,0.16063858343076107,0.5516925246552447,0.4114517892800779
996,0.0,0.31859575286324004,0.7131736238096555,0.5265604225001965,0.38958244979327306
997,0.616097936038571,0.820825897007253,0.15683396597444982,0.3385400229045307,0.48307445548120115
998,0.30769179287254933,0.630138535721677,0.96082507600175,0.6669501243322996,0.641401382232069
999,0.4901192391760336,0.293218636781012,0.7830684745850711,0.3755279853571492,0.4854835839748165
1000,0.26864035482688836,0.6134612572182164,0.1283030382601191,0.6053100192733731,0.4039286673946493
