Num,Q_1,Q_2,Q_3,Q_4,Q_5,Average
1,0.9120355255290524,0.9473535863903408,1.0,0.47674679716597745,0.9493708732996213,0.8571013564769985
2,0.9955273406067375,1.0,0.31305808559655257,1.0,0.5113090279090985,0.7639788908224777
3,1.0,0.9402760857191439,1.0,1.0,1.0,0.9880552171438287
4,0.9761928844264387,0.753988664735952,1.0,0.47785314819915375,0.8781977297084039,0.8172464854139896
5,0.11669410879277255,0.12670459433071238,0.7876224437072618,1.0,1.0,0.6062042293661494
6,0.0,0.25668497038290905,0.7749626365962244,0.9351466138325046,0.756391883544115,0.5446372208711507
7,0.3098061023988053,0.9305914997341729,0.8135626678065335,1.0,0.7613022231721114,0.7630524986223246
8,1.0,1.0,1.0,0.6997625919004913,1.0,0.9399525183800982
9,1.0,0.7251957146665232,0.9412444032586345,1.0,0.8270401262140075,0.8986960488278329
10,0.8924096796208355,1.0,0.9994514943241808,0.8856141424509233,0.5981465310008732,0.8751243694793626
11,0.9767647959508926,1.0,0.7004907461263123,0.43137073001208065,0.9198864659167384,0.8057025476012049
12,0.9966359678708612,1.0,0.5952648364241975,1.0,1.0,0.9183801608590118
13,1.0,1.0,1.0,0.524584473521004,0.5973768421662672,0.8243922631374543
14,1.0,0.8730409724310537,0.5145510694338631,1.0,1.0,0.8775184083729833
15,1.0,0.9775737124973862,0.6496336839054789,1.0,0.3081068385046869,0.7870628469815104
16,0.7414908521112572,0.8413539003384941,0.9250068646737044,0.06921584631885691,0.4119211867785968,0.597797730044182
17,1.0,1.0,1.0,1.0,0.9691870961289007,0.9938374192257802
18,0.8608919350032671,0.5916374679511782,1.0,0.47955113015034667,0.5287180421026496,0.6921597150414882
19,0.4122539455576805,0.8869151452339435,1.0,0.9433197444029803,0.7132329418775885,0.7911443554144386
20,1.0,1.0,1.0,1.0,1.0,1.0
21,0.619948775841444,1.0,1.0,0.897450124849505,0.2944312535661735,0.7623660308514244
22,1.0,0.9510890541094883,1.0,0.2802319875625887,1.0,0.8462642083344154
23,1.0,0.7568193544898447,1.0,1.0,1.0,0.9513638708979689
24,0.8907618134260832,0.5392221156637637,0.7183609892347848,0.548203172322685,0.6217410135864886,0.6636578208467611
25,0.8690873740344499,0.9284590478270266,0.7479779894492616,0.982028505107106,0.9027297769466435,0.8860565386728976
26,1.0,0.860173819787057,1.0,1.0,0.4929972365467127,0.8706342112667539
27,0.9246883932230179,1.0,0.8765479622347269,0.06582069290924364,0.9730455998762123,0.7680205296486402
28,1.0,0.8224592602391543,0.6855796693186369,0.8887051994226265,0.882326007662126,0.8558140273285086
29,0.9669640133228578,0.8383768026851586,1.0,0.8844582011435207,1.0,0.9379598034303074
30,0.1403834617554984,0.8835335962559194,1.0,0.9672727491202097,0.43243490627135434,0.6847249426805964
31,1.0,1.0,0.33701577817573186,1.0,1.0,0.8674031556351464
32,0.9293136836599826,1.0,0.8109053408613737,0.362131531138808,1.0,0.8204701111320329
33,0.6821130868836139,0.6711125223293188,0.90498011017304,0.6772263340810347,1.0,0.7870864106934015
34,1.0,1.0,0.7109154161471226,0.9603721432700234,1.0,0.9342575118834292
35,1.0,1.0,1.0,1.0,1.0,1.0
36,0.0,0.312468863830187,0.49986162679511753,0.9351466138325046,0.756391883544115,0.5007737976003849
37,0.8608919350032671,0.5916374679511782,1.0,0.47955113015034667,0.5287180421026496,0.6921597150414882
38,1.0,0.13034892062919307,0.8760824211330628,1.0,0.6850924717813299,0.7383047627087171
39,0.8483361279506515,0.9689397122604912,0.6329610748715083,1.0,0.8139969703641372,0.8528467770893577
40,0.2693775718137107,0.34509661743479875,0.41411594092175846,0.15229638322684508,0.5828023931295739,0.35273778130533745
41,0.7474808358553205,0.4517410675627547,1.0,0.9667628640142456,0.8382883640642621,0.8008546262993166
42,0.8250855441398951,0.8450993262920014,0.1897431495079041,0.9430483892694833,0.17311461169439413,0.5952182041807357
43,0.5414367820299951,0.9001114266647514,0.3460604892204869,0.8586268367816413,0.5472741674809749,0.6387019404355699
44,0.5035547588126159,0.7236331090990443,0.9468856360359135,1.0,1.0,0.8348147007895147
45,0.2530554268141444,0.8732942265968473,0.9625293220974446,0.7539528285147405,0.9404865605526447,0.7566636729151643
46,1.0,1.0,1.0,0.9615529560292728,1.0,0.9923105912058545
47,1.0,1.0,1.0,1.0,0.943685928113316,0.9887371856226632
48,0.8715293063907062,0.8399207665724533,0.6003998751012914,0.3118340969250384,1.0,0.7247368089978978
49,0.39423736912122537,0.4874384473736176,0.5924933772075288,1.0,1.0,0.6948338387404743
50,0.6056785710270971,0.9734210298540075,0.3344142489553645,1.0,1.0,0.7827027699672938
51,0.40241064087815936,0.6137012678984524,0.5477715240140315,0.6479231168960425,0.866120352718783,0.6155853804810938
52,0.4786073617775492,0.7093714375957972,0.8394392985871235,0.23494745386162583,0.6560196151130449,0.583677033387028
53,0.6246900914714296,0.4944311816910981,1.0,0.9226892673088553,0.9111012557500259,0.7905823592442818
54,0.8206905659405667,0.8489395382894086,0.639280122892914,0.9216206791457389,0.8235931708545726,0.8108248154246402
55,1.0,1.0,1.0,1.0,0.4113709377747227,0.8822741875549445
56,0.4098259974536695,0.49560432112395214,0.670646415212158,0.3717035667654592,0.7117708701993543,0.5319102341509186
57,0.1386859841400884,0.822046171207078,0.5243430140584284,0.7025037005554994,0.25147928565979727,0.4878116311241783
58,0.9669297698545006,1.0,1.0,1.0,0.5492580673722589,0.9032375674453519
59,1.0,0.6693593478962788,1.0,1.0,0.8510548246499793,0.9040828345092515
60,0.44899267085456146,0.9657024460973711,0.9002516788572842,0.991312010900983,1.0,0.86125176134204
61,1.0,1.0,1.0,1.0,0.9615995124439451,0.992319902488789
62,0.7435215138364657,0.6725978592645928,0.14538984901640378,1.0,0.9664115967317313,0.7055841637698388
63,0.8579115004693354,0.6557066391106814,0.9141821495236341,0.6468368283582961,0.6770903480739934,0.750345493107188
64,0.45147322035987075,0.18961165680773154,0.7461964698999535,0.7389651970239276,1.0,0.6252493088182967
65,1.0,0.8804970825639719,1.0,0.9732401709271643,1.0,0.9707474506982272
66,0.8346917429165959,1.0,0.3578841302080213,0.8908037604733487,1.0,0.8166759267195932
67,0.6613591391010755,1.0,0.4119157621176345,0.9124103734222748,0.84423283690189,0.765983622308575
68,0.456513491147128,1.0,1.0,1.0,0.3550680841131466,0.7623163150520549
69,0.6377471936519374,0.6825788200330326,0.9449603297048931,0.3012863349029874,0.0,0.5133145356585701
70,0.5668045969898127,0.6193640903242884,0.9996796460204421,0.8398891277822782,0.993906446884708,0.8039287816003059
71,0.9162580462421013,0.4623291778246011,1.0,0.8231223806107841,1.0,0.8403419209354974
72,0.37788745829523884,0.38978766534796494,0.45748776678301767,0.34289322950963075,0.6043228381578163,0.43447579161873373
73,0.8957229063757847,1.0,0.647938895691117,0.4574844155756947,1.0,0.8002292435285193
74,0.5456258880856949,0.7139063138881993,0.7872510401137806,0.7411105812870026,0.986730903870671,0.7549249454490696
75,1.0,0.4979530836986398,1.0,0.97631657839735,0.9893121628380894,0.892716364986816
76,1.0,1.0,1.0,1.0,0.37393412080076094,0.8747868241601522
77,0.11872965901261151,0.0,0.17310649445759524,0.612493010191231,0.6308187819977292,0.3070295891318334
78,0.4342926835208618,1.0,0.8560240854291384,0.6655443147564003,0.5921216606457643,0.709596548870433
79,0.8486853513947973,0.48927694899054824,0.7706436796149463,0.8450341007448734,1.0,0.7907280161490331
80,0.9208486998985896,0.8873985795710614,1.0,0.972353042149668,1.0,0.9561200643238639
81,1.0,1.0,0.8675931449530524,0.9566171945818424,0.7527534563840848,0.9153927591837959
82,0.6138382770146181,0.1644970909657898,0.10062840513201055,0.6455653689248332,0.39925469334352803,0.3847567670761559
83,1.0,0.8151761199571224,1.0,0.9186543210500331,1.0,0.946766088201431
84,0.18592154736029481,0.17118551446315966,1.0,0.551210585671105,0.693837587899264,0.5204310470787646
85,1.0,0.8752744403617928,0.7810945701028862,0.46895583027134424,0.9088631550122549,0.8068375991496557
86,1.0,1.0,1.0,1.0,0.37595856307076625,0.8751917126141532
87,0.8250855441398951,0.8450993262920014,0.1897431495079041,0.9430483892694833,0.17311461169439413,0.5952182041807357
88,0.22214550980482733,1.0,1.0,0.9557874222838738,0.9688657358252667,0.8293597335827935
89,0.6297951866672491,0.7087681358004371,1.0,0.9937327091863736,0.9040055589885021,0.8472603181285123
90,0.40008830637826054,0.6935614812016998,0.5828266704562163,0.9474139003875439,1.0,0.7247780716847441
91,1.0,0.5269620050024867,0.553029997283326,0.4759768655627175,0.4185322107036857,0.5949002157104432
92,0.4421048199572731,0.2805322358872736,0.8029344869903345,0.6304358265788125,0.8475207965658309,0.6007056331959049
93,1.0,0.518318746461699,0.9548077406424815,1.0,1.0,0.8946252974208362
94,0.3269014845018207,0.8703189133544014,1.0,0.9403350481347384,0.8473674014803046,0.7969845694942531
95,0.6939813969092812,0.9204522986090258,1.0,0.703167725177424,0.5025220854378176,0.7640247012267097
96,1.0,1.0,1.0,0.43098741929201206,0.8216646561792538,0.8505304150942532
97,0.4662412784028591,1.0,1.0,0.8911034235798104,0.227591488646392,0.7169872381258123
98,0.8877541947459868,0.5540694721619148,0.183245712979343,0.46615957022113436,0.7140565668334209,0.56105710338836
99,0.46283552178737736,0.48308540096325636,0.9678842110754956,0.8611907316428984,1.0,0.7549991730938055
100,1.0,0.7136665038357924,0.9452423838082626,1.0,0.36146983933451754,0.8040757453957147
101,1.0,1.0,1.0,1.0,1.0,1.0
102,0.22873476257497014,0.17710399776813038,0.604352483822709,0.9164690730101744,0.7383441649342034,0.5330008964220375
103,0.6437668674001394,0.6987870978130654,0.5076196300373383,0.8128365380936938,1.0,0.7326020266688473
104,0.5581012979147536,0.527379550095519,0.8019839647083926,0.8330346625716393,0.6651530191065405,0.677130498879369
105,1.0,0.9459638949628387,1.0,1.0,1.0,0.9891927789925677
106,0.22769982775671088,0.6444196018004982,0.9957561944960758,1.0,0.2835914484888629,0.6302934145084296
107,1.0,0.8517474239469729,1.0,1.0,1.0,0.9703494847893946
108,0.8149589508366426,0.6099441259402256,0.715545378759996,0.6325114488950045,0.6796211489666635,0.6905162106797065
109,0.5209059671444877,1.0,0.9388511818407241,0.7433918382521397,0.4031339623526263,0.7212565899179955
110,1.0,1.0,1.0,0.817494280678208,1.0,0.9634988561356416
111,0.35661825261317703,0.7631285307268282,0.2984847488221243,0.18266224364564543,0.20785954486232894,0.3617506641340208
112,1.0,1.0,1.0,1.0,0.46638431290488813,0.8932768625809777
113,0.37257952856112253,1.0,1.0,0.6889695236811292,1.0,0.8123098104484503
114,0.8830094512663056,1.0,1.0,0.9822743574581483,0.9579153285098257,0.964639827446856
115,0.4466594418235937,0.8473001184892246,1.0,0.6478491514252422,0.853744397538928,0.7591106218553977
116,1.0,0.6516544756237835,1.0,1.0,0.949227470499008,0.9201763892245584
117,0.7998883736121314,0.5981346911926214,0.5827043349896263,0.8357716626502573,0.1709020613864407,0.5974802247662154
118,0.28437116235318877,1.0,1.0,1.0,1.0,0.8568742324706378
119,0.7414908521112572,0.8413539003384941,0.9250068646737044,0.06921584631885691,0.4119211867785968,0.597797730044182
120,1.0,0.42122570337961623,0.6603662437400343,0.4653880644986768,1.0,0.7093960023236655
121,0.7608231258721632,0.8820140939781225,1.0,0.6527718092021684,1.0,0.8591218058104907
122,0.28829910494173094,1.0,0.9428626676321394,1.0,1.0,0.846232354514774
123,0.006520958927682834,1.0,0.2187607072584566,0.6431528804855015,0.21556711271269458,0.41680033187686705
124,0.7778569701951698,1.0,0.3431196245510823,0.8425689600283176,1.0,0.7927091109549139
125,0.8450604466865831,0.6863891145559663,0.7773344000543672,1.0,1.0,0.8617567922593834
126,0.794457272676941,1.0,0.9614083596360151,1.0,0.8845069663633467,0.9280745197352605
127,0.7804192134571689,0.21817169171554585,0.7282648065307803,0.505318592101059,0.8720658327860433,0.6208480273181195
128,1.0,0.7392111879740774,1.0,0.712324139955115,1.0,0.8903070655858384
129,1.0,0.8224592602391543,0.6855796693186369,0.8887051994226265,0.882326007662126,0.8558140273285086
130,0.6806845690140747,0.17823365270718772,1.0,0.6580989978873153,0.964116826353594,0.6962268091924344
131,0.5215597587487357,0.5872210334568816,0.7735824730707843,0.8764492713614921,0.7194143627110196,0.6956453798697827
132,0.38944907031690756,0.921765813896643,0.4828174672262925,0.922551268514884,0.45690858466727347,0.6346984409244001
133,0.5224624513473956,0.7108439878136132,1.0,1.0,0.9017125423924843,0.8270037963106986
134,0.42338747811082167,1.0,0.8990093333743582,0.8169894949722043,0.7756057081299159,0.78299840291746
135,0.3908885051787419,0.860751336987532,0.5201902216197324,0.3697907233386432,0.5462437076224768,0.5375728989494253
136,1.0,0.9773577412928803,1.0,1.0,0.3766717011999668,0.8708058884985694
137,1.0,1.0,0.5922267020034427,0.834327812305238,1.0,0.8853109028617361
138,1.0,0.68795900535796,1.0,0.32608067150779446,0.9318852704800392,0.7891849894691587
139,0.8199786964672056,0.23952037405558746,1.0,0.9623334622656318,0.2678159602033286,0.6579296985983507
140,0.8099914469222784,0.737110619945088,0.2845382825939369,0.2713830100933989,1.0,0.6206046719109405
141,0.6514418466086337,1.0,1.0,0.7408870464065925,0.17167874423123786,0.7128015274492928
142,0.8082694078574009,0.5601952365543085,0.6140152062835421,0.764699818674154,0.619253728931726,0.6732866796602263
143,1.0,1.0,1.0,1.0,1.0,1.0
144,1.0,1.0,1.0,1.0,0.7966130193663682,0.9593226038732736
145,0.47162959918820246,0.37999595828304056,0.4024518414965392,0.0,0.7587964752310663,0.40257477483976967
146,1.0,0.7460196276247971,0.9561743340815206,1.0,0.9183485970002834,0.9241085117413202
147,1.0,1.0,1.0,1.0,1.0,1.0
148,0.6897323599146791,0.9450148146755699,0.991603585688405,0.4989526676560578,0.7987569701112224,0.7848120796091868
149,0.6502010697049067,1.0,1.0,0.8384366481298919,0.8820813960365146,0.8741438227742627
150,0.27821199379274836,1.0,0.7632963597787753,1.0,1.0,0.8083016707143047
151,1.0,0.824440043834616,0.6951026707102644,1.0,1.0,0.9039085429089762
152,0.0,0.0,0.0,0.0,0.0,0.0
153,0.129606665204546,0.7735721616748401,1.0,0.5561167100342456,0.7007650822977718,0.6320121238422807
154,0.6533958946033812,0.8255425547537987,0.8855103336239519,0.849868886462227,0.48789458314908535,0.7404424505184888
155,1.0,1.0,0.7954822759386262,0.9863878628789526,0.8861614214346466,0.9336063120504452
156,0.8813551590951809,0.6834629961739669,0.7688182452665515,1.0,0.45708731573720146,0.75814474325458
157,0.6166723974199197,0.6114850842911944,1.0,1.0,0.9964956151437584,0.8449306193709745
158,1.0,1.0,1.0,1.0,0.5594178385877651,0.9118835677175531
159,0.7819102161462448,0.6418534435857484,1.0,0.5422477295628496,0.568752002527311,0.7069526783644307
160,0.20641513867096767,1.0,1.0,1.0,0.978969140495891,0.8370768558333717
161,1.0,1.0,1.0,1.0,0.6886869177909687,0.9377373835581938
162,0.5364784311699174,1.0,0.41795916809040684,1.0,1.0,0.7908875198520648
163,0.5804110258648408,0.6650020154907023,0.9690681697425585,0.9362515116180272,0.7282903264591835,0.7758046098350626
164,1.0,0.6388847719816863,0.6261939899857699,1.0,1.0,0.8530157523934913
165,1.0,1.0,1.0,0.900935367090471,0.6242321274218053,0.9050334989024552
166,0.5717340341184759,0.9944225608946652,0.8324021151856378,0.8654958918773202,0.5829989465567,0.7694107097265598
167,0.8299953001158561,0.510860379580376,1.0,0.9872190020630953,0.8456551339919838,0.8347459631502622
168,0.37788745829523884,0.8812398056525147,0.8677451984175579,0.34289322950963075,0.6043228381578152,0.6148177060065514
169,0.9849034299560979,0.4621682919430224,1.0,0.14099699475162655,0.9585265367856757,0.7093190506872846
170,0.922570293288148,0.9490956088612048,0.7337754470351046,1.0,0.7007779219517158,0.8612438542272347
171,0.7070167234718041,0.7392111879740776,1.0,0.712324139955115,1.0,0.8317104102801993
172,0.3884410414271977,0.8461100825030127,1.0,0.8664292889123382,1.0,0.8201960825685097
173,0.9687200936377226,1.0,0.9591365346857711,0.9144911800999871,0.5452978856384701,0.8775291388123903
174,0.5114310164508955,0.5349544442378861,0.9466951802788565,0.5100021393945336,0.7854864164767439,0.6577138393677832
175,0.6044785824985902,1.0,1.0,0.7173872668104936,1.0,0.8643731698618169
176,0.6949235796454051,1.0,1.0,0.7892486777419566,1.0,0.8968344514774724
177,0.911863042095143,1.0,0.7805148245620241,0.8381348465904563,1.0,0.9061025426495247
178,1.0,0.7284779310740781,1.0,0.30835549317234,1.0,0.8073666848492836
179,0.9506031239045399,0.7479048102312296,0.8142641258449107,0.3697907233386439,0.5462437076224765,0.6857612981883601
180,0.6900975754436259,0.5029003013987982,0.8249378514681038,0.997989936222837,1.0,0.8031851329066729
181,0.5277962361667465,0.8682252078822087,0.7337754470351043,1.0,0.7007779219517161,0.7661149626071552
182,0.789938132273304,0.45125160468888204,1.0,1.0,0.7758116700299393,0.803400281398425
183,0.7541051280466622,0.8073259037918163,1.0,0.45120244553466576,1.0,0.802526695474629
184,0.7955480934132924,0.16069091212219228,0.19282909454663072,0.978098261636999,1.0,0.6254332723438228
185,0.6582134950343425,1.0,0.9023525822592704,1.0,0.8590849700811941,0.8839302094749615
186,1.0,0.7335649034398221,0.5711142018915999,1.0,0.9723640616325376,0.8554086333927919
187,1.0,1.0,1.0,1.0,1.0,1.0
188,1.0,1.0,1.0,0.6997625919004913,1.0,0.9399525183800982
189,0.7915644838409651,0.16600663518077652,0.36358175502772094,0.6098361847464069,0.9580024110926508,0.5777982939777041
190,0.5253192809873427,0.22620937342714167,0.07294897047966903,0.9475594026538853,0.5029559898611494,0.4549986034818376
191,0.49737571299838074,1.0,0.857636918566583,1.0,0.7584617496047432,0.8226948762339414
192,0.9236774107776746,1.0,1.0,1.0,1.0,0.984735482155535
193,0.8372613484412442,0.8255425547537996,0.4854734997789023,0.3568879170299417,0.4878945831490849,0.5986119806305945
194,0.697529759580623,1.0,1.0,0.37912563311986014,0.7601531112702673,0.7673617007941502
195,1.0,1.0,1.0,0.40344216295656526,0.38069596683489954,0.7568276259582929
196,0.9012564686840852,0.9868150330943751,0.8856585526740209,0.12997087508756047,0.41055782128321766,0.6628517501646518
197,1.0,0.6248141508452895,1.0,0.9547777396280874,0.2861322743740465,0.7731448329694846
198,0.9440457734214313,1.0,0.8141946614154019,1.0,0.6317410816293212,0.8779963032932308
199,0.8273747107366733,1.0,0.5171384641933066,1.0,0.45256594952459867,0.7594158248909157
200,0.8592746545654631,1.0,0.5764475815140798,0.9599597397703623,0.5621279747693296,0.791561990123847
201,1.0,1.0,1.0,1.0,0.6824561121694804,0.936491222433896
202,1.0,1.0,1.0,0.8574086447755946,0.5537771825060741,0.8822371654563337
203,0.31983098014716377,0.038239208217200754,0.7051350779464716,1.0,0.36513531033293806,0.4856681153287548
204,0.7547264821256423,1.0,1.0,1.0,0.5235359024857047,0.8556524769222694
205,0.47583517522673363,0.616486218256507,1.0,0.5582122024426666,1.0,0.7301067191851814
206,0.9608064758746029,0.5049732008880741,0.9086630057809216,0.6790350859552841,0.42932223199298924,0.6965600000983744
207,0.9049067294006206,0.8602476645765169,1.0,0.7522614505558323,0.45079838177208265,0.7936428452610105
208,0.06307986073249065,0.8489395382894086,0.4422879296275961,0.9216206791457449,0.8235931708545726,0.6199042357299626
209,0.768077048852219,0.9212730920197664,0.8851315550714508,0.8215144628445284,0.879603702087155,0.855119972175024
210,0.9991040772489974,0.8969376747935733,0.49789411087396734,0.8258200314150905,1.0,0.8439511788663256
211,0.851351332417101,0.42288738512955376,1.0,0.541722679931079,0.30765248173456655,0.62472277584246
212,1.0,1.0,1.0,1.0,0.6930075673347825,0.9386015134669565
213,0.17255700724490544,0.8869313284015952,0.8290978545610322,0.4427061303775313,0.6651583107301039,0.5992901262630336
214,1.0,1.0,0.8054456703643442,1.0,0.8811835011458448,0.9373258343020379
215,0.4505275192374568,0.9440675008375481,0.5325232276402605,0.10905178071443591,1.0,0.6072340056859403
216,1.0,0.9814323320568651,1.0,1.0,1.0,0.9962864664113731
217,1.0,1.0,0.7459638144982552,0.9405051272533919,1.0,0.9372937883503294
218,0.49305625746460113,0.9208128053589414,1.0,0.7295596211430783,1.0,0.828685736793324
219,1.0,0.6749298111810936,0.8932547570574029,1.0,0.5153688288334645,0.8167106794143921
220,1.0,1.0,0.5655888728101257,1.0,0.8542166497745731,0.8839611045169397
221,1.0,0.6018073321662099,0.47903201395863376,1.0,0.9017125423924843,0.7965103777034657
222,0.7444724487502319,0.1122130618053952,0.7781265836720452,0.9910449312119858,0.9975729352656472,0.7246859921410611
223,1.0,1.0,0.9853220719998729,1.0,0.9044341970410571,0.977951253808186
224,0.8690873740344499,0.48606554029972454,0.38562280408568406,0.5505149886631543,0.9027297769466429,0.6388040968059311
225,1.0,0.9567882766706388,0.8064370271740675,0.5300912075029791,0.8359818363366005,0.8258596695368571
226,1.0,0.5628220585732462,0.978955641345082,1.0,1.0,0.9083555399836657
227,0.9185158029230409,1.0,0.61974561340148,0.9069346787129032,1.0,0.8890392190074848
228,1.0,0.8331205019040747,1.0,0.9970906235136549,1.0,0.966042225083546
229,0.8828592726359056,0.9060461478555858,0.7812181458434072,0.691988669887994,0.5756117660854481,0.7675448004616682
230,0.7672403483118574,0.0,0.8962499849949076,0.5262396583634319,0.9594078425454741,0.6298275668431341
231,1.0,0.9883514206738757,0.8840311408696285,1.0,1.0,0.9744765123087008
232,0.8623687713976643,0.19951009996113842,0.7738181375892214,0.4673982044452258,0.7009901468444572,0.6008170720475414
233,0.887754194745987,0.6527047608161196,1.0,0.466159570221134,0.7140565668334207,0.7441350185233324
234,0.6570152537127747,0.3330144544879612,0.7138299507948828,0.7287545729671259,0.7002987746597314,0.6265826013244952
235,0.5965161993722241,1.0,1.0,0.4194345841701712,1.0,0.8031901567084792
236,0.48845805630754074,0.9295722624496834,0.59451481688642,0.619876478273652,0.9394814189950668,0.7143806065824726
237,0.8454112268264827,0.20313496759965707,0.8783093850123838,0.5313279339199178,0.9121318085224479,0.6740630643761779
238,0.952532637931361,0.7455117973465445,0.2114202539686874,1.0,0.8884185482860368,0.759576647506526
239,1.0,0.9967376310132823,0.5180065203058328,1.0,0.7612465336308952,0.8551981369900019
240,1.0,1.0,0.7612096539533932,1.0,0.8458198664238982,0.9214059040754583
241,1.0,0.9959022440284043,0.7416703946989367,1.0,0.47868805398994474,0.843252138543457
242,1.0,1.0,0.9392501976915137,0.6698160184872031,1.0,0.9218132432357434
243,0.7819102161462448,0.6418534435857484,1.0,0.5422477295628496,0.568752002527311,0.7069526783644307
244,0.844966645144898,0.8977682861376901,0.0,0.8018458145017854,0.9439247869066169,0.6977011065381981
245,0.9085859902421078,0.38509744348194747,0.7611638413868207,1.0,0.9798629229903992,0.8069420396202551
246,1.0,0.9790111256714714,0.9601812274786633,1.0,1.0,0.987838470630027
247,0.4216967831974688,1.0,0.7302551905725396,1.0,0.8063646537767782,0.7916633255093573
248,0.9003810562604675,1.0,0.3110642041167752,0.521477474924234,1.0,0.7465845470602954
249,0.9162863238826935,0.676820254588351,0.9050718133699298,1.0,0.5117152334972326,0.8019787250676413
250,0.9812146126664156,0.4971847521983111,0.5734968812575455,1.0,0.4145580238090129,0.693290853986257
251,0.15987191069455858,0.22109426671819377,0.7168135249326074,0.5365672218190931,0.9610605847912742,0.5190815017911454
252,0.0,0.8453743771646215,0.7629103871948447,0.993230858350984,0.8320948048909693,0.686722085520284
253,0.3502267416104409,0.16414591741877502,0.17010120803901574,0.7858092009814971,0.8231644366975727,0.45868950094946026
254,0.6745457060526386,0.5464369583756672,1.0,0.41454031926994384,0.6175208757321193,0.6506087718860739
255,0.9711971251525626,1.0,1.0,1.0,0.9532021282796792,0.9848798506864483
256,0.8014280707006826,0.7739110418297428,0.44955436221093464,0.6070677632919917,0.16784060969964623,0.5599603695465996
257,0.8268867082212709,0.77859377892716,0.9432597115003355,0.622820994964997,0.6590481468315165,0.766121868089056
258,0.4707746096608433,1.0,1.0,0.6059354869372668,1.0,0.815342019319622
259,1.0,1.0,1.0,0.9508600838024104,0.460111520851828,0.8821943209308477
260,0.6310030298751078,0.23617196189243084,0.026799643957001185,0.7256704328845965,1.0,0.5239290137218273
261,0.5070924309768502,0.4161010416390119,0.5950650678332275,1.0,1.0,0.7036517080898179
262,0.706837349259862,1.0,0.8814811443687128,1.0,0.9731971612624346,0.9123031309782019
263,1.0,0.7581307598884933,1.0,1.0,0.9070339761173098,0.9330329472011606
264,0.6328260822656734,0.8721465894583496,1.0,0.8925837330248128,0.9763706348035308,0.8747854079104733
265,0.5550367029542292,0.6485141534822145,0.303231007420533,1.0,0.7179018285636596,0.6449367384841272
266,0.7947704936413413,0.4432793525158405,0.061986268989773496,0.8349022462901543,1.0,0.6269876722874219
267,0.257356821380751,1.0,0.8560605226226805,0.6158730771324488,0.9150341785807677,0.7288649199433297
268,0.2936426773458902,0.8418095258371772,0.8451233732113386,0.38379437053476484,0.5543866337755703,0.5837513161409482
269,0.19018743013802125,0.29631781979129423,0.09335170402305776,0.7240147228420769,0.6168581127178114,0.3841459579024523
270,0.7069155277182729,0.7179393289717886,0.7800873481433193,0.9388126686722252,0.9598930667001011,0.8207295880411414
271,1.0,0.8730409724310537,0.5145510694338631,1.0,1.0,0.8775184083729833
272,0.6533958946033812,0.8255425547537987,0.8855103336239519,0.849868886462227,0.48789458314908535,0.7404424505184888
273,0.9918703415819811,1.0,0.32516754596468467,0.5640533795117673,1.0,0.7762182534116866
274,0.9058402641980438,0.39577745854917173,0.8290978545610311,0.12273471137243842,0.6651583107301039,0.5837217198821578
275,0.9000818670422823,1.0,0.9683795296837929,1.0,0.6887556670842087,0.9114434127620568
276,0.4159696608561272,0.9678423465535764,0.9479404627581131,0.6594978096656212,0.2647374191442347,0.6511975397955345
277,0.49768672498135136,0.5552686810819272,0.40502073588255777,0.9803983023389492,1.0,0.687674888856957
278,0.5648233154123632,0.8004095133593281,1.0,1.0,0.8486917090182912,0.8427849075579964
279,0.9655000891405404,0.8793165206285238,1.0,0.7470561790446189,0.5779875888851316,0.8339720755397628
280,1.0,0.828235750989916,0.860272117263158,1.0,0.7117663398159597,0.8800548416138068
281,0.8120936209949893,0.7569960779643586,1.0,1.0,0.7178787547597092,0.8573936907438113
282,0.5642393585570836,0.6411632725361147,1.0,0.2353580619753758,1.0,0.6881521386137148
283,1.0,0.842066204870823,1.0,1.0,0.9017125423924843,0.9487557494526614
284,0.6233259934109853,1.0,0.4360925436855345,0.662356396317523,0.293378060675005,0.6030305988178096
285,0.5657488341026705,0.152739498768222,0.9752044962512448,0.7699684333682983,0.4852012991162535,0.5897725123213379
286,1.0,0.9823675572964351,0.9500908437157526,1.0,0.7132621587329723,0.929144111949032
287,0.4098259974536695,0.49560432112395214,0.670646415212158,0.3717035667654592,0.7117708701993543,0.5319102341509186
288,0.8992649211192152,0.11229573049004622,1.0,0.23799146605021324,0.7194660170801055,0.593803626947916
289,0.7687104194088666,1.0,0.09633830920366904,0.4960194056834776,0.28184345361811797,0.5285823175828263
290,0.625301894369397,0.2374465935170873,0.8564464279311812,0.6155849451378151,0.9202889241796288,0.6510137570270219
291,0.5284168483192738,0.6284455562411563,0.09663376972019633,0.7215406894612088,0.5562961550753224,0.5062666037634316
292,0.7692890331335572,0.2744818507920285,1.0,0.9806576034016282,0.7411342437301573,0.7531125462114743
293,0.8106090755863449,0.18404200846348062,1.0,1.0,1.0,0.7989302168099651
294,0.968136941282098,0.42835089396897713,0.8977932984915568,0.3819586669654628,1.0,0.735247960141619
295,1.0,1.0,1.0,1.0,1.0,1.0
296,0.6583752952186206,0.8886891677523615,0.6576918502027764,0.9479666534635509,0.959812007488909,0.8225069948252438
297,0.37788745829523884,0.8812398056525147,0.8677451984175579,0.34289322950963075,0.6043228381578152,0.6148177060065514
298,0.9317957129254392,0.6402715122366639,1.0,0.6384117922497847,0.26322795533425813,0.6947413945492291
299,0.9071200665800889,0.9869367010291535,0.8994587019099853,0.9183954961092892,0.4031572848314356,0.8230136500919905
300,0.8017488142039291,1.0,0.9229164903791742,1.0,0.1561197962745192,0.7761570201715245
301,1.0,0.7535005946662422,1.0,1.0,0.8811409111239288,0.9269283011580342
302,0.9015012492352115,1.0,1.0,0.7861516198706292,1.0,0.9375305738211683
303,0.9293136836599826,1.0,0.8109053408613737,0.362131531138808,1.0,0.8204701111320329
304,0.06307986073249065,0.8489395382894086,0.4422879296275961,0.9216206791457449,0.8235931708545726,0.6199042357299626
305,0.7834319760313835,1.0,1.0,0.7705338853179847,0.2967680074397669,0.7701467737578269
306,1.0,1.0,1.0,1.0,1.0,1.0
307,0.9761928844264387,0.753988664735952,1.0,0.47785314819915375,0.8781977297084039,0.8172464854139896
308,1.0,1.0,0.1695018901058576,1.0,0.8619834205037904,0.8062970621219296
309,1.0,1.0,1.0,1.0,0.9841483372159274,0.9968296674431855
310,0.8361744683669122,0.3067996863050674,1.0,0.9823785854978174,0.7132506607742779,0.767720680188815
311,0.7450210872131638,1.0,1.0,0.8423680076723181,0.8043251469371643,0.8783428483645291
312,1.0,0.9967376310132823,0.5180065203058328,1.0,0.7612465336308952,0.8551981369900019
313,0.8593224515916715,1.0,1.0,1.0,1.0,0.9718644903183342
314,0.1733723335413987,0.7245502464223781,0.9626347518284745,0.7099794332122983,0.3719377338808572,0.5884948997770814
315,0.6922802651158634,1.0,0.772882555621805,1.0,1.0,0.8930325641475336
316,0.8816881291809993,0.9960082177908114,0.550205378671569,0.8282222407209558,0.7968685449185551,0.810598502256578
317,0.874066087918636,0.9520405264575915,0.7856734081750957,0.9294400886269012,0.6352205208266792,0.8352881264009806
318,1.0,0.7508403902814181,0.682915262825306,1.0,0.6453612893346394,0.8158233884882726
319,1.0,0.6264470920741404,1.0,1.0,1.0,0.9252894184148281
320,0.852771616636424,0.5662954840123932,0.6904440668215239,0.5876568249075254,1.0,0.7394335984755733
321,0.8486853513947973,0.48927694899054824,0.7706436796149463,0.8450341007448734,1.0,0.7907280161490331
322,0.3744738902380771,1.0,1.0,1.0,0.7241190834878909,0.8197185947451937
323,1.0,0.9955650165708837,1.0,1.0,1.0,0.9991130033141769
324,0.5305512935030847,0.4932002589582485,1.0,1.0,0.8875266675901691,0.7822556440103006
325,1.0,1.0,1.0,0.593910250112953,1.0,0.9187820500225905
326,1.0,0.5655918482747005,0.7115687157494707,1.0,1.0,0.8554321128048343
327,0.3548709948670178,0.7112405667963096,1.0,0.6839573331264189,0.717532239731367,0.6935202269042227
328,0.5018083877210197,0.5457465770010812,1.0,0.9300570791908793,0.08935017337667514,0.6133924434579311
329,1.0,1.0,1.0,1.0,0.9334504571943093,0.9866900914388619
330,0.497823070230393,0.8055615760664594,1.0,0.774112644122823,0.5131253070281054,0.7181245194895561
331,1.0,0.6876617969920604,0.46346222864734304,0.32012318763734865,1.0,0.6942494426553504
332,1.0,0.5085439196884862,0.509163189676346,0.8421441931505622,1.0,0.7719702605030789
333,1.0,0.4791594264194785,0.7202809392648957,1.0,0.9660279660624826,0.8330936663493714
334,1.0,0.7016897743647204,0.5011126321047643,1.0,1.0,0.8405604812938969
335,0.8003587478033366,1.0,0.6543743717723907,0.9629485738064326,0.7738928950915323,0.8383149176947384
336,0.9527444950689181,0.5065710831153624,1.0,0.5353627647733523,0.923237749782029,0.7835832185479324
337,0.7000768986565024,1.0,1.0,1.0,0.9964956151437584,0.9393145027600521
338,0.6736608943660737,0.7169886390896223,1.0,1.0,1.0,0.8781299066911391
339,1.0,1.0,0.9995056951344374,0.9045169538236753,0.8738425447751761,0.9555730387466577
340,0.9190496870163296,0.8893545291978269,0.2723537447948729,0.37048787406590566,0.5932237199444694,0.6088939110038809
341,0.7364372540100554,0.5814624821747966,0.4607127945308423,0.9007541006608185,0.6255511085374944,0.6609835479828015
342,0.8047891154349675,0.7806350028448081,0.06773565087628414,0.9385925381939102,1.0,0.718350461469994
343,0.48305152786616135,0.6674697376295056,0.804685658973307,1.0,1.0,0.7910413848937947
344,1.0,1.0,0.9227009671701794,1.0,0.9186999229388801,0.9682801780218119
345,0.7957784974010546,0.48577696605921855,1.0,0.9167196703476458,0.4584540065228897,0.7313458280661618
346,1.0,1.0,1.0,0.7973289382606201,1.0,0.959465787652124
347,0.9058402641980438,0.5346498417857231,0.8290978545610322,0.44270613037753204,0.6651583107301039,0.675490480330487
348,0.4279585281138082,1.0,0.8460208999106413,1.0,1.0,0.8547958856048898
349,0.08187639581441673,0.5094503810176364,0.0,0.7975471417065878,0.9812774097063849,0.47403026564900513
350,0.5581012979147536,0.527379550095519,0.8019839647083926,0.8330346625716393,0.6651530191065405,0.677130498879369
351,1.0,1.0,0.4526609119714553,0.9315938393559187,1.0,0.8768509502654748
352,0.8321741889078482,0.4271664462461416,1.0,0.6727159653175747,0.33336321614300995,0.6530839633229149
353,0.9389439306993235,0.3125488337029925,0.3855551714156624,0.4894655211269284,0.6770367251535537,0.5607100364196922
354,0.8128428148062199,1.0,0.6292739825886231,0.7737374629554424,0.5886392107388063,0.7608986942178184
355,0.765147686437768,0.9804718154852973,0.7209782004436934,0.7320042256330456,0.682243439227493,0.7761690734454595
356,1.0,1.0,1.0,0.5095003332412131,0.42400270340752155,0.7867006073297469
357,0.8189035390352596,0.8654404317862343,0.72073137955897,0.5907296499871938,0.737695141423235,0.7467000283581786
358,0.5550367029542292,0.7335686596303792,0.7449715272332003,1.0,0.7179018285636586,0.7502957436762935
359,0.8332099552140643,0.9286576377634318,1.0,0.7892486777419566,1.0,0.9102232541438905
360,0.545145802978755,0.49239231450853066,0.5651741304417609,0.9304501018799369,0.791309342176409,0.6648943383970785
361,0.5261902126534419,0.48499229394537435,0.6468859315546018,0.9674019302880117,0.9181358015446326,0.7087212339972124
362,0.6484581870732641,0.5930311531614985,1.0,0.8196069205097948,0.7118592436925912,0.7545911008874298
363,0.9074346997449724,1.0,1.0,0.6242932513180696,1.0,0.9063455902126083
364,0.715236918708212,0.15233325320907165,0.9291120431684419,0.4474746149548665,0.37885666357471404,0.5246026987230612
365,0.3777512277864772,0.8654891871803095,0.8691661282003577,0.8002334170276734,1.0,0.7825279920389636
366,1.0,1.0,1.0,1.0,0.36384422640462444,0.8727688452809248
367,0.27813753775050304,0.9366021928536005,0.5159484209495471,0.7068283693206534,1.0,0.6875033041748608
368,0.7380775047748407,0.8237476004371189,0.824702775506011,0.055442576388341214,0.6149909400485698,0.6113922794309763
369,0.9382402477427729,1.0,0.4377754854301319,1.0,1.0,0.8752031466345809
370,0.5581012979147536,0.527379550095519,0.8019839647083926,0.8330346625716393,0.6651530191065405,0.677130498879369
371,0.46170030376509985,1.0,1.0,0.7737426550296084,1.0,0.8470885917589417
372,0.497823070230393,0.8055615760664594,1.0,0.774112644122823,0.5131253070281054,0.7181245194895561
373,0.7380775047748407,0.8237476004371189,0.824702775506011,0.055442576388341214,0.6149909400485698,0.6113922794309763
374,0.1958522873289572,1.0,1.0,1.0,0.8177588674845673,0.8027222309627049
375,0.9562747027910754,1.0,0.8181568819939095,0.8992403649421913,0.6240249490975338,0.859539379764942
376,1.0,0.27557080469650574,1.0,0.18559055996432947,1.0,0.692232272932167
377,1.0,1.0,1.0,1.0,1.0,1.0
378,1.0,0.4100160333451626,0.6566565037510732,1.0,0.5918136659392541,0.731697240607098
379,1.0,0.7241764082988346,0.6666237100938333,0.993732709186374,0.9040055589885017,0.8577076773135086
380,0.8128428148062199,0.19106165215718615,0.632257627249328,0.7737374629554421,0.5886392107388078,0.5997077535813968
381,1.0,0.42122570337961623,0.6603662437400343,0.4653880644986768,1.0,0.7093960023236655
382,1.0,1.0,1.0,1.0,1.0,1.0
383,0.7628630039546083,0.7788936306087944,0.5087911324214428,0.6383643436274353,1.0,0.737782422122456
384,0.9748726477169856,0.4871968075934749,1.0,0.5220000278454593,0.5195538940848274,0.7007246754481494
385,0.37677664114003445,0.4395727479967068,0.505283124224063,0.6933393718207831,0.6831400642760747,0.5396223898915323
386,1.0,0.9747130596258823,0.348115818247397,0.9138897814266399,1.0,0.8473437318599839
387,1.0,1.0,0.8603364094146432,0.7613579103612933,0.9848500341014736,0.9213088707754821
388,1.0,1.0,1.0,0.8820709564266089,1.0,0.9764141912853217
389,0.47845122096317755,0.8410229111721205,0.0,0.2879571160579233,0.9404922726291204,0.5095847041644683
390,0.4929921980616759,0.5162620540586471,0.07938198101084565,0.09922747626355706,0.8458004638328379,0.4067328346455127
391,0.7647117755444152,0.622026518076399,0.02626240503673466,0.7068408717432082,0.9299421791111808,0.6099567499023875
392,1.0,0.6502395092892271,1.0,0.9449250343902439,1.0,0.9190329087358944
393,1.0,1.0,0.3498822524590714,1.0,1.0,0.8699764504918143
394,0.1828549746765789,0.0,1.0,0.9738424389206346,0.22766582579858513,0.47687264787915973
395,0.978796955152572,0.11807978633460378,0.9082223587794993,1.0,0.8723976317853345,0.775499346410402
396,1.0,1.0,1.0,0.9510286317994254,0.938216200010171,0.9778489663619192
397,1.0,1.0,1.0,0.9230496032787484,1.0,0.9846099206557497
398,0.4250502969958211,0.5572242979960761,1.0,0.9375145663375215,0.6071426589404181,0.7053863640539675
399,0.7743969696176825,1.0,1.0,0.7468159941166322,0.7674446234274195,0.8577315174323468
400,0.9425539199921743,0.8297093962904544,1.0,0.6750623729486948,0.6515224108321961,0.8197696200127039
401,1.0,0.5437740343259496,1.0,1.0,0.8103281689014863,0.8708204406454871
402,1.0,0.5316842736449913,0.6974469293465918,0.4022687723384405,1.0,0.7262799950660048
403,0.4389822712370583,0.958502117017751,0.9950864052737826,0.4656696983987267,0.848410111142188,0.7413301206139012
404,0.2367441396290669,0.2762014962339114,0.7561716896468992,1.0,0.6980301026282191,0.5934294856276192
405,0.6946512612767897,1.0,0.8248481010323113,0.7476497125869808,0.3286402350492809,0.7191578619890726
406,1.0,1.0,1.0,0.6460413746804206,1.0,0.929208274936084
407,0.8771158095222131,1.0,0.5563223486002985,0.8606490818420062,0.8076696693986264,0.8203513818726288
408,0.9395561804112661,0.5961488771464766,0.6987133018024252,0.06584531569307754,0.6810528736436505,0.5962633097393792
409,0.9255076252471167,0.6632344617153167,1.0,0.8728994328982761,0.2816243347359087,0.7486531709193237
410,1.0,0.9909321442219052,1.0,1.0,1.0,0.9981864288443811
411,0.14848949981316772,0.9267538151178798,1.0,0.5353627647733523,0.923237749782029,0.7067687658972858
412,0.3641120799044232,0.8711639433434446,1.0,1.0,0.9070339761173101,0.8284619998730356
413,0.6035002731132294,0.2040854364018056,0.11166476429618294,0.6081236343728273,0.9770418259827177,0.5008831868333525
414,0.866708356861746,0.5711958359011828,0.26409121312473693,0.914020800242224,0.5072054356414828,0.6246443283542745
415,0.2599790587711442,1.0,1.0,0.8623373194758637,1.0,0.8244632756494015
416,0.9042618442572959,0.8120245299925279,1.0,0.859137992182755,0.6581485006860702,0.8467145734237299
417,0.7050868738414025,0.21567040125297018,0.6462797995650978,1.0,0.9734550673632252,0.7080984284045392
418,0.22968666783261857,0.8453618504001591,1.0,0.8395364307219119,1.0,0.7829169897909378
419,0.048914778857375725,0.061845787926924356,0.8909687684555236,1.0,0.9220698435305699,0.5847598357540786
420,0.1829636569385364,0.7574930873683712,0.9992315379543262,0.918888353151279,1.0,0.7717153270825026
421,0.9524055823431857,0.9290512213836402,1.0,0.8958613852328234,1.0,0.9554636377919298
422,0.34266897220675335,0.9837739825267906,0.8997911868209979,0.0,0.8619572178397041,0.6176382718788492
423,0.7889759475991807,1.0,1.0,0.8314304715264931,0.31078672219610287,0.7862386282643553
424,0.9496813772872464,0.4073038135605357,1.0,0.6478491514252422,0.853744397538928,0.7717157479623904
425,0.9582666681468113,0.7917330597060772,1.0,0.6315726091681064,0.9148924369071203,0.859292954785623
426,0.8189035390352596,0.8654404317862343,0.72073137955897,0.5907296499871938,0.737695141423235,0.7467000283581786
427,1.0,0.4904204772307038,1.0,0.9671987444787734,0.764252028867372,0.8443742501153698
428,0.12084620591138007,0.6446827593782974,0.16918468827593208,0.7174229209411327,1.0,0.5304273149013484
429,0.7999405989245268,1.0,1.0,0.8943781181533024,1.0,0.9388637434155658
430,1.0,0.7284779310740781,1.0,0.30835549317234,1.0,0.8073666848492836
431,0.8119989549048888,0.9127207827713253,0.43067222164328595,0.9373627839484339,0.7742207547033013,0.7733950995942471
432,1.0,1.0,0.8284023790372499,1.0,0.6041466669450123,0.8865098091964525
433,0.06536187042587016,0.9007434432001707,0.899280513571924,1.0,0.4145704588748113,0.6559912572145553
434,1.0,0.9567882766706388,0.8064370271740675,0.5300912075029791,0.8359818363366005,0.8258596695368571
435,0.3609694664213118,0.4346362511724306,0.3163023915391708,1.0,0.8557950806194842,0.5935406379504794
436,0.8082694078574009,0.5601952365543085,0.6140152062835421,0.764699818674154,0.619253728931726,0.6732866796602263
437,1.0,0.4181267127165508,1.0,0.3443745654345527,1.0,0.7525002556302207
438,0.752355050690554,1.0,1.0,0.41129298759696087,0.9065543441172481,0.8140404764809526
439,1.0,0.7581307598884933,1.0,1.0,0.9070339761173098,0.9330329472011606
440,0.9842235378091466,0.6810728830687511,1.0,0.7911028918929848,0.8007231610706446,0.8514244947683054
441,0.6830175686204707,0.7254305140678599,1.0,0.852350001598041,0.6313153184121503,0.7784226805397044
442,0.5219633259064768,1.0,0.941743415419455,1.0,1.0,0.8927413482651865
443,0.5664809007338488,0.6294467439804406,0.07189220435628058,1.0,0.5907277419975675,0.5717095182136276
444,1.0,0.7959728677962237,1.0,1.0,0.8551189010894219,0.9302183537771291
445,0.5642393585570836,0.6411632725361147,1.0,0.2353580619753758,1.0,0.6881521386137148
446,1.0,0.918060422360333,1.0,1.0,1.0,0.9836120844720666
447,0.7692890331335572,0.2744818507920285,1.0,0.9806576034016282,0.7411342437301573,0.7531125462114743
448,0.8014280707006826,0.7739110418297428,0.44955436221093464,0.6070677632919917,0.16784060969964623,0.5599603695465996
449,0.4519800312034397,1.0,0.35466531105436905,0.7054658245950253,0.935510815376071,0.689524396445781
450,1.0,1.0,1.0,1.0,1.0,1.0
451,1.0,1.0,1.0,0.7477690552200074,0.41787834193742285,0.8331294794314861
452,0.6927294926312135,0.7945676411617609,0.8878069425235313,1.0,1.0,0.8750208152633011
453,1.0,0.6327279830171828,0.8460208999106413,1.0,1.0,0.8957497765855649
454,0.5988023943636028,1.0,1.0,1.0,0.543942358078024,0.8285489504883253
455,0.0,0.3842957227645834,0.5242039201093085,0.9722505578478058,0.6397244822173379,0.5040949365878071
456,0.12084620591138007,0.6446827593782974,0.16918468827593208,0.7174229209411327,1.0,0.5304273149013484
457,0.8189035390352596,0.8654404317862343,0.72073137955897,0.5907296499871938,0.737695141423235,0.7467000283581786
458,0.8565238173378646,0.2302076433467355,0.9345971590811455,0.20315208359938594,0.22270369762610553,0.48943688019824744
459,0.7238387200026509,1.0,1.0,1.0,0.9668723308173602,0.9381422101640023
460,0.8421185245762718,0.46159473101695797,0.0,0.46539256992019856,0.9808110966874305,0.5499833844401718
461,0.3650385966519022,0.8367056895537004,0.2392775524378965,1.0,1.0,0.6882043677286998
462,0.647284529200959,0.9918791273444038,0.954888231415798,1.0,0.3752430597114049,0.7938589895345132
463,0.26216430728976947,1.0,1.0,1.0,1.0,0.8524328614579538
464,1.0,1.0,1.0,1.0,0.7308872591909442,0.9461774518381889
465,0.8006941932443893,0.49873110883312444,1.0,1.0,0.8476601517767519,0.829417090770853
466,1.0,1.0,1.0,1.0,1.0,1.0
467,0.9236789501103335,0.3365480418544722,1.0,0.6365586865531032,1.0,0.7793571357035818
468,0.7036775753838924,0.8608722929343019,1.0,0.824851855067543,1.0,0.8778803446771475
469,1.0,0.8554371091831108,1.0,1.0,1.0,0.9710874218366221
470,0.4274210298083004,0.39442172468619613,0.7687021022161841,0.6111498541272248,0.7323609842188018,0.5868111390113414
471,0.6698540204255733,0.5344240569215691,1.0,1.0,0.5399976857069463,0.7488551526108178
472,0.47805003922037076,0.7641516209578239,0.8846924218042109,0.7283760610137648,0.6930281368460095,0.709659655968436
473,0.6566408955648563,0.6782259626450062,1.0,0.9869944764378636,0.9367138247808525,0.8517150318857156
474,1.0,0.7858142913539645,0.4784283785071822,1.0,0.46124782872232994,0.7450980997166954
475,0.5642087412642954,0.5839703748261258,0.8836279636095173,0.6290004539350762,0.24942671786742066,0.5820468503004871
476,0.7454992868556015,0.7465473590953333,0.7785207225559306,1.0,0.9252989194748151,0.839173257596336
477,0.8817336169788825,1.0,0.2937308725272736,1.0,0.6392492829271151,0.7629427544866543
478,0.7443051669869345,0.09845179589703379,0.32267007536942727,0.9854070092718646,0.7508778555179678,0.5803423806086456
479,1.0,1.0,1.0,1.0,1.0,1.0
480,1.0,0.818917723172044,1.0,1.0,0.9162417225450081,0.9470318891434104
481,1.0,0.5226584417551454,1.0,1.0,0.08806647000983414,0.7221449823529958
482,0.3944714147076189,0.02279431669779906,0.559018679967552,0.6110051849905938,0.8880044649298732,0.49505881225868736
483,1.0,1.0,0.15840853304932512,0.1980106663116564,1.0,0.6712838398721963
484,0.0,1.0,1.0,1.0,0.7026340151975339,0.7405268030395067
485,1.0,1.0,0.4872582201819675,1.0,0.9106467200576005,0.8795809880479137
486,0.1162080347966598,0.9796309623880837,0.9626912487153239,1.0,0.8831880395367321,0.78834365708736
487,1.0,1.0,1.0,1.0,0.7104699316719768,0.9420939863343953
488,0.6864211737268181,0.5013198663256421,0.5600040719669724,0.707004097965828,0.6886952469473749,0.6286888913865271
489,0.25305542681414483,0.8732942265968477,1.0,0.7539528285147402,0.9404865605526447,0.7641578084956755
490,0.5392888825309524,0.8466868866916476,0.5124806232878711,0.8292011391806664,0.5384380708625812,0.6532191205107438
491,0.6414180868402204,0.43369873729019276,0.460706606266702,0.5724545519039544,0.4813497887199208,0.5179255542041981
492,0.6314275219960254,0.953815767338546,0.7496710533984541,0.21772683232642015,1.0,0.7105282350118891
493,0.9956628872692036,1.0,0.9853200008986653,1.0,0.9044341970410567,0.9770834170417851
494,1.0,0.7105731248847946,1.0,1.0,0.7055642630055798,0.883227477578075
495,0.8473205973404943,0.7347899107644399,0.5364464285945031,0.9885756467602385,1.0,0.8214265166919352
496,1.0,0.44997739816260757,0.6965643161154778,1.0,0.8401883240050416,0.7973460076566254
497,1.0,0.6629271893733836,1.0,0.8133093433798083,0.2922085842866714,0.7536890234079727
498,1.0,1.0,0.3700128435891409,1.0,1.0,0.8740025687178281
499,1.0,0.8527950195564636,1.0,1.0,0.7326298197063622,0.9170849678525652
500,1.0,1.0,0.617265236748162,0.536858841699948,1.0,0.830824815689622
501,0.9986734650358823,0.43661009065579565,1.0,0.9943975523111483,1.0,0.8859362216005652
502,0.9294850166922393,0.9127110346549778,0.48248637862792654,0.8717567155026029,1.0,0.8392878290955494
503,0.9743549991796846,0.38803443267104676,0.9272119437752115,0.20104221031293448,0.3607730949205505,0.5702833361718855
504,0.29928917758865353,0.9247175443258676,1.0,1.0,1.0,0.8448013443829042
505,0.6641255815010763,1.0,0.7967788706990941,1.0,1.0,0.892180890440034
506,0.9059102442935433,0.8691697457699833,1.0,0.6741744654458972,1.0,0.8898508911018848
507,0.8806110429390167,0.33498663725699335,0.609642896707381,0.8330346625716393,0.66515301910654,0.664685651716314
508,1.0,1.0,0.6366160842644814,0.39744519443982246,1.0,0.8068122557408607
509,1.0,0.8858594105787923,0.43530275505465565,0.7700503746269824,1.0,0.8182425080520861
510,0.7701654639485145,0.7917601208608488,0.7705034107440897,1.0,0.7254186909933044,0.8115695373093514
511,0.4421216349204356,0.48308540096325636,1.0,0.8611907316428984,1.0,0.7572795535053181
512,0.6388552195556544,0.7592886843695457,0.5477715240140321,0.647923116896045,0.8661203527187842,0.6919917795108124
513,0.6751025487892213,0.26869933697694476,0.8876840821909118,1.0,1.0,0.7662971935914156
514,1.0,1.0,1.0,1.0,1.0,1.0
515,0.8828592726359061,0.9060461478555858,0.7812181458434064,0.5015349957610844,0.5756117660854474,0.7294540656362861
516,0.8372613484412447,0.8255425547537991,0.8855103336239519,0.849868886462227,0.48789458314908535,0.7772155412860616
517,0.6702452661936331,0.3610904222373137,0.824702775506011,0.055442576388341214,0.6149909400485705,0.5052943960747739
518,1.0,0.7015377258331098,1.0,1.0,0.856703474424696,0.9116482400515611
519,0.9593266802007183,1.0,1.0,0.9953068774582003,1.0,0.9909267115317837
520,1.0,0.6211137896795093,1.0,0.6005393305389382,1.0,0.8443306240436895
521,0.8924096796208355,1.0,0.9994514943241808,0.8856141424509233,0.5981465310008732,0.8751243694793626
522,0.5288328319791625,0.5663036464186462,0.16818145367197612,0.6859084854977052,0.4813497887199208,0.4861152412574821
523,0.8978463598891538,0.9590492427309821,0.7021331916435358,0.6884700738751095,1.0,0.8494997736277563
524,1.0,1.0,1.0,1.0,1.0,1.0
525,0.5547478464826923,1.0,0.5671113816582868,0.9381671449986752,1.0,0.8120052746279309
526,0.1403157855732727,0.48163745755604914,1.0,1.0,1.0,0.7243906486258644
527,1.0,0.9136049984981108,0.857636918566583,1.0,0.7584617496047432,0.9059407333338875
528,0.7850455124086098,1.0,1.0,0.7641785165898767,0.8782615927652074,0.885497124352739
529,0.9749311173124956,0.8525001584031754,0.918783912137674,0.9636158812454634,1.0,0.9419662138197615
530,0.8326124493038642,0.8224678846651772,0.5102200124048145,1.0,0.7513456672195346,0.7833292027186781
531,0.7806056091631757,0.4958920131617912,1.0,0.9375145663375218,0.6071426589404181,0.7642309695205813
532,0.7066694983717197,0.6833089385930043,0.8037862939226089,0.24265486002306072,1.0,0.6872839181820788
533,1.0,0.8280239829816364,1.0,0.8986292432219157,1.0,0.9453306452407105
534,0.9071200665800889,0.9869367010291535,0.8994587019099853,0.9183954961092892,0.4031572848314356,0.8230136500919905
535,0.7474808358553205,0.4517410675627547,1.0,0.9667628640142456,0.8382883640642621,0.8008546262993166
536,1.0,0.9027019353075756,1.0,0.7982870508720544,0.3736213589105716,0.8149220690180403
537,1.0,1.0,1.0,1.0,1.0,1.0
538,0.8299953001158561,0.6959069291228124,1.0,0.987219002063095,0.8456551339919829,0.8717552730587492
539,1.0,1.0,1.0,1.0,1.0,1.0
540,1.0,0.4100160333451626,0.6566565037510732,1.0,0.5918136659392541,0.731697240607098
541,0.852771616636424,0.5662954840123932,0.6904440668215239,0.5876568249075254,1.0,0.7394335984755733
542,1.0,0.8058887057592469,0.9340312910663573,1.0,0.9564101879261095,0.9392660369503428
543,1.0,0.6624231811331196,0.6567152453199667,1.0,1.0,0.8638276852906174
544,0.9265342431738485,0.7886441923137716,0.8056427565265986,0.39658280448539046,0.17924227628565623,0.619329254557053
545,0.21268604652486575,0.8993561362619471,0.2157052140464033,0.5432327862024824,0.9500714224366621,0.5642103210944721
546,1.0,1.0,1.0,1.0,1.0,1.0
547,0.7963622181424782,0.6922341280017434,1.0,0.9846427161174525,1.0,0.8946478124523349
548,0.24381440344460645,0.42263766948341436,0.8418166280335206,0.45554584990087993,0.621703655823147,0.5171036413371137
549,1.0,1.0,1.0,1.0,1.0,1.0
550,1.0,0.021200185508517266,0.8407793091160756,1.0,0.41296607350174364,0.6549891136252672
551,0.26215395510386813,1.0,1.0,0.9412011733986222,0.6481435635046993,0.770299738401438
552,0.6256691239389339,0.4900780217303613,0.5950650678332275,1.0,1.0,0.7421624427005045
553,0.8472957188112187,0.30017694155516966,1.0,0.628063559406065,1.0,0.7551072439544907
554,0.8197481699336246,1.0,0.41522222701300016,1.0,0.9641065659302175,0.8398153925753684
555,1.0,1.0,0.6868864671328825,1.0,1.0,0.9373772934265766
556,1.0,1.0,0.48442098691999086,0.9874063349774383,1.0,0.8943654643794858
557,1.0,1.0,0.7786375892404301,0.7619533002226144,0.44458558781886337,0.7970352954563815
558,1.0,0.778084755811162,0.7709957880391005,1.0,1.0,0.9098161087700525
559,1.0,0.8832323800375186,0.9180188153087023,1.0,0.6774197000534097,0.895734179079926
560,1.0,1.0,0.9172489697529453,1.0,0.9873409709008905,0.980917988130767
561,0.9120355255290524,0.9473535863903408,1.0,0.47674679716597745,0.9493708732996213,0.8571013564769985
562,0.8830094512663056,0.746116233290064,0.8363944820287086,0.9822743574581483,0.9579153285098257,0.8811419705106104
563,0.6736768338595206,1.0,1.0,1.0,1.0,0.934735366771904
564,0.6288870413592016,0.8428616890916716,0.5053104916224016,0.17068048870860236,0.6862174399632262,0.5667914301490207
565,0.9846834318218303,0.7489164272640683,1.0,0.8974501248495054,0.2944312535661735,0.7850962475003154
566,1.0,0.9567882766706388,0.8064370271740675,0.5300912075029791,0.8359818363366005,0.8258596695368571
567,0.0,0.22902715595765807,0.7153755131749675,0.6030128822262346,0.23941202084802166,0.35736551444137643
568,0.7361370022706806,0.27654119297816315,1.0,0.6777123765895047,1.0,0.7380781143676697
569,0.8698913746931104,1.0,0.5760402693567646,0.7696315674338231,0.7729147517546403,0.7976955926476677
570,1.0,0.45104213313443414,0.31321393670097314,1.0,1.0,0.7528512139670814
571,0.922570293288148,0.9490956088612048,0.7337754470351046,1.0,0.7007779219517158,0.8612438542272347
572,0.6428301397797995,0.6383350114235955,0.74787766836958,0.9298346550094103,1.0,0.7917754949164771
573,0.29853378707724826,0.9471846045695477,1.0,0.8037912490594092,1.0,0.809901928141241
574,0.768077048852219,0.9212730920197664,0.8851315550714508,0.8215144628445284,0.879603702087155,0.855119972175024
575,0.615976170410532,0.665235311721212,0.757746015512731,0.7409813036176738,1.0,0.7559877602524298
576,0.7168937164629576,0.7479623770348942,0.9205680469921453,0.6567295207997482,0.6976223857898564,0.7479552094159203
577,1.0,0.9318124662821868,0.6070764993226515,1.0,0.7883759312689841,0.8654529793747645
578,0.8048217724406681,0.0,0.7789146951975223,0.2895779258390999,1.0,0.5746628786954581
579,1.0,0.8639064627595163,0.9914787967776084,1.0,0.1909858044252713,0.8092742127924792
580,0.6634139408383275,1.0,0.8189452669666808,0.6810367633254462,1.0,0.8326791942260909
581,0.6967970999367431,1.0,1.0,1.0,1.0,0.9393594199873487
582,0.906171248526681,0.4428010542740934,1.0,1.0,0.6753761593514045,0.8048696924304359
583,1.0,1.0,0.4888659688967578,1.0,0.28020501391427693,0.7538141965622069
584,0.40272849143499295,0.9599710048359934,1.0,0.6959584400180919,0.6606575308971352,0.7438630934372427
585,1.0,1.0,0.5534557016919025,1.0,0.774387718750934,0.8655686840885674
586,0.837097201328068,1.0,1.0,0.6699085539977054,0.7621867121440526,0.8538384934939651
587,1.0,0.6824727716080949,1.0,1.0,1.0,0.9364945543216191
588,0.2894722213341038,0.43463625117243015,0.13147656880646702,1.0,0.8557950806194844,0.542276024386497
589,0.7241689202316636,1.0,0.3465338583258809,0.6783226951805464,0.8607247936970037,0.7219500534870189
590,0.6949345972326113,0.9359048245690786,1.0,0.798993553970191,1.0,0.885966595154376
591,1.0,0.9496893455826869,0.5269248767345791,0.8133093433798094,0.2922085842866714,0.7164264299967493
592,0.5192765395829059,1.0,0.7927700121821141,1.0,1.0,0.8624093103530039
593,1.0,1.0,0.9313081003523868,1.0,0.2815101282148099,0.8425636457134393
594,1.0,1.0,0.44798049626621206,1.0,0.5433471514679856,0.7982655295468395
595,0.5365277755290899,0.8320424008738513,1.0,0.3335859890097532,1.0,0.7404312330825389
596,1.0,0.5111383813107315,0.22634310352589282,0.31939913363348266,0.8901361567032392,0.5894033550346693
597,0.7265697710734543,0.31238753631227245,0.3944299244687591,0.8592607532665006,1.0,0.6585295970241972
598,0.025346539409289954,0.8501188158843749,1.0,0.0,0.32026417178481853,0.4391459054156967
599,0.7647117755444152,0.622026518076399,0.02626240503673466,0.7068408717432082,0.9299421791111808,0.6099567499023875
600,0.7894431494707652,0.9481074687434481,1.0,0.3397221408016347,1.0,0.8154545518031696
601,1.0,0.8402108255891714,0.894566594168062,0.030345422355075938,1.0,0.7530245684224618
602,1.0,1.0,1.0,1.0,0.32154793339467436,0.8643095866789349
603,0.1403157855732727,0.48163745755604914,1.0,1.0,1.0,0.7243906486258644
604,1.0,1.0,1.0,1.0,0.6093240240878685,0.9218648048175737
605,0.6294168972795029,0.5465897227276094,0.7838562367705282,1.0,1.0,0.7919725713555281
606,0.7806056091631757,0.49589201316179077,1.0,0.09341151187394203,0.8283167099763765,0.6396451688350571
607,0.7530976076034733,0.9871860544474291,0.6386975128474459,0.046289002461167954,0.8056569261315092,0.6461854206982051
608,0.7336125308434178,1.0,0.9793081620107044,0.8815128176101786,0.7527939085297954,0.8694454837988193
609,0.6638152857945692,1.0,1.0,0.7671554504554615,0.7782103567829319,0.8418362186065925
610,1.0,0.6807709887236922,1.0,1.0,0.7326298197063622,0.8826801616860109
611,1.0,0.7251957146665232,0.9412444032586345,1.0,0.8270401262140075,0.8986960488278329
612,0.42947668587467047,0.648510169232983,0.3771935560447204,0.8871049378017226,0.6991951003103061,0.6082960898528805
613,1.0,1.0,1.0,1.0,0.7346640331216269,0.9469328066243253
614,0.22818784834516828,0.6749560027474113,0.4460780231827169,0.4302086734799544,0.35709892970921114,0.42730589549289244
615,1.0,0.8832323800375186,0.9180188153087023,1.0,0.6774197000534097,0.895734179079926
616,0.6288870413592016,0.8428616890916711,0.505310491622401,0.2905032981612073,0.6869668161941654,0.5909058672857294
617,0.8310412750851566,0.9994654480705808,0.8911432609672509,0.9774319754584476,0.8343183501546272,0.9066800619472126
618,0.6813743066494966,0.3128057322764652,1.0,0.7409484653883974,1.0,0.7470257008628718
619,0.8303701959997628,1.0,1.0,1.0,1.0,0.9660740391999525
620,1.0,0.7826514528780996,0.3317966812744952,0.3987130234707991,0.34340836695767923,0.5713139049162146
621,0.33434290539097766,0.5852389144166681,1.0,0.884396598507727,0.8782012658778774,0.73643593683865
622,0.5081871695060208,1.0,0.12172901749064768,1.0,1.0,0.7259832373993337
623,1.0,1.0,1.0,1.0,0.10047697350630663,0.8200953947012612
624,1.0,1.0,1.0,1.0,1.0,1.0
625,0.645160796387641,0.7046993413838516,1.0,1.0,0.6329347460394114,0.7965589767621808
626,0.6949345972326113,0.9359048245690786,1.0,0.798993553970191,1.0,0.885966595154376
627,1.0,1.0,0.6556757821316935,0.9299612192897712,0.667463923149605,0.8506201849142141
628,0.6884868796373106,0.6080890605449937,1.0,1.0,0.7108401780221525,0.8014832236408914
629,0.5037004668534892,0.45549179830942876,0.5565039282261877,0.4781111611510312,0.604763065308218,0.519714083969671
630,0.8918328856916548,0.21723831788718434,1.0,1.0,1.0,0.8218142407157678
631,1.0,1.0,1.0,0.6245277791087472,1.0,0.9249055558217496
632,1.0,0.9988675401243023,1.0,1.0,1.0,0.9997735080248604
633,0.3552240597086387,0.31568862021501787,0.12410212642777751,0.2388037826411681,0.740592092507663,0.35488213630005305
634,1.0,1.0,0.5197621933855808,1.0,0.4217607637645282,0.7883045914300219
635,0.4878368889577081,0.23860059940908201,0.7419519634498164,0.31586716007805626,0.6961626893123486,0.4960838602414023
636,1.0,1.0,0.4526609119714553,0.9315938393559187,1.0,0.8768509502654748
637,0.4016879613892894,0.07229498531369088,0.0,0.5130026403209318,0.6511628139669795,0.32762968019817834
638,1.0,1.0,1.0,1.0,0.8828799703667047,0.9765759940733411
639,0.5591329198371862,0.8260288211790382,0.9881776364461039,0.9231319527556205,1.0,0.8592942660435898
640,0.6450692532893333,0.5228022233036275,0.6971838088797233,0.9969780505146014,0.7508770617142713,0.7225820795403113
641,1.0,1.0,0.6303149590284159,1.0,0.9464892431508327,0.9153608404358498
642,0.16678491160040348,0.5182864942221463,1.0,1.0,0.8227091832991172,0.7015561178243334
643,1.0,1.0,1.0,1.0,1.0,1.0
644,0.12953929318509083,0.1511291753826046,0.0,0.9140902056555442,0.705755853082347,0.3801029054611173
645,0.7937486462368911,0.4260400872763734,0.14322696299025717,0.661506863697726,1.0,0.6049045120402495
646,1.0,0.7846444674082891,0.8440430558987152,1.0,0.7867025465822628,0.8830780139778535
647,0.7734482620307733,1.0,0.9807703402691115,0.6259827033177003,1.0,0.876040261123517
648,0.8051079652227845,0.9460748698053454,0.8588714933204794,0.8686235965135297,0.14381919098721507,0.7244994231698707
649,0.9830044688634163,0.6878701545863448,0.8980130865168523,1.0,1.0,0.9137775419933227
650,0.8503383712375148,0.9578444014500194,0.9907250635323556,1.0,0.9944796397932801,0.9586774952026339
651,0.18969321963775693,0.694392341536416,1.0,1.0,0.8133437165743036,0.7394858555496953
652,0.4087765007067705,0.6063450533931907,1.0,0.389307239160167,0.7329351137586311,0.6274727814037518
653,1.0,0.6886192529382438,1.0,0.31939913363348266,0.8901361567032392,0.7796309086549932
654,0.7398064387101403,0.7767027602330561,1.0,0.840768920497509,1.0,0.871455623888141
655,0.0,0.12189302937600603,0.5310108178042267,0.7896167230453456,0.7116397358901134,0.4308320612231384
656,1.0,0.8474394299105542,1.0,0.954215263473999,1.0,0.9603309386769107
657,0.5970431518984799,0.221326520411054,0.6258008171226942,0.6473317706597275,0.2169252000673051,0.46168549203185216
658,0.8421929019242208,1.0,1.0,0.7911289790760615,0.6477476367379625,0.8562139035476489
659,1.0,0.4540935181803004,1.0,1.0,0.7888941118120814,0.8485975259984763
660,0.3938043461002685,0.9378876236524993,1.0,1.0,0.8348370970345588,0.8333058133574653
661,0.9546662169213693,0.9604232109299583,1.0,1.0,1.0,0.9830178855702656
662,0.5873327606229926,0.3350647046496407,1.0,1.0,1.0,0.7844794930545266
663,0.9812429530366801,1.0,0.7763058278928342,0.5155735983830367,1.0,0.8546244758625102
664,0.36319625565882685,0.6458432725143226,0.379113444366542,0.3461801371221035,0.9675769842987639,0.5403820187921118
665,0.6328290848632963,0.8721538008010027,1.0,0.8925817770849397,0.9763690642949493,0.8747867454088375
666,0.1851067895330772,0.35216021267165715,0.3943505770268721,1.0,1.0,0.5863235158463213
667,1.0,1.0,1.0,1.0,0.4418441426247965,0.8883688285249592
668,0.786251979367091,0.8656129291402942,0.49907104510357736,0.5213672385346255,0.9012689415125843,0.7147144267316344
669,0.9582666681468105,0.691065518135943,0.6004861427636055,0.631572609168107,0.9148924369071203,0.7592566750243173
670,1.0,1.0,1.0,0.7142097970608238,1.0,0.9428419594121648
671,0.7608231258721623,1.0,0.41798903229914613,0.5333409917749835,1.0,0.7424306299892584
672,0.40504746207935405,0.7071573967586393,1.0,1.0,0.9564101879261095,0.8137230093528206
673,0.175233101341425,0.8667456525343252,1.0,1.0,0.7710254963464079,0.7626008500444316
674,0.9008177382866148,0.2534379084376368,0.834764611733948,0.915770658437914,0.474465453021522,0.6758512739835271
675,0.7575967434814622,1.0,0.035328612782885294,0.7253971505462794,1.0,0.7036645013621253
676,0.9307381900861592,1.0,0.6670445083252219,0.8768959163253897,0.6511377768551608,0.8251632783183862
677,0.8906917283411678,1.0,1.0,1.0,0.5226902513013748,0.8826763959285084
678,0.9574871222914471,0.6921179983824619,0.5996071409071637,0.5587877498653258,0.7253584280015858,0.7066716878895968
679,1.0,0.8017228352821163,0.5400854135415741,1.0,0.9062237191939729,0.8496063936035327
680,0.9107380530345277,0.8608548459638488,0.9818429793757338,0.2645972828695895,0.6590553012416084,0.7354176924970617
681,1.0,0.954646943987153,1.0,0.9542152634739993,1.0,0.9817724414922304
682,1.0,1.0,0.9666458188680357,1.0,1.0,0.9933291637736072
683,1.0,0.7491726435982199,1.0,1.0,1.0,0.9498345287196439
684,0.6288870413592016,0.8428616890916711,0.505310491622401,0.2905032981612073,0.6869668161941654,0.5909058672857294
685,0.12953929318509083,0.1511291753826046,0.5553488460950126,0.15193040153056933,0.7057558530823458,0.33874071385512466
686,0.5847888487547851,1.0,1.0,0.8807932794147949,0.2846820012186673,0.7500528258776495
687,0.7735799245945764,0.8101685166729262,0.34194477761847114,0.659886168054436,0.5036549517367673,0.6178468677354354
688,1.0,0.9540131101375814,0.9362979115819372,1.0,1.0,0.9780622043439038
689,0.7434744422459887,0.5314342906349301,1.0,1.0,1.0,0.8549817465761838
690,0.9640053040617252,1.0,1.0,0.9245173434158519,1.0,0.9777045294955155
691,1.0,0.9428878954119712,0.7315119446955012,0.9763165783973496,0.9893121628380896,0.9280057162685823
692,1.0,1.0,0.8941839777839186,1.0,0.825044700504077,0.9438457356575991
693,0.5778707613810024,0.8289274587359073,1.0,0.8050671651190855,1.0,0.8423730770471991
694,0.25895958166422045,0.6169292017880579,0.3547602826049878,0.9113146166160152,0.942743066510952,0.6169413498368467
695,1.0,1.0,1.0,0.0,0.9738675084719502,0.79477350169439
696,0.6837768132408371,0.392672300844063,0.4045143079013852,0.8481486717665394,0.6822434392274923,0.6022711065960633
697,0.8489672082087095,0.7306616534230685,0.29384434924439595,0.2666217973724178,0.1995130571640381,0.46792161308252594
698,0.7044720206941574,0.24017930698573578,1.0,0.0,0.9544912808346263,0.5798285217029039
699,1.0,1.0,0.8832076897707349,0.42482879102370574,1.0,0.8616072961588881
700,0.9675394094354188,1.0,0.8292902470690511,1.0,1.0,0.959365931300894
701,0.572502770413799,0.47115469785781694,1.0,0.824851855067543,1.0,0.7737018646678318
702,0.37155946740318235,0.8404192107046788,0.4085030528456146,0.8348992053702214,1.0,0.6910761872647394
703,1.0,1.0,1.0,0.8206236142502735,1.0,0.9641247228500547
704,0.7349451016844825,1.0,1.0,1.0,1.0,0.9469890203368966
705,0.9369172041331406,0.3155173432173091,1.0,1.0,1.0,0.8504869094700899
706,1.0,1.0,1.0,1.0,1.0,1.0
707,0.7380775047748407,0.8237476004371189,0.824702775506011,0.055442576388341214,0.6149909400485698,0.6113922794309763
708,1.0,1.0,1.0,0.6973744946880223,0.6231873883136873,0.8641123766003419
709,0.3506366608929672,0.8675213156266254,0.86849131414934,0.506860237026022,0.604640055940892,0.6396299167271693
710,0.8565238173378651,0.8466221452070748,0.1672444371513257,0.20315208359938525,0.22270369762610506,0.45924923618435115
711,1.0,1.0,0.45629349361832355,0.12850458389445477,0.1971755082031089,0.5563947171431776
712,0.7261598376926184,0.7080804435250795,0.33798163120202923,0.9964446279036046,1.0,0.7537333080646663
713,1.0,1.0,1.0,0.8780157470503996,0.31802148681392745,0.8392074467728655
714,0.572502770413799,0.47115469785781694,1.0,0.824851855067543,1.0,0.7737018646678318
715,1.0,1.0,1.0,1.0,1.0,1.0
716,1.0,1.0,0.5490827360420386,0.45396999832969365,1.0,0.8006105468743465
717,1.0,0.38835537933875364,1.0,0.6770327117470668,0.9790547515458585,0.8088885685263356
718,0.21103770804468525,1.0,0.9722050817004257,1.0,0.8052510338216907,0.7976987647133603
719,0.7370789806849469,0.6171764986966524,0.46113608212166923,1.0,0.35200855767151956,0.6334800238349577
720,0.8689353246701391,0.8373597878437472,1.0,1.0,0.29071794576848325,0.7994026116564739
721,0.507117829672432,0.6050364393965068,1.0,0.47955113015034717,0.5287180421026508,0.6240846882643873
722,1.0,0.9134319457279387,1.0,0.9492412018944019,0.537909106532667,0.8801164508310014
723,0.8789164466274431,0.47163936666926776,0.6537702717955296,0.1465255451616281,0.7967931822073058,0.589528962492235
724,0.41181155380721723,0.1889992053565837,0.5931241710618612,0.18398464112126914,0.3588702845679313,0.3473579711829725
725,1.0,0.42122570337961623,0.8436628354717814,0.19361924960561855,1.0,0.6917015576914032
726,0.2083350814297657,0.2430575950013933,0.9592864678351167,1.0,0.9459298766570028,0.6713218041846558
727,0.3942938957199807,1.0,0.8962499849949082,0.5262396583634322,0.9594078425454737,0.7552382763247589
728,1.0,1.0,1.0,0.8848233934692232,0.6326937060928333,0.9035034199124112
729,0.2576665692715312,0.6634063461391717,0.599452026823192,0.8339960344156688,0.4995433556859929,0.5708128664671113
730,0.8686422195932743,1.0,0.5887272229931947,0.8972954206994758,0.8182082119024959,0.834574615037688
731,0.4408774063192803,1.0,1.0,1.0,0.7923499927145692,0.84664547980677
732,0.968136941282098,1.0,0.8118143712543291,0.3819586669654628,1.0,0.832381995900378
733,1.0,0.8594954568482138,1.0,1.0,1.0,0.9718990913696427
734,1.0,0.6995013585291726,1.0,0.30214212356930675,1.0,0.800328696419696
735,1.0,1.0,0.7398823849230909,0.022704971095326328,0.6969385584371958,0.6919051828911227
736,1.0,0.8151761199571224,1.0,0.9186543210500331,1.0,0.946766088201431
737,1.0,1.0,0.9732374596763721,0.6887304703724612,1.0,0.9323935860097666
738,0.43339797002015634,0.05715424391009166,0.6390974962923659,0.07101074572217793,0.5381875861687458,0.3477696084227076
739,1.0,1.0,1.0,1.0,1.0,1.0
740,0.8034433814986305,1.0,0.4307238585586151,0.5249852563705465,1.0,0.7518304992855585
741,0.5770173853380616,0.6551323559655582,1.0,1.0,0.5829725930581,0.763024466872344
742,0.22278093809769817,0.7194772009925119,0.7929685760071209,0.30691446802071537,0.5196537876916348,0.5123589941619363
743,0.17500738570198687,0.6507924031143876,0.4025007604167963,0.5990133547687062,0.9254976129626792,0.5505623033929112
744,0.5189056918596784,0.6268992596895525,0.9291120431684419,0.4474746149548665,0.37885666357471404,0.5802496546494507
745,1.0,0.828235750989916,0.860272117263158,1.0,0.7117663398159597,0.8800548416138068
746,0.014150242017165512,0.716779454613926,0.46659164588278096,0.9411776407370046,0.6495250660009698,0.5576448098503693
747,0.3609694664213118,0.4346362511724306,0.3163023915391708,1.0,0.8557950806194842,0.5935406379504794
748,0.980309239418277,0.5720722975245276,1.0,0.5876865053415747,1.0,0.8280136084568758
749,0.9624153619871763,0.5023096942658738,1.0,1.0,0.6108691655144327,0.8151188443534965
750,0.8406235216458763,0.6001966634201458,0.9656333426959354,0.3095578629944211,0.6574677195406285,0.6746958220594015
751,0.2705902458985883,0.7477614029934123,0.12410212642777696,0.23880378264116917,0.7405920925076626,0.42436993009372176
752,0.49763861628698164,0.4316421403953432,0.2187126715444021,0.2708538791951513,0.5734799678493246,0.39846545505424064
753,1.0,1.0,0.2581016433697561,1.0,1.0,0.8516203286739511
754,0.02534653940929015,0.319824160817164,0.4201425790612495,0.6354957995452912,0.3202641717848162,0.3442146501235622
755,1.0,0.8021635532087489,1.0,0.91426322678276,0.43144782150045524,0.8295749202983929
756,0.2534132352494423,0.9863889180394078,0.9061138565808188,1.0,1.0,0.8291832019739338
757,1.0,1.0,0.46643223208178014,0.7634134117469066,0.7740271292099683,0.800774554607731
758,0.0,0.0,2.7755575615628914e-16,3.469446951953614e-16,2.312964634635743e-16,1.7115938296304497e-16
759,0.6812349367053347,0.743539110341213,0.3766861721548112,0.7713967298705169,0.5147852167319937,0.617528433160774
760,1.0,1.0,1.0,1.0,0.415870338902298,0.8831740677804596
761,0.5671132899038992,0.4373932976009576,1.0,0.8961708275314428,0.5072361945969655,0.681582721926653
762,0.7578471898916681,0.20366801903828985,1.0,0.6839573331264189,0.717532239731367,0.6726009563575488
763,0.9612155383802083,1.0,1.0,0.3661249984774496,0.05258945407078016,0.6759859981856876
764,1.0,0.8832323800375186,0.9180188153087023,1.0,0.6774197000534097,0.895734179079926
765,0.9106529148648761,0.9757686113029266,0.9149715845289019,0.5784687105090948,1.0,0.8759723642411597
766,0.6036419377077114,0.43539279683395643,0.9398279969768575,0.5511695606516167,0.5677363816153264,0.6195537347570936
767,0.3343100105777611,0.6674205688012917,0.5465581549926898,1.0,0.9744196784753241,0.7045416825694134
768,0.6250600894954128,0.1779668868888737,0.2252581063794823,0.3525481695578755,0.9981627884776033,0.47579920815984955
769,1.0,1.0,1.0,0.7911763453356175,1.0,0.9582352690671236
770,0.7957784974010546,0.48577696605921855,1.0,0.9167196703476458,0.4584540065228897,0.7313458280661618
771,1.0,0.8138407960914802,1.0,0.9142632267827596,0.43144782150045574,0.8319103688749392
772,0.9015012492352115,1.0,1.0,0.7861516198706292,1.0,0.9375305738211683
773,0.8861714264215046,1.0,1.0,1.0,0.5828317876210636,0.8938006428085135
774,0.4929921980616759,0.5162620540586471,0.07938198101084565,0.09922747626355706,0.8458004638328379,0.4067328346455127
775,0.7651476864377675,0.2674818337030779,0.5765661785823567,0.7320042256330452,0.6822434392274942,0.6046886727167482
776,0.9748916216904961,0.7823978868498218,0.9502539167268692,0.43781739590858654,0.49395530323363573,0.7278632248818819
777,0.9015012492352115,1.0,1.0,0.7861516198706292,1.0,0.9375305738211683
778,1.0,1.0,1.0,1.0,1.0,1.0
779,0.45805354124454284,0.5180449373028362,0.44801553978485453,0.6870500871716047,0.8550718092855507,0.5932471829578778
780,1.0,0.6574141290376816,0.9139448305350883,0.26208874746822575,0.5965930159016417,0.6860081445885274
781,0.8165806469313872,1.0,0.42792448248490184,1.0,0.7147351257628869,0.7918480510358352
782,1.0,1.0,1.0,0.6385441653817346,0.9369342503614866,0.9150956831486443
783,0.7881590148761966,0.9073101480008922,1.0,0.7425972501841454,1.0,0.8876132826122468
784,0.9512301101978422,0.32641303298498714,1.0,0.4004974187665218,0.8403453038810071,0.7036971731660716
785,1.0,0.8151761199571224,1.0,0.9186543210500331,1.0,0.946766088201431
786,0.42544500724532375,1.0,1.0,1.0,0.9996117337871554,0.8850113482064959
787,1.0,0.8175325556019184,0.9724671515850469,0.4644721632957814,0.8407238688162781,0.819039147859805
788,0.7027140143493945,0.5517514574410805,1.0,0.7861516198706268,1.0,0.8081234183322202
789,0.5529547797660839,0.4842227108666816,0.6631332056058228,0.5738789176249365,1.0,0.6548379227727049
790,1.0,1.0,0.47841405897157324,0.36449291647824633,1.0,0.7685813950899639
791,1.0,1.0,0.6169187941678106,1.0,0.6780370040784777,0.8589911596492577
792,1.0,0.7525948902730811,0.8346131928601732,1.0,0.9568369114336247,0.9088089989133759
793,0.4332478016086885,0.5453534579720821,0.9055804632525671,0.6101488296693505,0.5625862618910978,0.6113833628787572
794,0.7472920411363396,0.9732413634665755,0.8330071810648589,1.0,0.9217718596423725,0.8950624890620293
795,0.973329603617981,1.0,1.0,1.0,0.6191111057475835,0.9184881418731129
796,0.9473084705898502,1.0,0.9581787203001482,0.954316230731621,0.9422683067655644,0.9604143456774367
797,0.2083350814297657,0.7044431029659173,0.0,1.0,0.9459298766570049,0.5717416122105375
798,0.9655804450063263,0.970761595844648,1.0,1.0,0.26964179806980315,0.8411967677841556
799,0.9498926427187386,0.9267581897966948,0.8736240193747979,1.0,0.9427914441543753,0.9386132592089214
800,0.5370341800698285,1.0,1.0,0.9534163156658781,0.7640959568802751,0.8509092905231963
801,0.5550367029542292,0.7335686596303792,0.7449715272332003,1.0,0.7179018285636586,0.7502957436762935
802,0.18037774370795676,0.803107917003118,1.0,1.0,0.8103281689014873,0.7587627659225123
803,0.5332489689491916,1.0,1.0,0.1666322049554532,1.0,0.739976234780929
804,0.9820899067333616,0.2811622293286571,1.0,1.0,0.9789691404958906,0.8484442553115817
805,0.503244827379165,0.4441696870818098,1.0,0.703167725177424,0.5025220854378176,0.6306208650152433
806,0.5717340341184767,0.36033509598803126,0.5933070730735984,0.8654958918773206,0.5829989465567,0.5947742083228253
807,0.30945936284032827,0.30177548562200696,0.15722108565027704,1.0,0.21435090470856427,0.39656136776423534
808,0.6888331222096336,1.0,0.9127176567175462,0.48709674178234846,0.4138887395467752,0.7005072520512607
809,0.9574871222914471,0.6921179983824619,0.5996071409071637,0.5587877498653258,0.7253584280015858,0.7066716878895968
810,1.0,0.5305391954266446,0.8790755941739822,1.0,0.9472145237004796,0.8713658626602214
811,0.9986734650358823,0.5573803392326743,0.29103608369783707,0.9943975523111483,1.0,0.7682974880555085
812,0.9307381900861592,1.0,0.6670445083252219,0.8768959163253897,0.6511377768551608,0.8251632783183862
813,0.2485066387192007,0.6057725215926777,0.7483850164520972,0.3814498983384665,0.3914967028711164,0.4751221555947117
814,0.9856732088357519,1.0,1.0,1.0,0.7796707733491849,0.9530687964369873
815,1.0,1.0,0.5865388096936177,1.0,1.0,0.9173077619387235
816,0.801748814203928,1.0,0.49389208428675474,0.4036456129739671,0.1561197962745194,0.5710812615478339
817,0.6406951353566478,1.0,1.0,1.0,1.0,0.9281390270713296
818,1.0,0.7828375097369796,0.8332574528026712,0.9957261435544262,0.9733527237451565,0.9170347659678466
819,1.0,0.8462362381733535,0.6216726099983252,1.0,0.7002736218858511,0.833636494011506
820,1.0,1.0,1.0,0.5162941845146819,0.15058577397853065,0.7333759916986425
821,1.0,0.68795900535796,1.0,0.32608067150779446,0.9318852704800392,0.7891849894691587
822,0.16439044990840418,0.20006493107293893,0.96428264512534,1.0,0.4600692535953179,0.5577614559404002
823,0.619294519785525,1.0,0.17841838455641357,0.6218027572108126,1.0,0.6839031323105502
824,1.0,0.571120724256211,1.0,1.0,0.49744618933329743,0.8137133827179017
825,0.857468826161083,1.0,0.10308990526739392,1.0,1.0,0.7921117462856954
826,0.37559909939564995,1.0,1.0,1.0,0.2556826980675368,0.7262563594926374
827,1.0,0.9016371798156397,1.0,0.8580559556412143,1.0,0.9519386270913708
828,1.0,1.0,1.0,0.47520503596622016,0.9799204507498478,0.8910250973432137
829,0.9613717205131809,1.0,1.0,1.0,0.7295740041112085,0.9381891449248778
830,0.15924034274734836,0.2564512748102858,0.2848050499260549,0.10546270065508699,0.5562625520101193,0.27244438402977905
831,1.0,0.7489582344017522,1.0,1.0,1.0,0.9497916468803504
832,0.692921041355729,1.0,1.0,1.0,1.0,0.9385842082711457
833,0.4561838759091699,0.415828477748074,0.9204104303473539,0.7114243981921552,0.12923459890543712,0.526616356220438
834,0.5224624513473956,0.7108439878136132,1.0,1.0,0.9017125423924843,0.8270037963106986
835,1.0,1.0,1.0,1.0,0.9006599834111821,0.9801319966822364
836,0.6214822389857344,0.7111498095871471,1.0,1.0,1.0,0.8665264097145762
837,1.0,1.0,1.0,1.0,0.977527240832501,0.9955054481665002
838,0.9749311173124956,0.8437998285515673,1.0,0.963615881245463,1.0,0.9564693654219052
839,1.0,1.0,1.0,1.0,1.0,1.0
840,0.6591573117645207,0.7456580402209897,0.7783915993406956,0.804278997699968,0.2866963688295139,0.6548364635711377
841,1.0,1.0,1.0,0.7039582664562468,1.0,0.9407916532912495
842,0.8675937057745873,0.7596838938377289,0.44222606951123844,0.24587881206580617,0.8765710964760858,0.6383907155330892
843,0.37257952856112253,1.0,1.0,0.6889695236811292,1.0,0.8123098104484503
844,0.4561335890116939,0.7350649234686244,0.0902646942846963,0.8002334170276754,1.0,0.616339324758538
845,0.7829333289003514,0.6917936635175012,0.5357907179716117,0.7586012465582206,0.9538978656406715,0.7446033645176713
846,0.21984018213546935,1.0,0.23266715937185906,0.9579169746074119,1.0,0.6820848632229481
847,1.0,0.7889058984473272,1.0,0.8306157815837777,1.0,0.9239043360062208
848,1.0,1.0,0.6914450480709866,1.0,0.8894557613203735,0.916180161878272
849,0.5284168483192738,0.6284455562411563,0.09663376972019633,0.7215406894612088,0.5562961550753224,0.5062666037634316
850,0.2083350814297657,0.24305759500139376,0.5596401489163835,0.449108084793896,0.9459298766570028,0.4812141573596883
851,0.6949345972326113,0.9359048245690786,1.0,0.798993553970191,1.0,0.885966595154376
852,0.4173277984557909,1.0,1.0,1.0,0.9564091224091289,0.8747473841729839
853,0.7609974116459131,1.0,0.9093215227924858,0.980626336410076,1.0,0.9301890541696949
854,0.36534881968708516,0.4353338438156572,0.10274117208083133,0.3812988411195208,0.6086523160896797,0.37867499855855485
855,1.0,1.0,1.0,0.9087336810500896,0.5973358679461864,0.9012139097992552
856,0.7244756686195261,0.6733684481372045,1.0,0.5548693199922042,1.0,0.7905426873497869
857,1.0,1.0,1.0,0.8150320980456821,1.0,0.9630064196091365
858,0.8473722812284876,0.9629141692097568,0.2850194592255867,0.9533320799179454,1.0,0.8097275979163554
859,1.0,0.48787716157813743,0.8686575137813113,0.8498980961896109,0.9045438282448036,0.8221953199587727
860,0.8303701959997628,1.0,1.0,1.0,1.0,0.9660740391999525
861,0.43995280689630795,0.9221239703400488,0.5912558148480243,0.6601729879721564,0.6071036740031156,0.6441218508119306
862,0.2534192306024391,0.9435532807219928,1.0,0.5971120713179238,0.27576369599669703,0.6139696557278105
863,1.0,1.0,1.0,1.0,0.582287405808864,0.9164574811617727
864,1.0,1.0,1.0,1.0,0.127601279491753,0.8255202558983505
865,0.9624153619871763,0.7675278514154199,0.7302713830580201,1.0,0.6108691655144327,0.8142167523950098
866,0.846380125379987,1.0,1.0,1.0,1.0,0.9692760250759974
867,0.9922588575337469,0.9727499001984978,1.0,0.9307322893786921,1.0,0.9791482094221873
868,0.9747340627351713,0.7556184640740857,0.6882001481619512,0.38298591963505935,0.6807541330917951,0.6964585455396126
869,1.0,0.7959728677962237,1.0,1.0,0.8551189010894219,0.9302183537771291
870,0.8286870950353739,1.0,0.6009631997218953,0.6575115015804579,1.0,0.8174323592675453
871,1.0,1.0,0.9853220719998729,1.0,0.9044341970410571,0.977951253808186
872,0.30138297240672424,0.9724682567724982,1.0,1.0,0.1793401510513555,0.6906382760461156
873,0.48305152786616135,0.6674697376295056,0.804685658973307,1.0,1.0,0.7910413848937947
874,1.0,0.7016897743647204,0.5011126321047643,1.0,1.0,0.8405604812938969
875,1.0,0.6812732907637458,0.7954050270707038,1.0,1.0,0.89533566356689
876,0.38399801679541495,0.3367905051301713,1.0,0.8898410463561721,1.0,0.7221259136563517
877,0.982043181211109,0.9310797856451207,0.9024298586593673,1.0,0.8353582155494724,0.9301822082130139
878,1.0,0.8736591120482233,1.0,0.8355225309483704,0.9704973318439054,0.9359357949680998
879,0.9008177382866148,0.2534379084376368,0.834764611733948,0.915770658437914,0.474465453021522,0.6758512739835271
880,1.0,0.7015377258331098,1.0,1.0,0.856703474424696,0.9116482400515611
881,0.528813139774448,0.16187051375373224,0.0,0.4357911333929617,0.7899745760554698,0.3832898725953224
882,1.0,1.0,1.0,0.9869944764378633,0.9367138247808525,0.9847416602437432
883,1.0,1.0,1.0,1.0,1.0,1.0
884,1.0,1.0,1.0,0.8780157470503996,0.31802148681392745,0.8392074467728655
885,0.7344114960190494,0.37172833057856625,0.4739324663237632,0.5849607438796083,0.9542293159696306,0.6238524705541236
886,0.6136862496134416,0.9369277835712354,0.32693038572854133,0.6778859382252883,0.567736381615327,0.6246333477507667
887,0.9371940728708287,1.0,0.7915011461116647,0.3622423983952868,0.7062630675949639,0.7594401369945489
888,0.5342740832010402,0.8823065812807878,0.5172737592295586,0.905843916062962,0.4952702950647566,0.666993726967821
889,0.9804322599803084,1.0,0.27231315422572316,0.4601889523110726,1.0,0.7425868733034209
890,1.0,0.9178046042675687,0.7179219381129689,0.9499695237724026,0.6386840657671313,0.8448760263840143
891,0.5215597587487357,0.5872210334568816,0.7735824730707843,0.8764492713614921,0.7194143627110196,0.6956453798697827
892,0.8204904054977262,1.0,0.3096065538614587,0.8870081923268236,0.7893962477942205,0.7613002798960459
893,0.8277274633241043,0.6831532656478873,0.7313464386813792,1.0,1.0,0.848445433530674
894,1.0,0.852223732473977,1.0,1.0,1.0,0.9704447464947954
895,0.9354270438513383,0.2730596842208689,1.0,0.8000835242371668,1.0,0.8017140504618748
896,1.0,0.9595744957071315,1.0,0.828992595441173,0.554837908835508,0.8686809999967625
897,0.6414180868402204,0.8342271425312756,0.9204384847482313,0.5724545519039544,0.481349788719921,0.6899776109487206
898,0.9690666192938789,1.0,1.0,1.0,0.8555724300295576,0.9649278098646873
899,1.0,1.0,1.0,1.0,0.3695782266579644,0.8739156453315928
900,1.0,1.0,1.0,1.0,0.4192220684160912,0.8838444136832182
901,0.3426689722067502,0.25786264772939205,0.5805287790321547,0.9363208642571228,0.8619572178397047,0.5958676962130249
902,0.7366577365894337,0.7919541537918078,0.7684087253348271,0.6137263885428462,1.0,0.7821494008517829
903,1.0,0.7338706969053699,1.0,0.917041270097148,1.0,0.9301823934005036
904,0.4135876650238652,0.9189784410772089,0.96749390179729,0.18421450573644046,0.5714230806883952,0.61113951886464
905,0.8690873740344502,0.48606554029972404,1.0,0.9820285051071057,0.9027297769466429,0.8479822392775844
906,0.2705902458985883,0.7477614029934123,0.12410212642777696,0.23880378264116917,0.7405920925076626,0.42436993009372176
907,1.0,0.9136049984981108,0.857636918566583,1.0,0.7584617496047432,0.9059407333338875
908,0.8362139795863148,0.9298225204525744,1.0,0.6971181286263313,1.0,0.8926309257330441
909,1.0,1.0,0.8918770432397007,0.060305721370458934,1.0,0.790436552922032
910,0.964199490601622,1.0,0.7728915950718063,0.9164980832302081,0.6156109808550444,0.8538400299517361
911,0.8398715879391647,0.9894157828293213,0.29849978001645516,0.9549372040041436,0.8706038188200501,0.7906656347218269
912,1.0,1.0,1.0,1.0,0.6611096961071677,0.9322219392214336
913,0.8290384162447622,1.0,1.0,1.0,1.0,0.9658076832489524
914,0.752463030804335,0.9671334029022726,0.9429463238731933,0.7596953199922091,0.952012329042815,0.8748500813229649
915,1.0,1.0,1.0,1.0,0.7914091549940748,0.958281830998815
916,1.0,1.0,0.6662115918803393,0.5445951724796342,0.8710037084902591,0.8163620945700465
917,1.0,1.0,1.0,1.0,1.0,1.0
918,0.3910010166039928,0.6383567986208724,1.0,0.34212588952849365,0.3493397014154326,0.5441646812337583
919,1.0,1.0,1.0,1.0,0.7701608078023959,0.9540321615604792
920,0.3645607665721581,0.7509296615465523,1.0,0.57904140076134,0.9434041007563292,0.7275871859272759
921,0.749766780904274,0.6795951652402131,1.0,1.0,1.0,0.8858723892288974
922,0.5305512935030847,0.4932002589582485,1.0,1.0,0.8875266675901691,0.7822556440103006
923,0.8965529443331212,1.0,1.0,1.0,1.0,0.9793105888666244
924,0.8636240628435903,0.44989882944895626,0.8481087303080261,0.94770876644225,1.0,0.8218680778085645
925,0.9045160123559376,0.5552686810819258,0.40502073588255777,0.9803983023389492,1.0,0.7690407463318741
926,0.9203404707842625,0.48518646775742164,0.3477453634453573,0.8376539636339115,0.454998678994945,0.6091849889231796
927,1.0,0.8783665544277194,0.7376565125099968,1.0,0.25073531157672885,0.773351675702889
928,1.0,1.0,0.7011767982925515,1.0,0.1860873934684165,0.7774528383521936
929,0.6861376907500996,0.5952300661407207,0.9432597115003355,0.622820994964997,0.6590481468315165,0.7012993220375339
930,1.0,1.0,1.0,0.4221080510018215,1.0,0.8844216102003642
931,0.7042095009010906,1.0,0.29563676378177,0.8243578652246522,1.0,0.7648408259815025
932,1.0,0.5725271482119205,1.0,0.8220560638671685,0.9891938148785872,0.8767554053915353
933,0.9506031239045399,0.7893699227085331,0.8958325786709154,0.3697907233386446,0.546243707622475,0.7103680112490216
934,0.2962794451687496,0.6371460996939827,0.510515458401862,1.0,0.11972429918488658,0.5127330604898962
935,0.8085871742543931,0.7178452806286574,0.769220768896347,0.3592033500982633,0.8853119526550967,0.7080337053065515
936,1.0,1.0,1.0,0.576277168273564,0.1380396040153345,0.7428633544577797
937,0.7029156563752824,0.7635250295370695,0.37457689887079454,0.8999056524008087,0.9364641271741775,0.7354774728716265
938,0.4243328884344232,1.0,0.7772634325048507,0.1285725615903033,0.5706245226382888,0.5801586810335732
939,0.6606545970053803,0.10872889686340213,0.24162171668540677,0.7633581453726795,0.8250180440363252,0.5198762799926387
940,0.4192581868558661,0.640527238683896,0.5102200124048142,1.0,0.7513456672195346,0.6642702210328222
941,1.0,1.0,1.0,1.0,1.0,1.0
942,0.8830094512663056,1.0,1.0,0.9822743574581483,0.9579153285098257,0.964639827446856
943,1.0,1.0,0.8323545151797348,0.6596904865029338,0.7814853336787008,0.8547060670722739
944,1.0,0.7566937134431694,0.1623066278328772,0.5790414007613425,0.9434041007563283,0.6882891685587434
945,1.0,1.0,1.0,0.9925489294965655,0.795732525364107,0.9576562909721344
946,0.9448836986944646,0.4633489201895852,1.0,0.6015039543109248,0.33963232528303144,0.6698737796956011
947,0.6337295771232573,0.5361452115602033,1.0,0.7090381404045082,0.9705420275173086,0.7698909913210554
948,0.7140884910716223,0.22030206621301332,0.40221945933811426,0.6757048220960093,0.489874774048567,0.5004379225534652
949,1.0,1.0,1.0,1.0,1.0,1.0
950,0.6414180868402205,0.8342271425312754,0.16818145367197557,0.6859084854977059,0.481349788719921,0.5622169914522197
951,0.5635843774069864,0.2431686376982013,0.5945148168864214,0.619876478273651,0.9394814189950663,0.5921251458520653
952,0.1323224723113553,0.05177839319419897,0.2918791621786526,0.29608879398439497,0.478963373240577,0.25020643898183575
953,1.0,0.753123682915446,1.0,0.49900219686036024,0.47691084415004414,0.7458073447851701
954,0.9289883237453741,1.0,0.6768566547412599,1.0,1.0,0.9211689956973267
955,0.521559758748735,0.3113187275589874,0.8620397301700822,0.8764492713614928,0.7194143627110196,0.6581563701100633
956,0.8806110429390163,0.9844515142338792,0.8019839647083926,0.8330346625716389,0.6651530191065405,0.8330468407118936
957,1.0,1.0,0.44527613874896094,1.0,1.0,0.8890552277497921
958,0.8664067939360445,0.6364128612779778,0.9469373128838878,0.500523727701292,0.9251129319989713,0.7750787255596346
959,0.37801400416904385,0.6950135969632605,1.0,1.0,0.5284173690114249,0.7202889940287459
960,1.0,1.0,1.0,1.0,1.0,1.0
961,1.0,1.0,1.0,1.0,1.0,1.0
962,0.9190496870163296,0.8893545291978269,0.2723537447948729,0.37048787406590566,0.5932237199444694,0.6088939110038809
963,1.0,1.0,1.0,0.6997625919004913,1.0,0.9399525183800982
964,0.7414908521112572,0.8413539003384957,0.925006864673705,0.1762126606118259,0.4467806800672313,0.626168991560503
965,0.5579343489071213,0.22548229181705293,1.0,0.9389905533356424,1.0,0.7444814388119634
966,0.8744519585949231,1.0,1.0,0.6825662315764466,1.0,0.9114036380342739
967,0.17893293337528512,0.9848739871317171,0.33459646089232964,0.8039650098939057,0.8349058914613725,0.6274548565509219
968,0.7229001801197998,0.6739142334080623,1.0,0.5220000278454593,0.5195538940848274,0.6876736670916298
969,1.0,0.2707859932230083,1.0,1.0,0.3207718526516667,0.718311569174935
970,0.9716128195202821,0.7250649314712143,1.0,0.5647105369688108,0.922177786423524,0.8367132148767663
971,0.19493122561636467,1.0,0.5201468194029335,0.8834206437939613,0.7597441334287574,0.6716485644484034
972,0.06757248989380318,0.9290166827581197,0.43466405815952486,0.9221058764655876,0.8057023549088075,0.6318122924371685
973,1.0,1.0,1.0,1.0,1.0,1.0
974,1.0,1.0,1.0,1.0,0.38519615727655004,0.8770392314553099
975,0.22912523553853736,0.8509352521332498,0.5435522288424329,0.7660481321220124,0.7420139040020216,0.6263349505276509
976,0.4359288368368805,0.9537811017289723,0.23016499771250698,0.9331901426667838,0.8425136186337029,0.6791157395157693
977,0.5911821895522535,0.2617069358291188,1.0,1.0,0.7241190834878909,0.7154016417738526
978,0.8899413763347109,0.6662656630530631,1.0,0.3671310934173133,0.8302471356304344,0.7507170536871043
979,0.619438912328324,0.2535697567103576,0.06509698100593653,0.5356645932341254,1.0,0.4947540486557487
980,1.0,0.6211137896795093,0.9794983190104886,0.6005393305389382,1.0,0.8402302878457872
981,0.7841914985540205,0.4268668181230983,0.9614083596360146,1.0,0.8845069663633462,0.811394728535296
982,1.0,0.6141223574693548,0.3267364851010046,1.0,1.0,0.7881717685140719
983,0.6275687058157967,0.2534886706056394,1.0,0.9985187673576373,1.0,0.7759152287558146
984,0.42991100813639904,0.16370174983548436,1.0,1.0,1.0,0.7187225515943767
985,0.8377848248447586,1.0,0.3316660424890486,1.0,0.8685183337842073,0.807593840223603
986,1.0,1.0,0.6209995779575861,1.0,0.8927413620445536,0.9027481880004279
987,0.7066694983717197,0.6833089385930043,0.8037862939226089,0.24265486002306072,1.0,0.6872839181820788
988,0.8469014506829015,1.0,1.0,0.7019485832188782,0.3204861515225338,0.7738672370848627
989,0.7568871089023707,1.0,1.0,1.0,0.9512214406604854,0.9416217099125712
990,0.6677213130890035,0.8670117386831975,0.9581787203001487,0.9543162307316206,0.9422683067655648,0.8778992619139071
991,1.0,1.0,1.0,1.0,1.0,1.0
992,0.8503784683521786,0.7861403962564948,1.0,0.5354451174979948,1.0,0.8343927964213336
993,0.5303661914376748,0.5494001668910102,0.7138299507948828,0.7287545729671259,0.7002987746597314,0.6445299313500852
994,0.8350475253967448,0.9969380192391876,0.9570671374932543,0.6984963267969052,0.8113844737254602,0.8597866965303105
995,0.765147686437768,0.9804718154852973,0.7209782004436934,0.7320042256330456,0.682243439227493,0.7761690734454595
996,1.0,0.7948742130561589,1.0,1.0,1.0,0.9589748426112319
997,1.0,0.5850946723014279,1.0,1.0,0.38405284508435944,0.7938295034771574
998,0.7781169836185664,0.7133415092223511,1.0,1.0,0.9267828160809612,0.8836482617843757
999,0.09140363489637836,0.8926721552048811,0.9279650888549296,0.6582365886467919,0.6406547454638162,0.6421864426133593
1000,0.3908885051787431,0.8607513369875325,0.8958325786709145,0.3697907233386439,0.5462437076224768,0.6127013703596621
