Num,Q_1,Q_2,Q_3,Q_4,Average
1,0.11168270026709615,0.0,0.5229376493209221,0.4481846517988857,0.270701250346726
2,0.4970946153296685,1.0,1.0,0.9762510694808371,0.8683364212026264
3,1.0,0.6222823516693669,0.40747960090995317,0.2796580006677403,0.5773549883117651
4,1.0,0.3425503535158878,0.4542577957306281,1.0,0.699202037311629
5,1.0,1.0,0.63942416364371,0.26693531687294036,0.7265898701291627
6,1.0,1.0,0.7555192038731523,1.0,0.938879800968288
7,0.0,0.6004744747433232,0.25965111423503534,0.423629093646671,0.32093867065625736
8,0.0,0.07930453896713081,0.37512409405493213,0.3693594181807592,0.20594701280070554
9,1.0,1.0,1.0,0.07597625214074719,0.7689940630351868
10,0.8712991526829639,1.0,0.9451304894963763,0.49291064105103116,0.8273350708075928
11,0.42100862113046145,0.9080241633013747,0.0,0.9445288031909488,0.5683903969056963
12,0.640177900882577,0.0,0.8299360708996469,0.1184059684016759,0.39712998504597496
13,0.4328775954519184,0.790207300897791,0.0,0.25937728328683557,0.37061554490913623
14,0.06069803389681383,0.4060942989318409,0.2777907051684791,0.42072895485605893,0.2913279982132982
15,1.0,0.16367923106105906,0.7478938850524663,0.30117451107737164,0.5531869067977243
16,1.0,1.0,0.08226769963547198,0.3489062312693723,0.6077934827262111
17,0.42100862113046145,0.9080241633013747,0.0,0.9445288031909488,0.5683903969056963
18,1.0,1.0,0.8834415864897522,0.7813704661414129,0.9162030131577913
19,1.0,1.0,0.18550323367005347,1.0,0.7963758084175133
20,1.0,0.6344352727895226,0.022526649935132124,0.7356553578276787,0.5981543201380833
21,1.0,0.7238314576486076,0.9037634340098679,0.5682684818067996,0.7989658433663187
22,0.8712991526829639,1.0,0.9451304894963763,0.49291064105103116,0.8273350708075928
23,1.0,0.2510591569442451,0.9901073642904987,0.8147601326735661,0.7639816634770775
24,0.10616886962446967,0.9453482798010093,0.7349011062973065,0.18492394069661428,0.49283554910484995
25,0.9699284257237938,0.09287518172759467,0.3773555933267368,0.28542049634834604,0.4313949242816178
26,1.0,1.0,0.7191724230369195,0.7505857715048961,0.8674395486354539
27,1.0,1.0,0.8834415864897522,0.7813704661414129,0.9162030131577913
28,0.0,0.6557125464979773,0.43235194633464274,0.5661713931785785,0.41355897150279963
29,3.3333333332441484e-5,0.0,1.666666666668333e-5,1.4285714285728571e-5,1.6071428571213348e-5
30,0.2591390825105502,0.7695595006391053,0.5718135765206963,0.6642063688775992,0.5661796321369877
31,0.0,0.4060942989318416,0.0,0.4207289548560587,0.20670581344697508
32,0.46965333446859586,0.6288205908994641,0.0,0.5923619718635067,0.42270897430789167
33,1.0,1.0,0.8834415864897522,0.7813704661414129,0.9162030131577913
34,0.0,2.499999999933111e-5,0.0,1.4285714285728571e-5,9.82142857126492e-6
35,0.5593676330035556,0.2834871534388987,0.860099758515778,0.26784273340140435,0.4926993195899092
36,0.2772869713424775,0.03979280920095584,0.9719643190045718,0.7369899385910224,0.5065085095347568
37,1.0,1.0,1.0,0.6485726114051836,0.9121431528512959
38,1.0,1.0,1.0,0.27773835452444867,0.8194345886311122
39,1.0,1.0,0.63942416364371,0.26693531687294036,0.7265898701291627
40,0.19142472019879064,1.0,0.46192166446154576,0.060208892231354755,0.4283888192229228
41,0.8839417203083094,0.34892712499250267,0.18410284410127736,0.4981523825843088,0.47878101799659956
42,1.0,1.0,0.8834415864897522,0.7813704661414129,0.9162030131577913
43,0.1490827379358221,0.0,0.14383714693507693,0.24404952314205638,0.13424235200323886
44,0.5254219001661824,0.0,0.22688862677779983,0.371613104924051,0.2809809079670083
45,0.6761198429284206,1.0,0.8062164147020472,0.2777669259530209,0.6900257958958722
46,0.8329045502421566,1.0,0.24580393365408593,0.84654387929244,0.7313130907971706
47,0.5780879769504681,0.8792768504092127,0.9037634340098679,0.5682684818067996,0.7323491857940871
48,1.0,1.0,0.7130807890276611,0.5647919202874164,0.8194681773287694
49,0.5871402961403538,0.0117561143687106,0.30927259286605874,0.32302863353225175,0.3077994092268437
50,1.0,0.7238314576486076,0.9037634340098679,0.5682684818067996,0.7989658433663187
51,0.697219392706718,0.0,0.18410284410127736,0.4981523825843088,0.34486865484807605
52,1.0,0.9469040321765031,1.0,0.5954496313294144,0.8855884158764794
53,0.06069803389681291,0.736375670998103,0.0,0.4207289548560587,0.30445066493774364
54,1.0,1.0,0.8834415864897522,0.7813704661414129,0.9162030131577913
55,0.6576060117299942,0.0,0.2232035952565769,0.30944698283811567,0.2975641474561717
56,3.3333333332441484e-5,0.0,1.666666666668333e-5,1.4285714285728571e-5,1.6071428571213348e-5
57,0.0,0.0,0.6268950736144612,0.5372850630981096,0.2910450341781427
58,0.0,0.0,0.6268950736144612,0.5372850630981096,0.2910450341781427
59,0.6449748872417218,0.10423917408411211,0.538069575047056,0.24115991786188054,0.38211088855869263
60,1.0,0.2557847925768394,0.9451304894963763,0.49291064105103116,0.6734564807810617
61,1.0,0.08857887024514842,0.7948406807798989,0.10174943754922877,0.496292247143569
62,1.0,1.0,0.7457484019346995,0.5979093661710826,0.8359144420264455
63,1.0,1.0,1.0,1.0,1.0
64,1.0,1.0,0.8834415864897522,0.7813704661414129,0.9162030131577913
65,0.4328775954519184,0.790207300897791,0.0,0.25937728328683557,0.37061554490913623
66,0.0,1.0,0.820720192917553,0.235294070793271,0.514003565927706
67,1.0,0.16367923106105906,0.7478938850524663,0.30117451107737164,0.5531869067977243
68,1.0,0.2434393234749157,0.23551886280031548,0.7937126894081993,0.5681677189208576
69,1.0,1.0,1.0,1.0,1.0
70,0.0,0.4589773648172666,0.7948406807798989,0.10174943754922877,0.33889187078659855
71,0.6638915746254581,1.0,0.6268263486299229,0.21585031368307628,0.6266420592346142
72,1.0,0.2557847925768394,0.9451304894963763,0.49291064105103116,0.6734564807810617
73,0.0,0.808484218687437,0.8754857612153044,0.6478611756078043,0.5829577888776365
74,0.8839417203083094,0.34892712499250267,0.18410284410127736,0.4981523825843088,0.47878101799659956
75,1.0,1.0,1.0,0.9150671997372634,0.9787667999343158
76,1.0,1.0,1.0,1.4285714285728571e-5,0.7500035714285714
77,0.7547146625623419,0.0,0.5614390461612929,0.4550898277878718,0.44281088412787667
78,0.618539927085295,1.0,0.7181733328035882,1.0,0.8341783149722208
79,1.0,1.0,0.17048071228560563,0.4811569249287946,0.6629094093036001
80,3.3333333332441484e-5,0.0,1.666666666668333e-5,1.4285714285728571e-5,1.6071428571213348e-5
81,0.5043052564316891,0.8264088557794097,0.9817901192412708,0.24533257803834949,0.6394592023726798
82,0.7547146625623419,0.0,0.5614390461612929,0.4550898277878718,0.44281088412787667
83,0.6761198429284206,1.0,0.24810350712556092,0.5116691442269953,0.6089731235702442
84,1.0,0.6222823516693669,0.40747960090995317,0.2796580006677403,0.5773549883117651
85,0.4970946153296685,1.0,1.0,0.9762510694808371,0.8683364212026264
86,0.5043052564316891,0.8264088557794097,0.9817901192412708,0.24533257803834949,0.6394592023726798
87,1.0,0.9777313667994543,0.9078979376087878,0.2253293691110212,0.7777396683798158
88,0.6761198429284206,1.0,0.8062164147020472,0.2777669259530209,0.6900257958958722
89,1.0,1.0,1.0,0.9150671997372634,0.9787667999343158
90,0.349597603403685,0.39990916405949756,0.12481438643557281,0.428194400100785,0.32562888849988514
91,3.3333333332441484e-5,0.0,1.666666666668333e-5,1.4285714285728571e-5,1.6071428571213348e-5
92,0.0,1.0,1.0,0.8810033753269152,0.7202508438317288
93,0.7495377864040725,1.0,0.15878379285394806,0.65852070173698,0.6417105702487501
94,0.6449748872417218,0.10423917408411211,0.538069575047056,0.24115991786188054,0.38211088855869263
95,1.0,1.0,0.46345776142100575,0.38922929801734285,0.7131717648595872
96,0.5254219001661824,0.0,0.22688862677779983,0.371613104924051,0.2809809079670083
97,0.5780879769504681,0.8792768504092127,0.9037634340098679,0.5682684818067996,0.7323491857940871
98,1.0,0.7238314576486076,0.9037634340098679,0.5682684818067996,0.7989658433663187
99,0.3671247295503657,0.15595457548326083,0.10396971698884055,0.416347502916194,0.2608491312346653
100,1.0,1.0,1.0,0.9150671997372634,0.9787667999343158
101,0.640177900882577,0.0,0.8299360708996469,0.1184059684016759,0.39712998504597496
102,0.21575257136769074,0.0,0.8670003759515359,0.6933840590622143,0.44403425159536025
103,0.8839417203083094,0.34892712499250267,0.18410284410127736,0.4981523825843088,0.47878101799659956
104,1.0,0.16367923106105906,0.7478938850524663,0.30117451107737164,0.5531869067977243
105,1.0,1.0,0.63942416364371,0.26693531687294036,0.7265898701291627
106,1.0,2.499999999933111e-5,0.8754857612153044,0.6478611756078043,0.630842984205777
107,0.8712991526829639,1.0,0.9451304894963763,0.49291064105103116,0.8273350708075928
108,0.34422453461186164,0.0,0.8062164147020472,0.2777669259530209,0.35705196881673246
109,0.2591390825105502,0.7695595006391053,0.5718135765206963,0.6642063688775992,0.5661796321369877
110,1.0,1.0,1.0,0.8169851202562377,0.9542462800640594
111,0.0,0.0015931540540473769,0.5919223448656704,0.423629093646671,0.2542861481415972
112,0.6761198429284206,1.0,0.8062164147020472,0.2777669259530209,0.6900257958958722
113,0.0,0.3271984129785777,0.2137199315808029,0.30364330726887745,0.2111404129570645
114,1.0,1.0,1.0,0.2678427334014045,0.8169606833503511
115,0.6449748872417218,0.10423917408411211,0.538069575047056,0.24115991786188054,0.38211088855869263
116,0.349597603403685,0.39990916405949756,0.12481438643557281,0.428194400100785,0.32562888849988514
117,0.10616886962446967,0.10235165944596016,0.2968988532006731,0.18492394069661428,0.1725858307419293
118,1.0,0.6474434120431671,0.002211199959894124,0.10174943754922679,0.437851012388072
119,1.0,1.0,0.936257952029061,0.2525877469757427,0.797211424751201
120,0.3346136275372789,0.22611163843879659,0.63942416364371,0.26693531687294036,0.36677118662318153
121,3.3333333332441484e-5,0.0,1.666666666668333e-5,1.4285714285728571e-5,1.6071428571213348e-5
122,1.0,0.5372978993666315,0.9994964693572912,0.06191817357321819,0.6496781355742853
123,1.0,1.0,0.8834415864897522,0.7813704661414129,0.9162030131577913
124,1.0,0.986651890000083,0.860099758515778,0.26784273340140435,0.7786485954793164
125,1.0,0.08857887024514842,0.7948406807798989,0.10174943754922877,0.496292247143569
126,1.0,0.4100996455752854,0.336304225292764,0.5104444207332245,0.5642120729003185
127,1.0,1.0,0.18550323367005347,1.0,0.7963758084175133
128,0.23839635426122313,1.0,0.7618335544807824,0.1924132382268429,0.548160786742212
129,0.34422453461186164,0.0,0.8062164147020472,0.2777669259530209,0.35705196881673246
130,1.0,1.0,0.8110011088493191,0.7660929388007057,0.8942735119125061
131,1.0,0.6222823516693669,0.40747960090995317,0.2796580006677403,0.5773549883117651
132,1.0,0.9777313667994543,0.9078979376087878,0.2253293691110212,0.7777396683798158
133,0.0,0.4060942989318416,0.0,0.4207289548560587,0.20670581344697508
134,0.21575257136769074,0.0,0.8670003759515359,0.6933840590622143,0.44403425159536025
135,0.0,0.4589773648172666,0.7948406807798989,0.10174943754922877,0.33889187078659855
136,1.0,1.0,1.0,1.0,1.0
137,0.13983449159845435,0.799513718770827,0.543456836880976,0.4328146820930555,0.4789049323358282
138,0.349597603403685,0.39990916405949756,0.12481438643557281,0.428194400100785,0.32562888849988514
139,0.16541110223760963,0.0,0.21821931913305886,0.1869975116378601,0.14265698325213216
140,0.39533962342148865,0.0,0.19979068995350185,0.4181004182217702,0.2533076828991902
141,3.3333333332441484e-5,0.3794910747831947,0.2232035952565769,0.30944698283811567,0.22804374655280493
142,1.0,1.0,1.0,0.8169851202562377,0.9542462800640594
143,0.10616886962446967,0.9453482798010093,0.7349011062973065,0.18492394069661428,0.49283554910484995
144,0.45208706919102987,0.9836880028847373,0.9454876172583393,0.4198872745471916,0.7002874909703246
145,0.34422453461186164,0.0,0.8062164147020472,0.2777669259530209,0.35705196881673246
146,0.8712991526829639,1.0,0.9451304894963763,0.49291064105103116,0.8273350708075928
147,1.0,1.0,0.8110011088493191,0.7660929388007057,0.8942735119125061
148,0.8727023282144633,0.0,0.9817901192412708,0.24533257803834949,0.5249562563735208
149,3.3333333332441484e-5,0.0,1.666666666668333e-5,1.4285714285728571e-5,1.6071428571213348e-5
150,1.0,0.4642769362894864,1.0,0.6485726114051836,0.7782123869236675
151,0.1075940218555449,1.0,0.17143325838967352,0.9924744035532856,0.5678754209496261
152,0.0,1.0,1.0,1.0,0.75
153,0.1490827379358221,0.0,0.14383714693507693,0.24404952314205638,0.13424235200323886
154,0.0,0.8266216143704901,0.5933183827680809,0.4354026227179029,0.4638356549641185
155,0.0,0.3538805214683394,0.9978072289921177,0.6925782517213054,0.5110665005454407
156,1.0,1.0,1.0,0.9150671997372634,0.9787667999343158
157,0.9763133511796789,0.0,0.4327170551182419,0.5215034262465731,0.48263345813612346
158,1.0,1.0,1.0,0.8169851202562377,0.9542462800640594
159,0.0,0.0,1.666666666668333e-5,1.4285714285728571e-5,7.738095238102975e-6
160,0.697219392706718,0.0,0.18410284410127736,0.4981523825843088,0.34486865484807605
161,0.7973115268233466,0.0,0.7349011062973065,0.18492394069661428,0.42928414345431687
162,0.5254219001661824,0.0,0.22688862677779983,0.371613104924051,0.2809809079670083
163,0.2397233816274713,1.0,0.5371151457979547,0.7971382145998211,0.6434941855063119
164,1.0,1.0,1.0,1.0,1.0
165,0.5043052564316891,0.8264088557794097,0.9817901192412708,0.24533257803834949,0.6394592023726798
166,1.0,1.0,0.8110011088493191,0.7660929388007057,0.8942735119125061
167,0.8712991526829639,1.0,0.9451304894963763,0.49291064105103116,0.8273350708075928
168,1.0,0.0,1.0,0.3489062312693723,0.5872265578173431
169,0.5871402961403538,0.0117561143687106,0.30927259286605874,0.32302863353225175,0.3077994092268437
170,0.0,0.41533573499014925,0.679523342273502,0.6615089215878004,0.43909199971286295
171,0.5164713731957853,1.0,0.6175895852313548,0.4567470662821189,0.6477020061773148
172,0.31596031638599,0.36231153389635473,0.5545034971748868,0.9011548474567546,0.5334825487284965
173,1.0,0.0,1.0,0.5101855493810818,0.6275463873452705
174,0.7776944444444452,1.0,0.7145813894529105,1.0,0.873068958474339
175,0.4970946153296685,1.0,1.0,0.9762510694808371,0.8683364212026264
176,0.0,0.6288205908994641,0.0,0.5923619718635067,0.30529564069074266
177,1.0,0.4642769362894864,1.0,0.6485726114051836,0.7782123869236675
178,1.0,1.0,1.0,0.9832680056778619,0.9958170014194655
179,0.13983449159845435,0.799513718770827,0.543456836880976,0.4328146820930555,0.4789049323358282
180,0.6761198429284206,1.0,0.8062164147020472,0.2777669259530209,0.6900257958958722
181,0.48616313723773474,1.0,0.8926339145604139,1.0,0.8446992629495371
182,1.0,1.0,0.6299447615110653,0.8728320661862203,0.8756942069243214
183,1.0,0.14952522017086242,0.7861685879441359,0.7356553578276787,0.6678372914856692
184,0.6111924305375087,0.29297235447268205,0.29203623622213937,0.46367136187837815,0.41496809577767707
185,0.0,0.0,1.666666666668333e-5,1.4285714285728571e-5,7.738095238102975e-6
186,1.0,1.0,0.9339212482739802,0.7238017308539335,0.9144307447819784
187,0.5780879769504681,0.8792768504092127,0.9037634340098679,0.5682684818067996,0.7323491857940871
188,3.333333333429186e-5,0.5223123188959267,0.5614223794946257,0.4550826849307288,0.38471267916365387
189,1.0,0.08857887024514842,0.7948406807798989,0.10174943754922877,0.496292247143569
190,1.0,0.16367923106105906,0.7478938850524663,0.30117451107737164,0.5531869067977243
191,1.0,1.0,1.0,1.0,1.0
192,0.0,0.03905044694009519,0.26289201683261415,0.2699219774946089,0.14296611031682954
193,0.0,0.23658947213635104,0.0,0.25937728328683557,0.12399168885579664
194,0.0,0.07930453896713081,0.37512409405493213,0.3693594181807592,0.20594701280070554
195,0.3250157815608695,0.3751622816730637,0.0,0.2405087010804841,0.2351716910786043
196,0.0,0.41304609007525367,0.7308854961585438,0.5923619718635067,0.43407338952432606
197,1.0,1.0,0.08226769963547198,0.3489062312693723,0.6077934827262111
198,0.0,1.0,0.9088239136259715,0.7012440080208443,0.6525169804117039
199,0.0,0.39990916405949756,0.0,0.428194400100785,0.20702589104007063
200,0.0,2.499999999933111e-5,0.0,1.4285714285728571e-5,9.82142857126492e-6
201,1.0,1.0,0.8834415864897522,0.7813704661414129,0.9162030131577913
202,0.08691935067704401,1.0,0.6714354650514276,0.14938394287686363,0.4769346896513338
203,0.0,0.737829543267173,0.3963655436652599,0.373222588062956,0.37685441874884723
204,1.0,1.0,0.7130807890276611,0.5647919202874164,0.8194681773287694
205,1.0,0.16367923106105906,0.7478938850524663,0.30117451107737164,0.5531869067977243
206,0.3051463891837164,0.5527032735228906,0.6150267693463747,0.4104265785745112,0.4708257526568732
207,1.0,0.06962118354149198,1.0,0.5647919202874164,0.6586032759572271
208,0.6761198429284206,1.0,0.8062164147020472,0.2777669259530209,0.6900257958958722
209,0.0,0.39990916405949756,0.0,0.428194400100785,0.20702589104007063
210,1.0,1.0,1.0,1.0,1.0
211,1.0,2.499999999933111e-5,0.8754857612153044,0.6478611756078043,0.630842984205777
212,0.9763133511796789,0.0,0.4327170551182419,0.5215034262465731,0.48263345813612346
213,1.0,1.0,1.0,0.09400056886193596,0.773500142215484
214,0.9840429823140503,0.0,0.5718135765206963,0.6642063688775992,0.5550157319280864
215,0.0,2.499999999933111e-5,0.0,1.4285714285728571e-5,9.82142857126492e-6
216,0.4566316911988777,0.0,0.36100232428545126,0.01103290136279879,0.20716672921178192
217,1.0,1.0,0.7912306465800877,0.4181338807623289,0.8023411318356042
218,1.0,1.0,0.8834415864897522,0.7813704661414129,0.9162030131577913
219,1.0,0.40922994154493275,0.9079090487212877,0.2253293691110212,0.6356170898443104
220,0.3250157815608695,0.3751622816730637,0.0,0.2405087010804841,0.2351716910786043
221,0.06069803389681383,0.4060942989318409,0.2777907051684791,0.42072895485605893,0.2913279982132982
222,0.16541110223760963,0.0,0.21821931913305886,0.1869975116378601,0.14265698325213216
223,0.0,1.0,0.1291370966117644,0.8894919165764922,0.5046572532970641
224,1.0,0.2434393234749157,0.23551886280031548,0.7937126894081993,0.5681677189208576
225,0.0,0.0015931540540473769,0.5919223448656704,0.423629093646671,0.2542861481415972
226,0.0,0.0,0.6915810142272474,0.8894919165764922,0.3952682327009349
227,0.0,0.4872419976236101,0.12481438643557281,0.428194400100785,0.260062696039992
228,0.0,0.41533573499014925,0.679523342273502,0.6615089215878004,0.43909199971286295
229,1.0,0.2557847925768394,0.9451304894963763,0.49291064105103116,0.6734564807810617
230,1.0,1.0,0.9339212482739802,0.7238017308539335,0.9144307447819784
231,0.5164713731957853,1.0,0.6175895852313548,0.4567470662821189,0.6477020061773148
232,0.6761198429284206,1.0,0.8062164147020472,0.2777669259530209,0.6900257958958722
233,0.11168270026709615,0.0,0.5229376493209221,0.4481846517988857,0.270701250346726
234,0.349597603403685,0.39990916405949756,0.12481438643557281,0.428194400100785,0.32562888849988514
235,1.0,1.0,1.0,0.7214028619987743,0.9303507154996936
236,0.0,0.41533573499014925,0.679523342273502,0.6615089215878004,0.43909199971286295
237,0.5593676330035556,0.2834871534388987,0.860099758515778,0.26784273340140435,0.4926993195899092
238,3.3333333332441484e-5,0.3794910747831947,0.2232035952565769,0.30944698283811567,0.22804374655280493
239,0.9736158573374047,0.7407624432944437,0.2804925003905276,0.8288741328615045,0.7059362334709701
240,1.0,1.0,1.0,0.10437231258167165,0.776093078145418
241,3.3333333332441484e-5,0.0,1.666666666668333e-5,1.4285714285728571e-5,1.6071428571213348e-5
242,1.0,1.0,1.0,1.0,1.0
243,1.0,0.9469040321765031,1.0,0.5954496313294144,0.8855884158764794
244,1.0,0.4100996455752854,0.336304225292764,0.5104444207332245,0.5642120729003185
245,0.5886672526794109,1.0,1.0,0.1681842944163395,0.6892128867739375
246,1.0,1.0,0.8834415864897522,0.7813704661414129,0.9162030131577913
247,0.6761198429284206,1.0,0.8062164147020472,0.2777669259530209,0.6900257958958722
248,1.0,1.0,0.08226769963547198,0.3489062312693723,0.6077934827262111
249,0.6761198429284206,1.0,0.8062164147020472,0.2777669259530209,0.6900257958958722
250,1.0,0.9469040321765031,1.0,0.5954496313294144,0.8855884158764794
251,1.0,1.0,0.8110011088493191,0.7660929388007057,0.8942735119125061
252,0.8839417203083094,0.34892712499250267,0.18410284410127736,0.4981523825843088,0.47878101799659956
253,0.0,1.0,0.7665829863106429,0.4811569249287936,0.5619349778098591
254,0.46965333446859586,0.6288205908994641,0.0,0.5923619718635067,0.42270897430789167
255,1.0,1.0,0.9383021112075741,0.6758045587268391,0.9035266674836033
256,1.0,1.0,0.63942416364371,0.26693531687294036,0.7265898701291627
257,1.0,1.0,0.08661884172149607,0.350200850277236,0.609204922999683
258,0.2591390825105502,0.7695595006391053,0.5718135765206963,0.6642063688775992,0.5661796321369877
259,1.0,1.0,1.0,0.6485726114051836,0.9121431528512959
260,0.0,0.41533573499014925,0.679523342273502,0.6615089215878004,0.43909199971286295
261,1.0,0.2510591569442451,0.9901073642904987,0.8147601326735661,0.7639816634770775
262,1.0,0.08857887024514842,0.7948406807798989,0.10174943754922877,0.496292247143569
263,1.0,2.499999999933111e-5,0.8754857612153044,0.6478611756078043,0.630842984205777
264,1.0,0.16367923106105906,0.7478938850524663,0.30117451107737164,0.5531869067977243
265,0.12523277607627467,1.0,0.33303497391734727,0.4128357434857269,0.46777587336983717
266,1.0,0.08857887024514842,0.7948406807798989,0.10174943754922877,0.496292247143569
267,0.6761198429284206,1.0,0.24810350712556092,0.5116691442269953,0.6089731235702442
268,0.0,0.0,0.5653753716279969,0.6741074508914756,0.3098707056298681
269,0.2591390825105502,0.7695595006391053,0.5718135765206963,0.6642063688775992,0.5661796321369877
270,1.0,0.0,1.0,0.4712110755256939,0.6178027688814235
271,0.0,0.5370404861046562,0.26067133719757796,0.6349265476079815,0.35815959272755393
272,0.8488024580287051,0.0,0.538069575047056,0.24115991786188054,0.40700798773441044
273,1.0,1.0,1.0,1.0,1.0
274,0.0,0.0,0.20839203113626606,0.15544442202450323,0.09095911329019232
275,1.0,1.0,0.6299447615110653,0.8728320661862203,0.8756942069243214
276,0.13983449159845435,0.799513718770827,0.543456836880976,0.4328146820930555,0.4789049323358282
277,0.0,0.5370404861046562,0.26067133719757796,0.6349265476079815,0.35815959272755393
278,0.0,0.6288205908994641,0.0,0.5923619718635067,0.30529564069074266
279,0.21575257136769074,0.0,0.8670003759515359,0.6933840590622143,0.44403425159536025
280,1.0,1.0,0.7190156546132669,0.18869804757244116,0.726928425546427
281,0.5836301057111924,1.0,1.0,1.0,0.8959075264277981
282,1.0,1.0,1.0,0.9150671997372634,0.9787667999343158
283,0.6761198429284206,1.0,0.8062164147020472,0.2777669259530209,0.6900257958958722
284,0.34422453461186164,0.0,0.8062164147020472,0.2777669259530209,0.35705196881673246
285,0.9763133511796789,0.5449576166499429,0.05165532406970577,0.5215034262465731,0.5236074295364751
286,0.8839417203083094,0.34892712499250267,0.18410284410127736,0.4981523825843088,0.47878101799659956
287,1.0,0.9419304712567437,0.06708312828961846,0.5427212455580761,0.6379337112761094
288,1.0,1.0,0.7191724230369195,0.7505857715048961,0.8674395486354539
289,0.349597603403685,0.39990916405949756,0.12481438643557281,0.428194400100785,0.32562888849988514
290,0.0,0.8618743341088015,0.522242917729755,0.30091828938237797,0.4212588853052336
291,0.11168270026709615,0.0,0.5229376493209221,0.4481846517988857,0.270701250346726
292,1.0,0.0,0.6791841685258784,0.2796580006677411,0.4897105422984049
293,1.0,1.0,0.7555192038731523,1.0,0.938879800968288
294,0.7504332567949162,1.0,0.04128564672362019,0.03538769719167445,0.4567766501775527
295,1.0,0.22763299008174553,0.8334417265909076,0.7922298309501062,0.7133261369056899
296,1.0,1.0,0.7555192038731523,1.0,0.938879800968288
297,0.1075940218555449,1.0,0.17143325838967352,0.9924744035532856,0.5678754209496261
298,0.8712991526829639,1.0,0.9451304894963763,0.49291064105103116,0.8273350708075928
299,1.0,1.0,0.46345776142100575,0.38922929801734285,0.7131717648595872
300,0.2397233816274713,1.0,0.5371151457979547,0.7971382145998211,0.6434941855063119
301,0.0,0.4060942989318416,0.0,0.4207289548560587,0.20670581344697508
302,0.10616886962446967,0.9453482798010093,0.7349011062973065,0.18492394069661428,0.49283554910484995
303,0.0,0.8034780986441633,0.5547678410799398,0.5035800282622108,0.46545649199657846
304,0.697219392706718,0.0,0.18410284410127736,0.4981523825843088,0.34486865484807605
305,0.697219392706718,0.0,0.18410284410127736,0.4981523825843088,0.34486865484807605
306,0.34422453461186164,0.0,0.8062164147020472,0.2777669259530209,0.35705196881673246
307,1.0,0.08857887024514842,0.7948406807798989,0.10174943754922877,0.496292247143569
308,1.0,1.0,0.8821246954399207,0.6202384736540777,0.8755907922734997
309,1.0,0.16367923106105906,0.7478938850524663,0.30117451107737164,0.5531869067977243
310,1.0,0.2557847925768394,0.9451304894963763,0.49291064105103116,0.6734564807810617
311,0.7741434028445923,0.9453299940466062,0.8299360708996469,0.1184059684016759,0.6669538590481303
312,1.0,0.7238314576486076,0.9037634340098679,0.5682684818067996,0.7989658433663187
313,0.349597603403685,0.39990916405949756,0.12481438643557281,0.428194400100785,0.32562888849988514
314,1.0,1.0,1.0,1.0,1.0
315,0.0,0.07930453896713081,0.37512409405493213,0.3693594181807592,0.20594701280070554
316,0.2397233816274713,1.0,0.5371151457979547,0.7971382145998211,0.6434941855063119
317,0.9736158573374047,0.7407624432944437,0.2804925003905276,0.8288741328615045,0.7059362334709701
318,1.0,0.4642769362894864,1.0,0.6485726114051836,0.7782123869236675
319,0.1075940218555449,1.0,0.17143325838967352,0.9924744035532856,0.5678754209496261
320,0.10616886962446967,0.10235165944596016,0.2968988532006731,0.18492394069661428,0.1725858307419293
321,0.697219392706718,0.0,0.18410284410127736,0.4981523825843088,0.34486865484807605
322,0.3047018006267231,0.07217989934441559,0.46345776142100575,0.38922929801734285,0.3073921898523718
323,0.0,0.803465598644163,0.5615435493676774,0.06372370085556431,0.3571832122168511
324,1.0,0.7078830393834208,0.26067133719757796,0.6349265476079815,0.6508702310472451
325,1.0,1.0,0.46345776142100575,0.38922929801734285,0.7131717648595872
326,1.0,1.0,0.46345776142100575,0.38922929801734285,0.7131717648595872
327,1.0,1.0,1.0,0.6485726114051836,0.9121431528512959
328,0.0,2.499999999933111e-5,0.0,1.4285714285728571e-5,9.82142857126492e-6
329,0.640177900882577,0.0,0.8299360708996469,0.1184059684016759,0.39712998504597496
330,1.0,1.0,1.0,0.5810698011726314,0.8952674502931579
331,0.9736158573374047,0.7407624432944437,0.2804925003905276,0.8288741328615045,0.7059362334709701
332,1.0,1.0,0.63942416364371,0.26693531687294036,0.7265898701291627
333,0.0,0.0,0.347419474424461,0.46289121902786784,0.2025776733630822
334,1.0,1.0,1.0,1.0,1.0
335,0.3047018006267231,0.07217989934441559,0.46345776142100575,0.38922929801734285,0.3073921898523718
336,0.5593676330035556,0.2834871534388987,0.860099758515778,0.26784273340140435,0.4926993195899092
337,0.5871402961403538,0.0117561143687106,0.30927259286605874,0.32302863353225175,0.3077994092268437
338,1.0,1.0,0.7555192038731523,1.0,0.938879800968288
339,0.0,0.737829543267173,0.3963655436652599,0.373222588062956,0.37685441874884723
340,0.7831641912228451,0.0,0.8041672855276218,0.08391044905959054,0.41781048145251437
341,0.0,0.23658947213635104,0.0,0.25937728328683557,0.12399168885579664
342,0.4328775954519184,0.790207300897791,0.0,0.25937728328683557,0.37061554490913623
343,1.0,2.499999999933111e-5,0.8754857612153044,0.6478611756078043,0.630842984205777
344,1.0,0.9469040321765031,1.0,0.5954496313294144,0.8855884158764794
345,3.3333333332441484e-5,0.3794910747831947,0.2232035952565769,0.30944698283811567,0.22804374655280493
346,0.0,0.41533573499014925,0.679523342273502,0.6615089215878004,0.43909199971286295
347,0.7547146625623419,0.0,0.5614390461612929,0.4550898277878718,0.44281088412787667
348,0.7973115268233466,0.0,0.7349011062973065,0.18492394069661428,0.42928414345431687
349,1.0,1.0,1.0,0.8027923041846864,0.9506980760461716
350,0.5871402961403538,0.0117561143687106,0.30927259286605874,0.32302863353225175,0.3077994092268437
351,0.9699284257237938,0.09287518172759467,0.3773555933267368,0.28542049634834604,0.4313949242816178
352,0.0,0.0,1.666666666668333e-5,1.4285714285728571e-5,7.738095238102975e-6
353,0.0,0.0,0.5454373083971552,0.5123642308761274,0.2644503848183206
354,0.0,0.0,1.666666666668333e-5,1.4285714285728571e-5,7.738095238102975e-6
355,1.0,0.08857887024514842,0.7948406807798989,0.10174943754922877,0.496292247143569
356,0.8839417203083094,0.34892712499250267,0.18410284410127736,0.4981523825843088,0.47878101799659956
357,0.3051463891837164,0.5527032735228906,0.6150267693463747,0.4104265785745112,0.4708257526568732
358,1.0,1.0,1.666666666668333e-5,1.0,0.7500041666666667
359,0.42100862113046145,0.49965813924509667,0.9793824881246063,0.9445288031909488,0.7111445129227782
360,0.6588082700753645,0.05808006858405884,0.18008542793950483,0.44562310785958725,0.3356492186146288
361,1.0,1.0,1.0,0.8128858439341948,0.9532214609835488
362,0.9763133511796789,0.0,0.4327170551182419,0.5215034262465731,0.48263345813612346
363,0.6017677642350477,0.41033727303909284,0.8834415864897522,0.7813704661414129,0.6692292724763265
364,0.39731809429819265,0.0271865247346667,0.13419268921029354,0.06104107118213139,0.15493459485632108
365,1.0,1.0,1.0,1.0,1.0
366,1.0,1.0,0.18550323367005347,1.0,0.7963758084175133
367,0.8712991526829639,1.0,0.9451304894963763,0.49291064105103116,0.8273350708075928
368,1.0,0.08857887024514842,0.7948406807798989,0.10174943754922877,0.496292247143569
369,0.5871402961403538,0.0117561143687106,0.30927259286605874,0.32302863353225175,0.3077994092268437
370,0.9840429823140503,0.0,0.5718135765206963,0.6642063688775992,0.5550157319280864
371,1.0,1.0,1.0,0.9150671997372634,0.9787667999343158
372,0.16541110223760963,0.0,0.21821931913305886,0.1869975116378601,0.14265698325213216
373,1.0,1.0,0.63942416364371,0.26693531687294036,0.7265898701291627
374,3.333333333429186e-5,0.5223123188959267,0.5614223794946257,0.4550826849307288,0.38471267916365387
375,0.697219392706718,0.0,0.18410284410127736,0.4981523825843088,0.34486865484807605
376,1.0,0.6374067699969772,1.0,0.7239641248861962,0.8403427237207933
377,1.0,2.499999999933111e-5,0.8754857612153044,0.6478611756078043,0.630842984205777
378,0.8839417203083094,0.34892712499250267,0.18410284410127736,0.4981523825843088,0.47878101799659956
379,1.0,2.499999999933111e-5,0.8754857612153044,0.6478611756078043,0.630842984205777
380,0.0,1.0,1.0,0.94994483178632,0.73748620794658
381,3.3333333332441484e-5,0.0,1.666666666668333e-5,1.4285714285728571e-5,1.6071428571213348e-5
382,0.0,0.8618743341088015,0.522242917729755,0.30091828938237797,0.4212588853052336
383,3.3333333332441484e-5,0.0,1.666666666668333e-5,1.4285714285728571e-5,1.6071428571213348e-5
384,0.5780879769504681,0.8792768504092127,0.9037634340098679,0.5682684818067996,0.7323491857940871
385,0.8513725659256427,0.24104775379378268,0.9978072289921177,0.6925782517213054,0.695701450108212
386,1.0,1.0,1.0,0.9150671997372634,0.9787667999343158
387,0.8513725659256427,0.8548422625321217,0.0,0.6925782517213054,0.5996982700447674
388,3.3333333332441484e-5,0.3794910747831947,0.2232035952565769,0.30944698283811567,0.22804374655280493
389,0.3047018006267231,0.07217989934441559,0.46345776142100575,0.38922929801734285,0.3073921898523718
390,0.0,0.723770086002582,0.8465972862000738,0.9696991379858293,0.6350166275471213
391,0.5871402961403538,0.0117561143687106,0.30927259286605874,0.32302863353225175,0.3077994092268437
392,1.0,1.0,0.7700209033306906,0.20843145211795852,0.7446130888621624
393,1.0,1.0,0.7700209033306906,0.20843145211795852,0.7446130888621624
394,1.0,0.7238314576486076,0.9037634340098679,0.5682684818067996,0.7989658433663187
395,0.20022914542811948,0.8293252664852027,0.29460872724982734,0.44924426249406524,0.4433518504143037
396,1.0,0.4642769362894864,1.0,0.6485726114051836,0.7782123869236675
397,1.0,1.0,0.8875687071627145,0.9453830905359086,0.9582379494246558
398,1.0,0.6222823516693669,0.40747960090995317,0.2796580006677403,0.5773549883117651
399,0.0,0.41304609007525367,0.7308854961585438,0.5923619718635067,0.43407338952432606
400,0.4328775954519184,0.790207300897791,0.0,0.25937728328683557,0.37061554490913623
401,1.0,1.0,1.0,0.8169851202562377,0.9542462800640594
402,0.16541110223760963,0.0,0.21821931913305886,0.1869975116378601,0.14265698325213216
403,0.0,0.23658947213635104,0.0,0.25937728328683557,0.12399168885579664
404,0.0,0.39990916405949756,0.0,0.428194400100785,0.20702589104007063
405,0.12523277607627467,1.0,0.33303497391734727,0.4128357434857269,0.46777587336983717
406,1.0,0.0,0.2804925003905276,0.8288741328615045,0.527341658313008
407,1.0,0.16367923106105906,0.7478938850524663,0.30117451107737164,0.5531869067977243
408,0.5871402961403538,0.0117561143687106,0.30927259286605874,0.32302863353225175,0.3077994092268437
409,0.0,0.41304609007525367,0.7308854961585438,0.5923619718635067,0.43407338952432606
410,1.0,0.16367923106105906,0.7478938850524663,0.30117451107737164,0.5531869067977243
411,0.0,0.737829543267173,0.3963655436652599,0.373222588062956,0.37685441874884723
412,0.11168270026709615,0.0,0.5229376493209221,0.4481846517988857,0.270701250346726
413,0.6761198429284206,1.0,0.8062164147020472,0.2777669259530209,0.6900257958958722
414,0.06069803389681383,0.4060942989318409,0.2777907051684791,0.42072895485605893,0.2913279982132982
415,0.0,0.41533573499014925,0.679523342273502,0.6615089215878004,0.43909199971286295
416,1.0,1.0,1.0,0.9924744035532863,0.9981186008883216
417,0.2591390825105502,0.7695595006391053,0.5718135765206963,0.6642063688775992,0.5661796321369877
418,0.8411608939442391,0.0,0.30927259286605874,0.32302863353225175,0.36836553008563744
419,0.6449748872417218,0.10423917408411211,0.538069575047056,0.24115991786188054,0.38211088855869263
420,1.0,1.0,0.17048071228560563,0.4811569249287946,0.6629094093036001
421,1.0,0.7238314576486076,0.9037634340098679,0.5682684818067996,0.7989658433663187
422,1.0,0.5799572834858372,1.0,1.0,0.8949893208714593
423,0.5254219001661824,0.0,0.22688862677779983,0.371613104924051,0.2809809079670083
424,1.0,0.6222823516693669,0.40747960090995317,0.2796580006677403,0.5773549883117651
425,0.7302389372731598,0.2546869817368943,0.551962110538099,0.2887501011433489,0.4564095326728755
426,0.6761198429284206,1.0,0.8062164147020472,0.2777669259530209,0.6900257958958722
427,0.0,0.39990916405949756,0.0,0.428194400100785,0.20702589104007063
428,0.4970946153296685,1.0,1.0,0.9762510694808371,0.8683364212026264
429,0.0,2.499999999933111e-5,0.0,1.4285714285728571e-5,9.82142857126492e-6
430,1.0,1.0,0.8880442026191436,0.8708708965470966,0.93972877479156
431,1.0,1.0,1.0,0.9453830905359086,0.9863457726339772
432,0.0,2.499999999933111e-5,0.0,1.4285714285728571e-5,9.82142857126492e-6
433,0.0,1.0,0.48276371487592495,0.6401469251344074,0.5307276600025831
434,0.697219392706718,0.0,0.18410284410127736,0.4981523825843088,0.34486865484807605
435,0.0,0.7754136174870347,0.8686919983109235,0.9597923641422228,0.6509744949850452
436,0.0,1.0,1.0,1.0,0.75
437,1.0,0.14952522017086242,0.7861685879441359,0.7356553578276787,0.6678372914856692
438,0.0,0.425396550202213,0.3731894939186119,0.05738615394371704,0.2139930495161355
439,0.6761198429284206,1.0,0.8062164147020472,0.2777669259530209,0.6900257958958722
440,1.0,1.0,1.0,0.9150671997372634,0.9787667999343158
441,0.6761198429284206,1.0,0.8062164147020472,0.2777669259530209,0.6900257958958722
442,1.0,1.0,0.8834415864897522,0.7813704661414129,0.9162030131577913
443,1.0,0.7137765700587466,0.1492209717657386,0.5682684818067996,0.6078165059078212
444,1.0,1.0,0.6299447615110653,0.8728320661862203,0.8756942069243214
445,1.0,1.0,1.0,0.9150671997372634,0.9787667999343158
446,1.0,0.7238314576486076,0.9037634340098679,0.5682684818067996,0.7989658433663187
447,3.333333333429186e-5,0.5223123188959267,0.5614223794946257,0.4550826849307288,0.38471267916365387
448,0.9736158573374047,0.7407624432944437,0.2804925003905276,0.8288741328615045,0.7059362334709701
449,1.0,0.6222823516693669,0.40747960090995317,0.2796580006677403,0.5773549883117651
450,0.6761198429284206,1.0,0.8062164147020472,0.2777669259530209,0.6900257958958722
451,1.0,1.0,1.0,0.7813418947128419,0.9453354736782105
452,0.0,0.0,1.666666666668333e-5,1.4285714285728571e-5,7.738095238102975e-6
453,1.0,0.9777313667994543,0.9078979376087878,0.2253293691110212,0.7777396683798158
454,1.0,1.0,1.0,0.8169851202562377,0.9542462800640594
455,1.0,1.0,0.46345776142100575,0.38922929801734285,0.7131717648595872
456,1.0,0.6222823516693669,0.40747960090995317,0.2796580006677403,0.5773549883117651
457,0.0,1.0,1.0,1.0,0.75
458,0.0,0.425396550202213,0.06695051293433654,0.5372850630981096,0.25740803155866476
459,1.0,0.6474434120431671,0.002211199959894124,0.10174943754922679,0.437851012388072
460,1.0,1.0,0.8821246954399207,0.6202384736540777,0.8755907922734997
461,1.0,2.499999999933111e-5,0.8917722678036869,0.7140369584302533,0.651458556558485
462,0.0,0.4589773648172666,0.7948406807798989,0.10174943754922877,0.33889187078659855
463,0.9840429823140503,0.0,0.5718135765206963,0.6642063688775992,0.5550157319280864
464,1.0,1.0,1.0,0.9832680056778619,0.9958170014194655
465,0.7741434028445923,0.9453299940466062,0.8299360708996469,0.1184059684016759,0.6669538590481303
466,1.0,1.0,0.8110011088493191,0.7660929388007057,0.8942735119125061
467,1.0,1.0,0.46345776142100575,0.38922929801734285,0.7131717648595872
468,0.7973115268233466,0.0,0.7349011062973065,0.18492394069661428,0.42928414345431687
469,0.6588082700753645,0.05808006858405884,0.18008542793950483,0.44562310785958725,0.3356492186146288
470,1.0,0.0,0.2804925003905276,0.8288741328615045,0.527341658313008
471,1.0,1.0,0.8821246954399207,0.6202384736540777,0.8755907922734997
472,0.7547146625623419,0.0,0.5614390461612929,0.4550898277878718,0.44281088412787667
473,0.5871402961403538,0.0117561143687106,0.30927259286605874,0.32302863353225175,0.3077994092268437
474,3.3333333332441484e-5,0.3794910747831947,0.2232035952565769,0.30944698283811567,0.22804374655280493
475,0.0,1.0,0.820720192917553,0.235294070793271,0.514003565927706
476,0.20022914542811948,0.8293252664852027,0.29460872724982734,0.44924426249406524,0.4433518504143037
477,0.11168270026709615,0.0,0.5229376493209221,0.4481846517988857,0.270701250346726
478,0.9736158573374047,0.7407624432944437,0.2804925003905276,0.8288741328615045,0.7059362334709701
479,1.0,0.7078830393834208,0.26067133719757796,0.6349265476079815,0.6508702310472451
480,0.0,2.499999999933111e-5,0.0,1.4285714285728571e-5,9.82142857126492e-6
481,0.0,0.6004744747433232,0.25965111423503534,0.423629093646671,0.32093867065625736
482,0.3671247295503657,0.15595457548326083,0.10396971698884055,0.416347502916194,0.2608491312346653
483,1.0,1.0,1.0,0.5954496313294144,0.8988624078323536
484,1.0,0.2510591569442451,0.9901073642904987,0.8147601326735661,0.7639816634770775
485,0.0,0.03905044694009519,0.26289201683261415,0.2699219774946089,0.14296611031682954
486,1.0,1.0,1.0,0.9150671997372634,0.9787667999343158
487,1.0,1.0,1.0,0.8169851202562377,0.9542462800640594
488,0.8133626010151912,1.0,1.0,0.5746396677879442,0.8470005672007839
489,1.0,1.0,1.0,0.8169851202562377,0.9542462800640594
490,1.0,0.0,0.2804925003905276,0.8288741328615045,0.527341658313008
491,0.8062466633086112,0.7436557646847203,0.2481711786026417,0.08391044905959054,0.4704960139138909
492,0.3346136275372789,0.22611163843879659,0.63942416364371,0.26693531687294036,0.36677118662318153
493,1.0,1.0,0.46345776142100575,0.38922929801734285,0.7131717648595872
494,0.0,0.808484218687437,0.8754857612153044,0.6478611756078043,0.5829577888776365
495,1.0,1.0,0.8821246954399207,0.6202384736540777,0.8755907922734997
496,3.3333333332441484e-5,0.0,1.666666666668333e-5,1.4285714285728571e-5,1.6071428571213348e-5
497,0.2591390825105502,0.7695595006391053,0.5718135765206963,0.6642063688775992,0.5661796321369877
498,0.0,0.425396550202213,0.3731894939186119,0.05738615394371704,0.2139930495161355
499,0.9840429823140503,0.0,0.5718135765206963,0.6642063688775992,0.5550157319280864
500,1.0,1.0,0.7190156546132669,0.18869804757244116,0.726928425546427
501,0.6988135423716939,0.5481578135575419,1.0,0.8169851202562377,0.7659891190463683
502,0.0,0.39990916405949756,0.0,0.428194400100785,0.20702589104007063
503,1.0,0.08857887024514842,0.7948406807798989,0.10174943754922877,0.496292247143569
504,1.0,1.0,1.0,0.8027923041846864,0.9506980760461716
505,0.8839417203083094,0.34892712499250267,0.18410284410127736,0.4981523825843088,0.47878101799659956
506,0.0,0.41533573499014925,0.679523342273502,0.6615089215878004,0.43909199971286295
507,0.1490827379358221,0.0,0.14383714693507693,0.24404952314205638,0.13424235200323886
508,0.0,0.0,0.36527236229024385,0.4839192399502091,0.21229790056011322
509,0.0,1.0,1.0,0.8810033753269152,0.7202508438317288
510,0.8712991526829639,1.0,0.9451304894963763,0.49291064105103116,0.8273350708075928
511,1.0,0.08857887024514842,0.7948406807798989,0.10174943754922877,0.496292247143569
512,0.3051463891837164,0.5527032735228906,0.6150267693463747,0.4104265785745112,0.4708257526568732
513,0.9736158573374047,0.7407624432944437,0.2804925003905276,0.8288741328615045,0.7059362334709701
514,1.0,1.0,0.7191724230369195,0.7505857715048961,0.8674395486354539
515,0.0,0.41304609007525367,0.7308854961585438,0.5923619718635067,0.43407338952432606
516,0.0,0.6384555993683981,0.04612484541778455,0.6615089215878004,0.33652234159349576
517,1.0,0.986651890000083,0.860099758515778,0.26784273340140435,0.7786485954793164
518,1.0,1.0,0.08226769963547198,0.3489062312693723,0.6077934827262111
519,0.11168270026709615,0.0,0.5229376493209221,0.4481846517988857,0.270701250346726
520,0.0,0.41533573499014925,0.679523342273502,0.6615089215878004,0.43909199971286295
521,0.8513725659256427,0.8548422625321217,0.0,0.6925782517213054,0.5996982700447674
522,0.9840429823140503,0.0,0.5718135765206963,0.6642063688775992,0.5550157319280864
523,3.3333333332441484e-5,0.0,1.666666666668333e-5,1.4285714285728571e-5,1.6071428571213348e-5
524,1.0,1.0,0.6512886389224455,0.14745766321583348,0.6996865755345698
525,1.0,0.20735084928075323,0.617892233998867,0.38922929801734285,0.5536180953242407
526,1.0,1.0,0.7130807890276611,0.5647919202874164,0.8194681773287694
527,0.0,0.41533573499014925,0.679523342273502,0.6615089215878004,0.43909199971286295
528,3.3333333332441484e-5,0.0,1.666666666668333e-5,1.4285714285728571e-5,1.6071428571213348e-5
529,0.5809652365274319,0.9519635847815342,0.3610023242854508,0.01103290136279879,0.47624101173930394
530,1.0,1.0,1.0,0.5954496313294144,0.8988624078323536
531,0.11168270026709615,0.0,0.5229376493209221,0.4481846517988857,0.270701250346726
532,1.0,2.499999999933111e-5,0.8754857612153044,0.6478611756078043,0.630842984205777
533,1.0,1.0,1.0,1.4285714285728571e-5,0.7500035714285714
534,0.22455922241080006,1.0,0.49394462631574604,0.1502988116034843,0.4672006650825076
535,0.11168270026709615,0.0,0.5229376493209221,0.4481846517988857,0.270701250346726
536,0.45208706919102987,0.9836880028847373,0.9454876172583393,0.4198872745471916,0.7002874909703246
537,1.0,0.16367923106105906,0.7478938850524663,0.30117451107737164,0.5531869067977243
538,1.0,1.0,1.0,1.0,1.0
539,0.5809652365274319,0.07995026139152663,0.3013090565210231,0.01103290136279879,0.2433143639506951
540,0.8712991526829639,1.0,0.9451304894963763,0.49291064105103116,0.8273350708075928
541,0.0,0.6288205908994641,0.0,0.5923619718635067,0.30529564069074266
542,0.1075940218555449,1.0,0.17143325838967352,0.9924744035532856,0.5678754209496261
543,1.0,1.0,1.0,1.0,1.0
544,0.0,0.6004744747433232,0.25965111423503534,0.423629093646671,0.32093867065625736
545,1.0,1.0,1.0,0.8541429180696049,0.9635357295174012
546,0.5593676330035556,0.2834871534388987,0.860099758515778,0.26784273340140435,0.4926993195899092
547,0.6142041582063384,1.0,0.6112905683088085,0.29264598408527953,0.6295351776501066
548,0.5871402961403538,0.0117561143687106,0.30927259286605874,0.32302863353225175,0.3077994092268437
549,0.0,0.808484218687437,0.8754857612153044,0.6478611756078043,0.5829577888776365
550,1.0,1.0,0.7457484019346995,0.5979093661710826,0.8359144420264455
551,1.0,0.0,0.6791841685258784,0.2796580006677411,0.4897105422984049
552,0.0,0.0,0.5653753716279969,0.6741074508914756,0.3098707056298681
553,1.0,1.0,0.8821246954399207,0.6202384736540777,0.8755907922734997
554,1.0,1.0,1.0,1.0,1.0
555,0.8712991526829639,1.0,0.9451304894963763,0.49291064105103116,0.8273350708075928
556,0.0,0.0,1.666666666668333e-5,1.4285714285728571e-5,7.738095238102975e-6
557,0.6576060117299942,0.0,0.2232035952565769,0.30944698283811567,0.2975641474561717
558,0.697219392706718,0.0,0.18410284410127736,0.4981523825843088,0.34486865484807605
559,0.697219392706718,0.0,0.18410284410127736,0.4981523825843088,0.34486865484807605
560,0.0,0.4872419976236101,0.12481438643557281,0.428194400100785,0.260062696039992
561,1.0,0.6222823516693669,0.40747960090995317,0.2796580006677403,0.5773549883117651
562,3.3333333332441484e-5,0.0,1.666666666668333e-5,1.4285714285728571e-5,1.6071428571213348e-5
563,0.9255047785626996,0.0,0.543456836880976,0.4328146820930555,0.4754440743841828
564,0.8513725659256427,0.8548422625321217,0.0,0.6925782517213054,0.5996982700447674
565,1.0,0.4100996455752854,0.336304225292764,0.5104444207332245,0.5642120729003185
566,1.0,1.0,0.8834415864897522,0.7813704661414129,0.9162030131577913
567,1.0,0.6222823516693669,0.40747960090995317,0.2796580006677403,0.5773549883117651
568,1.0,1.0,1.0,0.9150671997372634,0.9787667999343158
569,0.0,1.0,0.5631878058751979,0.26191213187549645,0.45627498443767356
570,0.0,0.0,0.6268950736144612,0.5372850630981096,0.2910450341781427
571,0.6248938740144243,0.9200344974958944,0.6035514350590846,0.0,0.5371199516423508
572,1.0,0.6222823516693669,0.40747960090995317,0.2796580006677403,0.5773549883117651
573,3.3333333332441484e-5,0.0,1.666666666668333e-5,1.4285714285728571e-5,1.6071428571213348e-5
574,0.6761198429284206,1.0,0.24810350712556092,0.5116691442269953,0.6089731235702442
575,0.5871402961403538,0.0117561143687106,0.30927259286605874,0.32302863353225175,0.3077994092268437
576,1.0,1.0,1.0,0.9150671997372634,0.9787667999343158
577,0.11168270026709615,0.0,0.5229376493209221,0.4481846517988857,0.270701250346726
578,0.46965333446859586,0.06280627146207639,0.7308854961585438,0.5923619718635067,0.46392676848818065
579,1.0,1.0,0.8834415864897522,0.7813704661414129,0.9162030131577913
580,1.0,0.16367923106105906,0.7478938850524663,0.30117451107737164,0.5531869067977243
581,1.0,1.0,1.0,1.0,1.0
582,0.9736158573374047,0.7407624432944437,0.2804925003905276,0.8288741328615045,0.7059362334709701
583,1.0,0.2557847925768394,0.9451304894963763,0.49291064105103116,0.6734564807810617
584,0.8329045502421566,1.0,0.24580393365408593,0.84654387929244,0.7313130907971706
585,1.0,1.0,0.63942416364371,0.26693531687294036,0.7265898701291627
586,0.6576060117299942,0.0,0.2232035952565769,0.30944698283811567,0.2975641474561717
587,0.7504332567949162,1.0,0.04128564672362019,0.03538769719167445,0.4567766501775527
588,1.0,1.0,0.8834415864897522,0.7813704661414129,0.9162030131577913
589,0.21575257136769074,0.0,0.8670003759515359,0.6933840590622143,0.44403425159536025
590,1.0,1.0,0.8821246954399207,0.6202384736540777,0.8755907922734997
591,3.3333333332441484e-5,0.0,1.666666666668333e-5,1.4285714285728571e-5,1.6071428571213348e-5
592,0.697219392706718,0.0,0.18410284410127736,0.4981523825843088,0.34486865484807605
593,1.0,1.0,0.7190156546132669,0.18869804757244116,0.726928425546427
594,0.34422453461186164,0.0,0.8062164147020472,0.2777669259530209,0.35705196881673246
595,1.0,1.0,0.46345776142100575,0.38922929801734285,0.7131717648595872
596,0.06069803389681291,0.736375670998103,0.0,0.4207289548560587,0.30445066493774364
597,1.0,0.7238314576486076,0.9037634340098679,0.5682684818067996,0.7989658433663187
598,0.6017677642350477,0.41033727303909284,0.8834415864897522,0.7813704661414129,0.6692292724763265
599,1.0,0.16367923106105906,0.7478938850524663,0.30117451107737164,0.5531869067977243
600,0.0,0.3818244612798511,0.5464644217991885,0.4602824665234193,0.34714283740061475
601,0.0,1.0,1.0,0.8810033753269152,0.7202508438317288
602,0.6761198429284206,1.0,0.8062164147020472,0.2777669259530209,0.6900257958958722
603,0.9736158573374047,0.7407624432944437,0.2804925003905276,0.8288741328615045,0.7059362334709701
604,1.0,1.0,0.8821246954399207,0.6202384736540777,0.8755907922734997
605,1.0,2.499999999933111e-5,0.8754857612153044,0.6478611756078043,0.630842984205777
606,1.0,2.499999999933111e-5,0.9670113977020404,0.7819208165022054,0.6872393035510612
607,0.0,0.8618743341088015,0.522242917729755,0.30091828938237797,0.4212588853052336
608,1.0,0.6222823516693669,0.40747960090995317,0.2796580006677403,0.5773549883117651
609,0.9763133511796789,0.5449576166499429,0.05165532406970577,0.5215034262465731,0.5236074295364751
610,1.0,0.20735084928075323,0.617892233998867,0.38922929801734285,0.5536180953242407
611,0.0,0.8765638859746375,1.0,0.9930479131387967,0.7174029497783586
612,0.11168270026709615,0.0,0.5229376493209221,0.4481846517988857,0.270701250346726
613,0.0,0.03905044694009519,0.26289201683261415,0.2699219774946089,0.14296611031682954
614,0.6168764625134429,0.5799215136018213,0.8821246954399207,0.6202384736540777,0.6747902863023157
615,1.0,0.6344352727895226,0.022526649935132124,0.7356553578276787,0.5981543201380833
616,0.0,0.23658947213635104,0.32965976805997593,0.25937728328683557,0.20640663087079064
617,0.9255047785626996,0.0,0.543456836880976,0.4328146820930555,0.4754440743841828
618,0.0,0.4872419976236101,0.12481438643557281,0.428194400100785,0.260062696039992
619,3.333333333429186e-5,0.5223123188959267,0.5614223794946257,0.4550826849307288,0.38471267916365387
620,1.0,0.9777313667994543,0.9078979376087878,0.2253293691110212,0.7777396683798158
621,0.13983449159845435,0.799513718770827,0.543456836880976,0.4328146820930555,0.4789049323358282
622,1.0,1.0,0.8834415864897522,0.7813704661414129,0.9162030131577913
623,0.0,0.23658947213635104,0.32965976805997593,0.25937728328683557,0.20640663087079064
624,0.0,0.4589773648172666,0.7948406807798989,0.10174943754922877,0.33889187078659855
625,0.7741434028445923,0.9453299940466062,0.8299360708996469,0.1184059684016759,0.6669538590481303
626,0.7504332567949162,1.0,0.04128564672362019,0.03538769719167445,0.4567766501775527
627,0.21575257136769074,0.0,0.8670003759515359,0.6933840590622143,0.44403425159536025
628,1.0,0.16367923106105906,0.7478938850524663,0.30117451107737164,0.5531869067977243
629,1.0,0.7238314576486076,0.9037634340098679,0.5682684818067996,0.7989658433663187
630,0.0,2.499999999933111e-5,0.0,1.4285714285728571e-5,9.82142857126492e-6
631,1.0,1.0,1.0,0.27773835452444867,0.8194345886311122
632,1.0,0.0,0.2804925003905276,0.8288741328615045,0.527341658313008
633,1.0,0.16367923106105906,0.7478938850524663,0.30117451107737164,0.5531869067977243
634,1.0,0.16367923106105906,0.7478938850524663,0.30117451107737164,0.5531869067977243
635,1.0,0.16367923106105906,0.7478938850524663,0.30117451107737164,0.5531869067977243
636,1.0,1.0,0.7130807890276611,0.5647919202874164,0.8194681773287694
637,0.5809652365274319,0.07995026139152663,0.3013090565210231,0.01103290136279879,0.2433143639506951
638,1.0,1.0,0.7130807890276611,0.5647919202874164,0.8194681773287694
639,0.0,0.23658947213635104,0.32965976805997593,0.25937728328683557,0.20640663087079064
640,0.2591390825105502,0.7695595006391053,0.5718135765206963,0.6642063688775992,0.5661796321369877
641,1.0,1.0,1.0,0.8646534768393769,0.9661633692098442
642,0.2407403389788972,1.0,0.5789608708969619,0.7909155929540941,0.6526542007074883
643,0.8712991526829639,1.0,0.9451304894963763,0.49291064105103116,0.8273350708075928
644,0.6761198429284206,1.0,0.8062164147020472,0.2777669259530209,0.6900257958958722
645,1.0,0.6368131718551341,0.07572874482319097,0.7922298309501062,0.6261929369071079
646,0.6588082700753645,0.05808006858405884,0.18008542793950483,0.44562310785958725,0.3356492186146288
647,0.0,0.425396550202213,0.3731894939186119,0.05738615394371704,0.2139930495161355
648,0.48616313723773474,1.0,0.8926339145604139,1.0,0.8446992629495371
649,1.0,1.0,1.0,1.4285714285728571e-5,0.7500035714285714
650,0.349597603403685,0.39990916405949756,0.12481438643557281,0.428194400100785,0.32562888849988514
651,1.0,1.0,0.7191724230369195,0.7505857715048961,0.8674395486354539
652,0.39533962342148865,0.0,0.19979068995350185,0.4181004182217702,0.2533076828991902
653,0.0,0.6557125464979773,0.43235194633464274,0.5661713931785785,0.41355897150279963
654,0.9736158573374047,0.7407624432944437,0.2804925003905276,0.8288741328615045,0.7059362334709701
655,1.0,0.16367923106105906,0.7478938850524663,0.30117451107737164,0.5531869067977243
656,0.0,0.425396550202213,0.3731894939186119,0.05738615394371704,0.2139930495161355
657,0.8712991526829639,1.0,0.9451304894963763,0.49291064105103116,0.8273350708075928
658,1.0,0.08857887024514842,0.7948406807798989,0.10174943754922877,0.496292247143569
659,1.0,0.46667694971990875,0.4438993181554444,0.252587746975743,0.5407910037127741
660,1.0,0.6222823516693669,0.40747960090995317,0.2796580006677403,0.5773549883117651
661,0.7192615249933098,1.0,1.0,0.05187323688381246,0.6927836904692806
662,3.3333333332441484e-5,0.0,1.666666666668333e-5,1.4285714285728571e-5,1.6071428571213348e-5
663,3.3333333332441484e-5,0.0,1.666666666668333e-5,1.4285714285728571e-5,1.6071428571213348e-5
664,0.46965333446859586,0.06280627146207639,0.7308854961585438,0.5923619718635067,0.46392676848818065
665,1.0,1.0,1.0,0.7048475460025532,0.9262118865006383
666,0.34422453461186164,0.0,0.8062164147020472,0.2777669259530209,0.35705196881673246
667,0.5164713731957853,1.0,0.6175895852313548,0.4567470662821189,0.6477020061773148
668,0.0,0.6384555993683981,0.04612484541778455,0.6615089215878004,0.33652234159349576
669,1.0,0.7223522175074477,0.7470255225959025,0.8169851202562377,0.821590715089897
670,1.0,0.6344352727895226,0.022526649935132124,0.7356553578276787,0.5981543201380833
671,0.5809652365274319,0.9519635847815342,0.3610023242854508,0.01103290136279879,0.47624101173930394
672,3.3333333332441484e-5,0.0,1.666666666668333e-5,1.4285714285728571e-5,1.6071428571213348e-5
673,0.6761198429284206,1.0,0.8062164147020472,0.2777669259530209,0.6900257958958722
674,1.0,0.7726837602880494,0.24514036789088456,0.46103565130300733,0.6197149448704854
675,1.0,1.0,0.46345776142100575,0.38922929801734285,0.7131717648595872
676,0.644762716094093,1.0,0.6861627908011674,0.4570395443187554,0.696991262803504
677,0.0,0.23658947213635104,0.0,0.25937728328683557,0.12399168885579664
678,0.8712991526829639,1.0,0.9451304894963763,0.49291064105103116,0.8273350708075928
679,1.0,0.2510591569442451,0.9901073642904987,0.8147601326735661,0.7639816634770775
680,1.0,1.0,0.3531814628778976,0.9115303616707349,0.816177956137158
681,0.0,1.0,1.0,1.0,0.75
682,0.0,1.0,0.820720192917553,0.235294070793271,0.514003565927706
683,1.0,1.0,1.0,0.9150671997372634,0.9787667999343158
684,1.0,0.0,0.6791841685258784,0.2796580006677411,0.4897105422984049
685,0.9763133511796789,0.5449576166499429,0.05165532406970577,0.5215034262465731,0.5236074295364751
686,1.0,0.16367923106105906,0.7478938850524663,0.30117451107737164,0.5531869067977243
687,0.10616886962446967,0.10235165944596016,0.2968988532006731,0.18492394069661428,0.1725858307419293
688,0.5871402961403538,0.0117561143687106,0.30927259286605874,0.32302863353225175,0.3077994092268437
689,1.0,1.0,0.9339212482739802,0.7238017308539335,0.9144307447819784
690,0.6576060117299942,0.0,0.2232035952565769,0.30944698283811567,0.2975641474561717
691,0.46965333446859586,0.06280627146207639,0.7308854961585438,0.5923619718635067,0.46392676848818065
692,1.0,1.0,1.0,0.8128858439341948,0.9532214609835488
693,0.34422453461186164,0.0,0.8062164147020472,0.2777669259530209,0.35705196881673246
694,0.08691935067704401,1.0,0.6714354650514276,0.14938394287686363,0.4769346896513338
695,0.4566316911988777,0.0,0.36100232428545126,0.01103290136279879,0.20716672921178192
696,0.16541110223760963,0.0,0.21821931913305886,0.1869975116378601,0.14265698325213216
697,0.4817053685767366,0.0,0.5484311971675842,0.36000728704267726,0.3475359631967495
698,0.0,0.0,0.6268950736144612,0.5372850630981096,0.2910450341781427
699,0.39533962342148865,0.0,0.19979068995350185,0.4181004182217702,0.2533076828991902
700,1.0,1.0,1.0,1.0,1.0
701,1.0,0.16367923106105906,0.7478938850524663,0.30117451107737164,0.5531869067977243
702,0.9736158573374047,0.7407624432944437,0.2804925003905276,0.8288741328615045,0.7059362334709701
703,1.0,1.0,1.0,0.8169851202562377,0.9542462800640594
704,1.0,1.0,0.4839750103323799,0.5525546653049114,0.7591324189093228
705,1.0,1.0,0.6512886389224455,0.14745766321583348,0.6996865755345698
706,0.6449748872417218,0.10423917408411211,0.538069575047056,0.24115991786188054,0.38211088855869263
707,0.4328775954519184,0.790207300897791,0.0,0.25937728328683557,0.37061554490913623
708,1.0,0.08857887024514842,0.7948406807798989,0.10174943754922877,0.496292247143569
709,3.3333333332441484e-5,0.3794910747831947,0.2232035952565769,0.30944698283811567,0.22804374655280493
710,0.9699284257237938,0.7802918458654237,0.0,0.28542049634834604,0.5089101919843909
711,0.6761198429284206,1.0,0.8062164147020472,0.2777669259530209,0.6900257958958722
712,0.9065073731261374,1.0,0.30326661487584944,0.9627562307219351,0.7931325546809805
713,0.0,1.0,1.0,1.0,0.75
714,3.333333333429186e-5,0.5223123188959267,0.5614223794946257,0.4550826849307288,0.38471267916365387
715,1.0,1.0,0.8834415864897522,0.7813704661414129,0.9162030131577913
716,1.0,0.08857887024514842,0.7948406807798989,0.10174943754922877,0.496292247143569
717,0.5506649293112574,0.9640837903337229,0.6346291775899361,0.39922521363670943,0.6371507777179065
718,0.8712991526829639,1.0,0.9451304894963763,0.49291064105103116,0.8273350708075928
719,1.0,1.0,0.8880442026191436,0.8708708965470966,0.93972877479156
720,1.0,1.0,0.63942416364371,0.26693531687294036,0.7265898701291627
721,0.5254219001661824,0.0,0.22688862677779983,0.371613104924051,0.2809809079670083
722,3.333333333429186e-5,0.5223123188959267,0.5614223794946257,0.4550826849307288,0.38471267916365387
723,0.11168270026709615,0.0,0.5229376493209221,0.4481846517988857,0.270701250346726
724,0.349597603403685,0.39990916405949756,0.12481438643557281,0.428194400100785,0.32562888849988514
725,0.11168270026709615,0.0,0.5229376493209221,0.4481846517988857,0.270701250346726
726,0.46965333446859586,0.06280627146207639,0.7308854961585438,0.5923619718635067,0.46392676848818065
727,0.5254219001661824,0.0,0.22688862677779983,0.371613104924051,0.2809809079670083
728,1.0,1.0,1.0,0.8027923041846864,0.9506980760461716
729,0.5809652365274319,0.9519635847815342,0.3610023242854508,0.01103290136279879,0.47624101173930394
730,0.1490827379358221,0.0,0.14383714693507693,0.24404952314205638,0.13424235200323886
731,1.0,0.4642769362894864,1.0,0.6485726114051836,0.7782123869236675
732,0.7495377864040725,1.0,0.15878379285394806,0.65852070173698,0.6417105702487501
733,0.31596031638599,0.36231153389635473,0.5545034971748868,0.9011548474567546,0.5334825487284965
734,0.8660194812214306,0.0,0.22688862677779983,0.371613104924051,0.36613030323082035
735,0.10616886962446967,0.9453482798010093,0.7349011062973065,0.18492394069661428,0.49283554910484995
736,0.39533962342148865,0.0,0.19979068995350185,0.4181004182217702,0.2533076828991902
737,0.0,1.0,1.0,0.8810033753269152,0.7202508438317288
738,0.1490827379358221,0.0,0.14383714693507693,0.24404952314205638,0.13424235200323886
739,1.0,0.9469040321765031,1.0,0.5954496313294144,0.8855884158764794
740,0.3051463891837164,0.5527032735228906,0.6150267693463747,0.4104265785745112,0.4708257526568732
741,0.0,0.4872419976236101,0.12481438643557281,0.428194400100785,0.260062696039992
742,1.0,1.0,1.0,0.8169851202562377,0.9542462800640594
743,1.0,1.0,1.0,0.8541429180696049,0.9635357295174012
744,1.0,1.0,1.0,0.7048475460025532,0.9262118865006383
745,1.0,0.0,0.2804925003905276,0.8288741328615045,0.527341658313008
746,1.0,1.0,0.8834415864897522,0.7813704661414129,0.9162030131577913
747,0.0,0.4872419976236101,0.12481438643557281,0.428194400100785,0.260062696039992
748,0.0,1.0,0.9088239136259715,0.7012440080208443,0.6525169804117039
749,1.0,0.9777313667994543,0.9078979376087878,0.2253293691110212,0.7777396683798158
750,0.618539927085295,1.0,0.7181733328035882,1.0,0.8341783149722208
751,1.0,1.0,1.0,1.0,1.0
752,1.0,1.0,1.0,0.9150671997372634,0.9787667999343158
753,0.0,1.0,0.820720192917553,0.235294070793271,0.514003565927706
754,0.8712991526829639,1.0,0.9451304894963763,0.49291064105103116,0.8273350708075928
755,1.0,1.0,0.8821246954399207,0.6202384736540777,0.8755907922734997
756,1.0,0.16367923106105906,0.7478938850524663,0.30117451107737164,0.5531869067977243
757,0.3346136275372789,0.22611163843879659,0.63942416364371,0.26693531687294036,0.36677118662318153
758,0.9763133511796789,0.0,0.4327170551182419,0.5215034262465731,0.48263345813612346
759,1.0,1.0,0.8834415864897522,0.7813704661414129,0.9162030131577913
760,0.6576060117299942,0.0,0.2232035952565769,0.30944698283811567,0.2975641474561717
761,1.0,1.0,0.8834415864897522,0.7813704661414129,0.9162030131577913
762,1.0,0.3922506584697053,0.5489297534452853,0.26693531687294036,0.5520289321969827
763,0.0,0.7976125787760286,0.7478938850524663,0.30117451107737164,0.46167024372646664
764,0.0,1.0,1.0,1.0,0.75
765,0.34422453461186164,0.0,0.8062164147020472,0.2777669259530209,0.35705196881673246
766,1.0,1.0,0.9339212482739802,0.7238017308539335,0.9144307447819784
767,1.0,1.0,0.05468014127448238,0.30117451107737164,0.5889636630879634
768,1.0,0.9777313667994543,0.9078979376087878,0.2253293691110212,0.7777396683798158
769,0.2397233816274713,1.0,0.5371151457979547,0.7971382145998211,0.6434941855063119
770,1.0,1.0,0.7191724230369195,0.7505857715048961,0.8674395486354539
771,0.45208706919102987,0.9836880028847373,0.9454876172583393,0.4198872745471916,0.7002874909703246
772,1.0,1.0,1.0,0.8541429180696049,0.9635357295174012
773,0.0,0.0,0.17678136381049134,0.13529353583335407,0.07801872491096135
774,0.0,0.5370404861046562,0.26067133719757796,0.6349265476079815,0.35815959272755393
775,0.0,0.03905044694009519,0.26289201683261415,0.2699219774946089,0.14296611031682954
776,1.0,1.0,1.0,0.7043468628656643,0.9260867157164161
777,0.0,0.425396550202213,0.06695051293433654,0.5372850630981096,0.25740803155866476
778,0.8839417203083094,0.34892712499250267,0.18410284410127736,0.4981523825843088,0.47878101799659956
779,0.1490827379358221,0.0,0.14383714693507693,0.24404952314205638,0.13424235200323886
780,0.10616886962446967,0.9453482798010093,0.7349011062973065,0.18492394069661428,0.49283554910484995
781,0.2397233816274713,1.0,0.5371151457979547,0.7971382145998211,0.6434941855063119
782,1.0,1.0,0.7555192038731523,1.0,0.938879800968288
783,0.08691935067704401,1.0,0.6714354650514276,0.14938394287686363,0.4769346896513338
784,1.0,1.0,1.0,1.0,1.0
785,0.2591390825105502,0.7695595006391053,0.5718135765206963,0.6642063688775992,0.5661796321369877
786,0.5780879769504681,0.8792768504092127,0.9037634340098679,0.5682684818067996,0.7323491857940871
787,3.3333333332441484e-5,0.0,1.666666666668333e-5,1.4285714285728571e-5,1.6071428571213348e-5
788,0.4566316911988777,0.0,0.36100232428545126,0.01103290136279879,0.20716672921178192
789,1.0,1.0,0.8110011088493191,0.7660929388007057,0.8942735119125061
790,1.0,0.7238314576486076,0.9037634340098679,0.5682684818067996,0.7989658433663187
791,0.735711671382891,0.37370019159976486,0.5315342112081927,0.2835438708672098,0.48112248626451454
792,0.0,0.28173455730077646,0.3846795136432855,0.2013293676673852,0.2169358596528618
793,1.0,0.4100996455752854,0.336304225292764,0.5104444207332245,0.5642120729003185
794,1.0,1.0,1.0,0.11840596840167629,0.7796014921004191
795,0.7741434028445923,0.4850583190304374,0.2968866626977377,0.1184059684016759,0.4186235882436108
796,0.0,0.0,0.6169508864583022,0.44074341688636387,0.2644235758361665
797,1.0,0.7238314576486076,0.9037634340098679,0.5682684818067996,0.7989658433663187
798,0.4328775954519184,0.04308449459223817,0.32965976805997593,0.25937728328683557,0.266249785347742
799,1.0,0.9777313667994543,0.9078979376087878,0.2253293691110212,0.7777396683798158
800,1.0,0.32516237973462947,0.6198481922274522,0.7813704661414141,0.681595259525874
801,0.6761198429284206,1.0,0.24810350712556092,0.5116691442269953,0.6089731235702442
802,0.0,0.8765638859746375,1.0,0.9930479131387967,0.7174029497783586
803,0.0,1.0,0.6089847723098504,0.013177034219240862,0.40554045163227276
804,0.19142472019879064,1.0,0.46192166446154576,0.060208892231354755,0.4283888192229228
805,0.4328775954519184,0.790207300897791,0.0,0.25937728328683557,0.37061554490913623
806,0.0,0.41304609007525367,0.7308854961585438,0.5923619718635067,0.43407338952432606
807,1.0,1.0,0.7190156546132669,0.18869804757244116,0.726928425546427
808,1.0,0.0,0.2804925003905276,0.8288741328615045,0.527341658313008
809,1.0,0.6222823516693669,0.40747960090995317,0.2796580006677403,0.5773549883117651
810,1.0,1.0,0.07058153465982947,0.4712110755256939,0.6354481525463809
811,1.0,1.0,1.666666666668333e-5,1.0,0.7500041666666667
812,1.0,1.0,0.5749579569455125,0.4834042687662804,0.7645905564279483
813,0.735711671382891,0.37370019159976486,0.5315342112081927,0.2835438708672098,0.48112248626451454
814,0.8712991526829639,1.0,0.9451304894963763,0.49291064105103116,0.8273350708075928
815,0.0,0.41533573499014925,0.679523342273502,0.6615089215878004,0.43909199971286295
816,0.2397233816274713,1.0,0.5371151457979547,0.7971382145998211,0.6434941855063119
817,1.0,1.0,1.0,0.7043468628656643,0.9260867157164161
818,0.0,0.6288205908994641,0.0,0.5923619718635067,0.30529564069074266
819,0.9178839152034268,1.0,0.9740341423443294,0.4297755889171886,0.8304234116162362
820,0.7495377864040725,1.0,0.15878379285394806,0.65852070173698,0.6417105702487501
821,1.0,0.08857887024514842,0.7948406807798989,0.10174943754922877,0.496292247143569
822,0.6576060117299942,0.0,0.2232035952565769,0.30944698283811567,0.2975641474561717
823,0.0,0.808484218687437,0.8754857612153044,0.6478611756078043,0.5829577888776365
824,0.48616313723773474,1.0,0.8926339145604139,1.0,0.8446992629495371
825,0.0,0.425396550202213,0.06695051293433654,0.5372850630981096,0.25740803155866476
826,0.7547146625623419,0.0,0.5614390461612929,0.4550898277878718,0.44281088412787667
827,0.1490827379358221,0.0,0.14383714693507693,0.24404952314205638,0.13424235200323886
828,0.0,0.6557125464979773,0.43235194633464274,0.5661713931785785,0.41355897150279963
829,0.9736158573374047,0.7407624432944437,0.2804925003905276,0.8288741328615045,0.7059362334709701
830,1.0,0.08857887024514842,0.7948406807798989,0.10174943754922877,0.496292247143569
831,1.0,1.0,0.8834415864897522,0.7813704661414129,0.9162030131577913
832,0.5809652365274319,0.9519635847815342,0.3610023242854508,0.01103290136279879,0.47624101173930394
833,1.0,1.0,1.0,0.6485726114051836,0.9121431528512959
834,3.3333333332441484e-5,0.0,1.666666666668333e-5,1.4285714285728571e-5,1.6071428571213348e-5
835,0.11168270026709615,0.0,0.5229376493209221,0.4481846517988857,0.270701250346726
836,0.7504332567949162,1.0,0.04128564672362019,0.03538769719167445,0.4567766501775527
837,0.0,0.0,0.2664216610893434,0.3693594181807592,0.15894526981752566
838,1.0,0.32516237973462947,0.6198481922274522,0.7813704661414141,0.681595259525874
839,0.34422453461186164,0.0,0.8062164147020472,0.2777669259530209,0.35705196881673246
840,1.0,1.0,1.0,0.9075958453386737,0.9768989613346684
841,0.0,0.03905044694009519,0.26289201683261415,0.2699219774946089,0.14296611031682954
842,1.0,0.7223522175074477,0.7470255225959025,0.8169851202562377,0.821590715089897
843,1.0,0.6474434120431671,0.002211199959894124,0.10174943754922679,0.437851012388072
844,1.0,0.0,1.0,0.3489062312693723,0.5872265578173431
845,0.0,0.4589773648172666,0.7948406807798989,0.10174943754922877,0.33889187078659855
846,1.0,1.0,0.7191724230369195,0.7505857715048961,0.8674395486354539
847,1.0,1.0,0.18550323367005347,1.0,0.7963758084175133
848,1.0,1.0,0.8834415864897522,0.7813704661414129,0.9162030131577913
849,0.0,0.41533573499014925,0.679523342273502,0.6615089215878004,0.43909199971286295
850,0.7741434028445923,0.4850583190304374,0.2968866626977377,0.1184059684016759,0.4186235882436108
851,0.11168270026709615,0.0,0.5229376493209221,0.4481846517988857,0.270701250346726
852,0.0,0.07930453896713081,0.37512409405493213,0.3693594181807592,0.20594701280070554
853,1.0,1.0,0.63942416364371,0.26693531687294036,0.7265898701291627
854,0.2591390825105502,0.7695595006391053,0.5718135765206963,0.6642063688775992,0.5661796321369877
855,0.0,0.3538805214683394,0.9978072289921177,0.6925782517213054,0.5110665005454407
856,0.1075940218555449,1.0,0.17143325838967352,0.9924744035532856,0.5678754209496261
857,1.0,0.6474434120431671,0.002211199959894124,0.10174943754922679,0.437851012388072
858,1.0,1.0,1.0,0.6485726114051836,0.9121431528512959
859,1.0,0.08857887024514842,0.7948406807798989,0.10174943754922877,0.496292247143569
860,1.0,1.0,0.63942416364371,0.26693531687294036,0.7265898701291627
861,0.0,2.499999999933111e-5,0.0,1.4285714285728571e-5,9.82142857126492e-6
862,0.0,0.07930453896713081,0.37512409405493213,0.3693594181807592,0.20594701280070554
863,0.0,0.7754136174870347,0.8686919983109235,0.9597923641422228,0.6509744949850452
864,3.333333333429186e-5,0.5223123188959267,0.5614223794946257,0.4550826849307288,0.38471267916365387
865,0.10616886962446967,0.9453482798010093,0.7349011062973065,0.18492394069661428,0.49283554910484995
866,1.0,0.6222823516693669,0.40747960090995317,0.2796580006677403,0.5773549883117651
867,1.0,1.0,1.0,1.0,1.0
868,1.0,1.0,0.08661884172149607,0.350200850277236,0.609204922999683
869,0.4762097668424078,0.5064765164256662,0.45842963325386754,0.5636427329311137,0.5011896623632638
870,0.0,0.0,0.6268950736144612,0.5372850630981096,0.2910450341781427
871,0.7741434028445923,0.9453299940466062,0.8299360708996469,0.1184059684016759,0.6669538590481303
872,0.1490827379358221,0.0,0.14383714693507693,0.24404952314205638,0.13424235200323886
873,1.0,0.6602872208846101,1.0,0.4834042687662804,0.7859228724127226
874,1.0,1.0,0.8821246954399207,0.6202384736540777,0.8755907922734997
875,1.0,1.0,1.0,0.8169851202562377,0.9542462800640594
876,0.349597603403685,0.39990916405949756,0.12481438643557281,0.428194400100785,0.32562888849988514
877,0.7741434028445923,0.4850583190304374,0.2968866626977377,0.1184059684016759,0.4186235882436108
878,0.0,0.07930453896713081,0.37512409405493213,0.3693594181807592,0.20594701280070554
879,1.0,0.08857887024514842,0.7948406807798989,0.10174943754922877,0.496292247143569
880,1.0,1.0,1.0,0.8169851202562377,0.9542462800640594
881,0.0,0.6384555993683981,0.04612484541778455,0.6615089215878004,0.33652234159349576
882,1.0,1.0,1.0,0.7048475460025532,0.9262118865006383
883,1.0,0.986651890000083,0.860099758515778,0.26784273340140435,0.7786485954793164
884,0.0,0.41304609007525367,0.7308854961585438,0.5923619718635067,0.43407338952432606
885,1.0,1.0,0.8834415864897522,0.7813704661414129,0.9162030131577913
886,0.0,0.0,1.666666666668333e-5,1.4285714285728571e-5,7.738095238102975e-6
887,1.0,1.0,0.8821246954399207,0.6202384736540777,0.8755907922734997
888,1.0,1.0,1.0,1.0,1.0
889,0.0,1.0,0.1291370966117644,0.8894919165764922,0.5046572532970641
890,0.6761198429284206,1.0,0.8062164147020472,0.2777669259530209,0.6900257958958722
891,1.0,0.08857887024514842,0.7948406807798989,0.10174943754922877,0.496292247143569
892,1.0,1.0,0.9339212482739802,0.7238017308539335,0.9144307447819784
893,1.0,0.9777313667994543,0.9078979376087878,0.2253293691110212,0.7777396683798158
894,0.0,0.0,0.5652497234340172,0.5661713931785785,0.2828552791531489
895,0.8712991526829639,1.0,0.9451304894963763,0.49291064105103116,0.8273350708075928
896,0.0,0.425396550202213,0.06695051293433654,0.5372850630981096,0.25740803155866476
897,1.0,1.0,0.8821246954399207,0.6202384736540777,0.8755907922734997
898,0.48616313723773474,1.0,0.8926339145604139,1.0,0.8446992629495371
899,1.0,0.7726837602880494,0.24514036789088456,0.46103565130300733,0.6197149448704854
900,0.06069803389681383,0.4060942989318409,0.2777907051684791,0.42072895485605893,0.2913279982132982
901,0.0,0.0,0.6169508864583022,0.44074341688636387,0.2644235758361665
902,0.5254219001661824,0.0,0.22688862677779983,0.371613104924051,0.2809809079670083
903,0.9763133511796789,0.0,0.4327170551182419,0.5215034262465731,0.48263345813612346
904,0.5254219001661824,0.0,0.22688862677779983,0.371613104924051,0.2809809079670083
905,1.0,0.986651890000083,0.860099758515778,0.26784273340140435,0.7786485954793164
906,0.2591390825105502,0.7695595006391053,0.5718135765206963,0.6642063688775992,0.5661796321369877
907,0.0,0.6699241517718411,0.5748269293915953,0.20989529618152356,0.36366159433623996
908,0.9736158573374047,0.7407624432944437,0.2804925003905276,0.8288741328615045,0.7059362334709701
909,1.0,1.0,0.8110011088493191,0.7660929388007057,0.8942735119125061
910,1.0,1.0,1.0,1.0,1.0
911,0.3251871516978709,1.0,1.0,1.0,0.8312967879244677
912,0.0,0.0,0.6268950736144612,0.5372850630981096,0.2910450341781427
913,0.3250157815608695,0.3751622816730637,0.0,0.2405087010804841,0.2351716910786043
914,0.10616886962446967,0.9453482798010093,0.7349011062973065,0.18492394069661428,0.49283554910484995
915,1.0,1.0,0.46240722594347433,0.3397262612373825,0.7005333717952142
916,0.7504332567949162,1.0,0.04128564672362019,0.03538769719167445,0.4567766501775527
917,0.5043052564316891,0.8264088557794097,0.9817901192412708,0.24533257803834949,0.6394592023726798
918,0.0,0.28173455730077646,0.3846795136432855,0.2013293676673852,0.2169358596528618
919,0.11168270026709615,0.0,0.5229376493209221,0.4481846517988857,0.270701250346726
920,0.2397233816274713,1.0,0.5371151457979547,0.7971382145998211,0.6434941855063119
921,0.8488024580287051,0.0,0.538069575047056,0.24115991786188054,0.40700798773441044
922,1.0,1.0,0.63942416364371,0.26693531687294036,0.7265898701291627
923,0.0,0.3006832490149997,0.5945692568765434,0.4839192399502091,0.344792936460438
924,0.6017677642350477,0.41033727303909284,0.8834415864897522,0.7813704661414129,0.6692292724763265
925,1.0,0.6474434120431671,0.002211199959894124,0.10174943754922679,0.437851012388072
926,0.8839417203083094,0.34892712499250267,0.18410284410127736,0.4981523825843088,0.47878101799659956
927,0.0,0.5370404861046562,0.26067133719757796,0.6349265476079815,0.35815959272755393
928,1.0,1.0,0.9339212482739802,0.7238017308539335,0.9144307447819784
929,0.0,1.0,0.48276371487592495,0.6401469251344074,0.5307276600025831
930,0.7741434028445923,0.9453299940466062,0.8299360708996469,0.1184059684016759,0.6669538590481303
931,1.0,1.0,0.46345776142100575,0.38922929801734285,0.7131717648595872
932,0.8839417203083094,0.34892712499250267,0.18410284410127736,0.4981523825843088,0.47878101799659956
933,1.0,0.3922506584697053,0.5489297534452853,0.26693531687294036,0.5520289321969827
934,0.5780879769504681,0.8792768504092127,0.9037634340098679,0.5682684818067996,0.7323491857940871
935,0.7547146625623419,0.0,0.5614390461612929,0.4550898277878718,0.44281088412787667
936,1.0,0.2557847925768394,0.9451304894963763,0.49291064105103116,0.6734564807810617
937,0.8839417203083094,0.34892712499250267,0.18410284410127736,0.4981523825843088,0.47878101799659956
938,1.0,0.9777313667994543,0.9078979376087878,0.2253293691110212,0.7777396683798158
939,0.0,0.4872419976236101,0.12481438643557281,0.428194400100785,0.260062696039992
940,3.3333333332441484e-5,0.0,1.666666666668333e-5,1.4285714285728571e-5,1.6071428571213348e-5
941,1.0,1.0,1.0,0.9150671997372634,0.9787667999343158
942,0.2591390825105502,0.7695595006391053,0.5718135765206963,0.6642063688775992,0.5661796321369877
943,0.11168270026709615,0.0,0.5229376493209221,0.4481846517988857,0.270701250346726
944,1.0,0.43610382325921365,0.7952355626734074,0.5525546653049112,0.6959735128093831
945,0.6761198429284206,1.0,0.8062164147020472,0.2777669259530209,0.6900257958958722
946,1.0,0.7238314576486076,0.9037634340098679,0.5682684818067996,0.7989658433663187
947,0.48949590902747275,1.0,0.7341854401856475,0.3642501359685017,0.6469828712954054
948,0.5043052564316891,0.8264088557794097,0.9817901192412708,0.24533257803834949,0.6394592023726798
949,1.0,1.0,0.8875687071627145,0.9453830905359086,0.9582379494246558
950,0.8513725659256427,0.24104775379378268,0.9978072289921177,0.6925782517213054,0.695701450108212
951,0.6761198429284206,1.0,0.8062164147020472,0.2777669259530209,0.6900257958958722
952,1.0,0.9469040321765031,1.0,0.5954496313294144,0.8855884158764794
953,0.6576060117299942,0.0,0.2232035952565769,0.30944698283811567,0.2975641474561717
954,0.6111924305375087,0.29297235447268205,0.29203623622213937,0.46367136187837815,0.41496809577767707
955,0.6017677642350477,0.41033727303909284,0.8834415864897522,0.7813704661414129,0.6692292724763265
956,1.0,0.08857887024514842,0.7948406807798989,0.10174943754922877,0.496292247143569
957,0.8660194812214306,0.0,0.22688862677779983,0.371613104924051,0.36613030323082035
958,1.0,1.0,0.63942416364371,0.26693531687294036,0.7265898701291627
959,1.0,1.0,0.08661884172149607,0.350200850277236,0.609204922999683
960,0.8839417203083094,0.34892712499250267,0.18410284410127736,0.4981523825843088,0.47878101799659956
961,0.0,0.0,0.6268950736144612,0.5372850630981096,0.2910450341781427
962,1.0,1.0,0.08226769963547198,0.3489062312693723,0.6077934827262111
963,1.0,1.0,1.0,0.2678427334014045,0.8169606833503511
964,0.11168270026709615,0.0,0.5229376493209221,0.4481846517988857,0.270701250346726
965,0.5593676330035556,0.2834871534388987,0.860099758515778,0.26784273340140435,0.4926993195899092
966,0.0,1.0,0.9088239136259715,0.7012440080208443,0.6525169804117039
967,0.0,0.0,0.39644344880103516,0.4602824665234193,0.2141814788311136
968,0.4328775954519184,0.04308449459223817,0.32965976805997593,0.25937728328683557,0.266249785347742
969,1.0,1.0,1.0,0.8169851202562377,0.9542462800640594
970,1.0,1.0,1.0,0.6485726114051836,0.9121431528512959
971,0.0,0.4589773648172666,0.7948406807798989,0.10174943754922877,0.33889187078659855
972,3.333333333429186e-5,0.5223123188959267,0.5614223794946257,0.4550826849307288,0.38471267916365387
973,0.697219392706718,0.0,0.18410284410127736,0.4981523825843088,0.34486865484807605
974,1.0,1.0,1.0,0.5954496313294144,0.8988624078323536
975,1.0,1.0,0.46345776142100575,0.38922929801734285,0.7131717648595872
976,1.0,1.0,0.7087133939000069,0.3706873982313006,0.7698501980328268
977,0.10616886962446967,0.9453482798010093,0.7349011062973065,0.18492394069661428,0.49283554910484995
978,0.0,0.425396550202213,0.3731894939186119,0.05738615394371704,0.2139930495161355
979,0.6761198429284206,1.0,0.8062164147020472,0.2777669259530209,0.6900257958958722
980,0.9255047785626996,0.0,0.543456836880976,0.4328146820930555,0.4754440743841828
981,1.0,0.16367923106105906,0.7478938850524663,0.30117451107737164,0.5531869067977243
982,0.0,0.5370404861046562,0.26067133719757796,0.6349265476079815,0.35815959272755393
983,0.2591390825105502,0.7695595006391053,0.5718135765206963,0.6642063688775992,0.5661796321369877
984,1.0,1.0,0.7746913546554942,0.6209624070559726,0.8489134404278667
985,0.6168764625134429,0.5799215136018213,0.8821246954399207,0.6202384736540777,0.6747902863023157
986,0.21575257136769074,0.0,0.8670003759515359,0.6933840590622143,0.44403425159536025
987,0.0,0.41304609007525367,0.7308854961585438,0.5923619718635067,0.43407338952432606
988,0.8839417203083094,0.34892712499250267,0.18410284410127736,0.4981523825843088,0.47878101799659956
989,0.8329045502421566,1.0,0.24580393365408593,0.84654387929244,0.7313130907971706
990,1.0,1.0,1.0,0.9150671997372634,0.9787667999343158
991,0.7302389372731598,0.2546869817368943,0.551962110538099,0.2887501011433489,0.4564095326728755
992,0.1492298253002705,0.894662132777532,0.8202575551294852,0.2561356297119155,0.5300712857298008
993,0.0,2.499999999933111e-5,0.0,1.4285714285728571e-5,9.82142857126492e-6
994,0.6142041582063384,1.0,0.6112905683088085,0.29264598408527953,0.6295351776501066
995,1.0,1.0,0.7130807890276611,0.5647919202874164,0.8194681773287694
996,0.0,0.41304609007525367,0.7308854961585438,0.5923619718635067,0.43407338952432606
997,0.6761198429284206,1.0,0.24810350712556092,0.5116691442269953,0.6089731235702442
998,1.0,1.0,1.0,0.8128858439341948,0.9532214609835488
999,1.0,0.9469040321765031,1.0,0.5954496313294144,0.8855884158764794
1000,1.0,1.0,0.08661884172149607,0.350200850277236,0.609204922999683
