Num,Q_1,Q_2,Q_3,Q_4,Q_5,Q_6,Q_7,Average
1,0.6715953878474638,0.7570389968456837,1.0,0.7375167887391524,0.7745719454753967,1.0,1.0,0.848674731272528
2,1.0,1.0,1.0,1.0,0.8659143695583407,1.0,0.5957367820504571,0.9230930216583996
3,1.0,1.0,1.0,0.5407997847872209,1.0,1.0,0.9041642091268463,0.9207091419877239
4,0.9892678929878556,1.0,1.0,0.7734638215870602,1.0,1.0,0.8734260454597909,0.9480225371478151
5,1.0,1.0,1.0,1.0,0.25089222733935984,1.0,1.0,0.8929846039056228
6,1.0,1.0,0.9381690962776694,1.0,0.8320257731257684,1.0,0.8465256838626136,0.9452457933237216
7,1.0,1.0,1.0,0.4328153535625266,1.0,1.0,1.0,0.9189736219375038
8,0.6378440309696692,1.0,1.0,1.0,1.0,1.0,1.0,0.948263432995667
9,0.9859047298895017,0.8194715692444551,1.0,1.0,1.0,0.7845789526404506,1.0,0.9414221788249153
10,1.0,1.0,0.4036136755196053,1.0,1.0,1.0,1.0,0.9148019536456579
11,1.0,1.0,1.0,1.0,1.0,1.0,1.0,1.0
12,1.0,1.0,0.317189512777308,1.0,0.4536445829453978,0.3167195227035338,0.8791982836744872,0.7095359860143896
13,1.0,1.0,1.0,0.20480807797282086,0.8926108545305289,1.0,1.0,0.8710598475004786
14,1.0,0.682274952592492,1.0,1.0,1.0,1.0,1.0,0.9546107075132131
15,1.0,1.0,1.0,1.0,0.7972062075379006,0.8619810495508242,1.0,0.9513124652983892
16,0.926477542406196,1.0,1.0,1.0,1.0,1.0,0.38717929537608375,0.9019509768260399
17,1.0,1.0,1.0,0.7468495421804219,1.0,1.0,1.0,0.9638356488829175
18,1.0,0.9894024645536847,0.19548219069585593,0.7903819941684773,1.0,1.0,1.0,0.8536095213454311
19,1.0,1.0,0.6750372581616454,1.0,0.9036027466253076,1.0,1.0,0.9398057149695648
20,1.0,1.0,0.8512957970956807,1.0,1.0,1.0,1.0,0.9787565424422401
21,0.8621983591536657,0.7553867853747581,0.5747989061024427,0.6639069714990073,1.0,1.0,0.5520529539856441,0.7726205680165025
22,1.0,1.0,1.0,1.0,1.0,1.0,1.0,1.0
23,1.0,0.9425892875414643,0.813061173957271,0.0,1.0,1.0,1.0,0.822235780214105
24,0.1782974647706475,0.8876855922405116,1.0,0.9402218612354807,1.0,1.0,0.9302572823136757,0.8480660286514736
25,0.833513899351008,0.9081472877199293,0.7876243302271123,0.4979527930519917,1.0,0.8866695944093927,0.8766558257856638,0.827223390077871
26,0.8499928718441967,0.9142633988376672,1.0,0.7399465332103764,1.0,1.0,1.0,0.929171829127463
27,0.6076390502753747,1.0,0.9781063774315193,0.17360947319928402,1.0,1.0,1.0,0.8227649858437397
28,1.0,1.0,0.7711776634623855,0.478901549368471,0.28653000958438574,0.9628590199676018,1.0,0.7856383203404063
29,1.0,1.0,1.0,1.0,1.0,0.9122717941442934,1.0,0.9874673991634705
30,0.9794440966876561,1.0,0.9265443421331063,1.0,1.0,1.0,0.8876647111655768,0.9705218785694771
31,1.0,1.0,0.5147755464649816,1.0,0.7647755464649816,1.0,1.0,0.8970787275614233
32,1.0,1.0,1.0,1.0,1.0,1.0,0.7348394796785404,0.9621199256683629
33,0.7228586555970293,1.0,1.0,0.9187271125206419,0.48106170515830377,0.8891434622388117,0.512542213639788,0.789190449879225
34,1.0,1.0,1.0,0.6667929792348776,1.0,1.0,1.0,0.9523989970335539
35,0.3010241723711016,1.0,0.889527165895711,1.0,1.0,0.5306132728069274,1.0,0.8173092301533914
36,0.2140013112835935,1.0,0.2383202912104474,0.7673025757829449,1.0,1.0,1.0,0.7456605968967123
37,1.0,1.0,0.9453071506082177,1.0,1.0,0.5883490583379782,0.4357603226277008,0.8527737902248422
38,0.7541463415039905,0.7331641761890756,0.418740234902662,0.5477398741506603,0.9572965492153356,1.0,0.8315682764312811,0.7489507789132864
39,1.0,1.0,0.4962631262246999,0.6805216454727233,0.9147982297790167,0.9162740407734534,1.0,0.8582652917499848
40,1.0,0.7007568976983997,1.0,1.0,1.0,1.0,1.0,0.9572509853854856
41,1.0,1.0,1.0,0.987075394606067,1.0,1.0,1.0,0.9981536278008667
42,1.0,1.0,1.0,0.33902609431182296,1.0,0.3441231020171788,1.0,0.8118784566184287
43,1.0,1.0,1.0,1.0,1.0,0.9491428592948449,0.5014268992721689,0.9215099655095734
44,1.0,0.8233774659443879,0.8781419927714682,1.0,1.0,1.0,0.6405730651148,0.9060132176900938
45,0.6177894337403991,1.0,1.0,1.0,1.0,1.0,1.0,0.9453984905343428
46,1.0,1.0,0.8699909748823632,0.4363169990774612,1.0,1.0,1.0,0.9009011391371179
47,1.0,1.0,1.0,1.0,0.48863888086063056,1.0,0.3083735812330366,0.8281446374419524
48,1.0,1.0,0.9681209909219,1.0,1.0,0.45718274478308535,1.0,0.9179005336721408
49,0.13159993260038821,0.8470383537483319,0.12694745948138253,1.0,0.6435043973353396,1.0,1.0,0.6784414490236346
50,1.0,1.0,1.0,1.0,1.0,0.7630334392682858,1.0,0.9661476341811837
51,0.4828184677153236,1.0,0.8409677269423678,1.0,1.0,0.6517529167247185,0.49045470428629073,0.7808562593812428
52,1.0,1.0,1.0,1.0,1.0,1.0,0.9200993871762918,0.9885856267394703
53,1.0,1.0,1.0,0.6868557297730358,0.8605039455853498,0.5994497717291094,0.7879533811937439,0.8478232611830342
54,0.6323317048107531,0.8751868862549428,1.0,1.0,0.9510456393498621,1.0,1.0,0.9226520329165082
55,1.0,0.7167382828611396,1.0,0.8403085371086892,1.0,1.0,1.0,0.9367209742814041
56,0.531679826604755,1.0,1.0,1.0,0.9084730552229343,1.0,1.0,0.9200218402610985
57,0.6468863882606942,0.25378085373614523,1.0,0.2152669906974802,0.9441613123059267,1.0,1.0,0.7228707921428923
58,1.0,1.0,1.0,1.0,0.9696266138774061,1.0,0.2960351197443766,0.8950945333745404
59,0.9808120946759638,0.6937449803748558,1.0,1.0,0.4471613114280709,0.9671582878697884,1.0,0.8698395249069542
60,1.0,1.0,1.0,0.380454552617328,1.0,0.8407926755208528,1.0,0.8887496040197401
61,1.0,1.0,1.0,1.0,1.0,1.0,0.6760699003828424,0.9537242714832631
62,1.0,0.38011588202159885,0.9970033703888546,0.9336977551635931,1.0,1.0,0.8251738566881134,0.8765701234660229
63,1.0,1.0,0.27023779753584204,0.8939843396187658,1.0,1.0,1.0,0.8806031624506583
64,1.0,1.0,1.0,1.0,0.9239484258626215,1.0,0.8968528774012987,0.97440018618056
65,1.0,1.0,0.5743239420396062,0.9478759356216263,1.0,0.9767696525198601,1.0,0.928424218597299
66,1.0,0.531777937517496,1.0,1.0,0.6020340162645589,1.0,1.0,0.8762588505402935
67,1.0,1.0,1.0,1.0,0.5847707057572133,1.0,1.0,0.9406815293938876
68,1.0,1.0,1.0,1.0,0.5769237667693043,1.0,1.0,0.9395605381099007
69,0.9044212185290037,1.0,1.0,1.0,1.0,1.0,1.0,0.9863458883612862
70,0.10025552838766572,1.0,1.0,0.7982238670021028,1.0,0.9178388438365446,0.8432817728409614,0.8085142874381821
71,0.0,1.0,0.9984624078859594,1.0,0.808117374209909,0.14110545759381227,0.1763811870217381,0.5891523466730598
72,1.0,1.0,1.0,1.0,1.0,1.0,0.9702188875148241,0.9957455553592606
73,1.0,1.0,1.0,0.4822267475088246,1.0,1.0,1.0,0.9260323925012607
74,1.0,1.0,0.9825187575876244,1.0,0.9458045396314926,1.0,0.3968534047236194,0.9035966717061051
75,1.0,0.9852346644640925,1.0,0.6421115628435328,1.0,1.0,1.0,0.9467637467582322
76,1.0,1.0,1.0,0.9065054259191823,1.0,0.923370981598969,1.0,0.9756966296454502
77,1.0,1.0,1.0,0.8912869674468799,1.0,0.519941696319362,0.7133445439614142,0.8749390296753795
78,0.15932073180771994,0.5880216493153864,1.0,1.0,1.0,1.0,1.0,0.8210489115890152
79,1.0,1.0,1.0,1.0,0.965641074203377,0.6069514611089862,1.0,0.938941790758909
80,0.91581529234091,1.0,1.0,0.9766743591796072,0.8976649944672948,1.0,0.4105636044880922,0.8858168929251292
81,0.2641422261662734,1.0,1.0,1.0,1.0,1.0,1.0,0.8948774608808961
82,1.0,0.0767337779476221,1.0,0.9846580512570512,1.0,1.0,0.9821115967871713,0.8633576322845492
83,1.0,1.0,0.5284436787917156,1.0,0.7137699525075728,1.0,0.840621743319992,0.8689764820884686
84,1.0,1.0,1.0,1.0,1.0,1.0,1.0,1.0
85,0.9537051729459703,0.6812061901859767,1.0,1.0,0.5924214173485252,1.0,1.0,0.8896189686400674
86,1.0,0.6846018749185531,0.4456800313722656,1.0,1.0,0.499289640687104,1.0,0.8042245067111319
87,0.7473470366994699,1.0,0.7630358304389222,0.5274770061008831,1.0,1.0,1.0,0.8625514104627536
88,0.9265270222423347,0.9881639263668895,0.5519398934911796,1.0,0.9842125328418696,1.0,0.4967445223327433,0.849655413896431
89,0.9771875662771391,0.9194122740300642,0.9630380434714583,0.9920567864969136,1.0,1.0,1.0,0.9788135243250823
90,1.0,1.0,0.609891480205154,1.0,1.0,0.601577515103372,0.38887977661222994,0.800049824560108
91,1.0,1.0,1.0,1.0,1.0,1.0,1.0,1.0
92,1.0,1.0,0.7283317231458797,1.0,0.9494825216377498,1.0,0.8116642366047507,0.9270683544840542
93,1.0,0.959573211763853,1.0,1.0,0.4850793025278456,0.9196742399383497,0.8696784426767362,0.8905721709866835
94,0.9427729420846324,1.0,1.0,1.0,1.0,1.0,0.7701346034331664,0.9589867922168284
95,1.0,1.0,1.0,0.8337187277317298,1.0,1.0,0.6947486848472572,0.9326382017969982
96,0.8952142758358627,1.0,0.6614037988033418,0.3596690762128976,0.17904681570826153,1.0,1.0,0.7279048523657662
97,1.0,0.9816323246045061,1.0,1.0,1.0,1.0,1.0,0.9973760463720723
98,1.0,0.5273745465496501,0.809707832324259,0.5211010107073005,0.9927798113982975,1.0,1.0,0.8358518858542153
99,0.4989637422568382,1.0,0.3326424948378923,0.4513260175339671,0.9513182230752402,0.9415818676902883,1.0,0.7394046207706039
100,1.0,1.0,0.9674765520424387,0.8014085498093296,1.0,0.8331284100018562,1.0,0.9431447874076607
101,1.0,1.0,1.0,0.6606912113079411,1.0,0.7816344726252413,1.0,0.9203322405618832
102,1.0,1.0,1.0,0.8789579198829531,1.0,1.0,1.0,0.9827082742689933
103,0.45205418599998387,1.0,0.9099555344825807,1.0,1.0,1.0,0.9015301797938022,0.8947914143251953
104,1.0,1.0,0.8363459285734421,1.0,1.0,0.9158183243413073,1.0,0.9645948932735356
105,1.0,1.0,0.8877197838879279,0.7009342114453083,0.8380383935220039,0.1943566108447707,1.0,0.8030069999571444
106,0.10985594930283395,0.1328654103280913,0.11072117527340941,0.9518258031608019,0.45413473362897494,0.9973874487418009,1.0,0.5366843600622733
107,0.8995081679656154,1.0,1.0,0.5947991764114703,1.0,1.0,1.0,0.9277581920538694
108,0.4316602489995086,0.7014334356873155,0.2877734993330057,0.838114136694509,1.0,1.0,1.0,0.7512830458163341
109,0.13719007406124523,0.26313445428592874,0.9362334392921187,0.1650732068783846,0.7188601523293773,0.9797108693312548,0.8770931617866696,0.5824707654235685
110,1.0,1.0,0.09002437692470257,1.0,0.5794083844053002,0.9620428812375392,1.0,0.8044965203667918
111,0.8784067324003679,1.0,1.0,1.0,0.7891702522338303,0.9353208457226311,1.0,0.9432711186224043
112,0.962790261884182,1.0,1.0,0.8010241231061942,1.0,1.0,0.4818896417193468,0.8922434323871032
113,0.9072797362861368,1.0,0.24419192089386657,0.5488510641054629,0.7932817811186402,1.0,0.982704782235431,0.7823298978056483
114,1.0,0.9861422881929734,1.0,1.0,1.0,0.2716267363979269,1.0,0.8939670035129857
115,1.0,1.0,1.0,1.0,0.6932663075622642,1.0,1.0,0.9561809010803234
116,1.0,1.0,1.0,1.0,1.0,0.7465285815743289,1.0,0.9637897973677613
117,1.0,1.0,1.0,0.9140281699523652,0.9747167130990636,0.5057040557662779,1.0,0.9134927055453865
118,1.0,1.0,1.0,0.9044594569441987,0.7521502749877126,0.9385360331015652,1.0,0.942163680719068
119,1.0,1.0,1.0,0.43981077779195155,0.8523700041858983,0.7535948214045374,1.0,0.8636822290546267
120,0.6755965244990066,0.7184177070158295,1.0,0.8633112652933311,1.0,0.781579922455346,0.9212940011503518,0.8514570600591236
121,1.0,1.0,0.5646017528528104,1.0,1.0,0.5293945394002005,1.0,0.8705708988932874
122,1.0,1.0,1.0,0.3889508597923758,0.3630639110864599,0.8958560793443276,1.0,0.8068386928890233
123,1.0,0.42228840993240757,0.8529760822649178,0.829706408579202,1.0,0.8685676802853637,1.0,0.853362654437413
124,0.0517443833732683,0.9586012553978837,0.5835073630900454,0.9939831041603442,1.0,1.0,1.0,0.7982623008602202
125,1.0,1.0,0.921061987855384,0.8088066079550178,1.0,1.0,1.0,0.961409799401486
126,1.0,1.0,1.0,0.8234157236963495,0.44599978585406336,1.0,1.0,0.8956307870786304
127,1.0,1.0,1.0,1.0,1.0,1.0,0.9323414795739894,0.9903344970819985
128,1.0,0.45281991284419787,0.6865038730903078,1.0,1.0,1.0,0.33987343657138636,0.7827424603579846
129,1.0,1.0,0.8606110793186362,0.33642753125188957,1.0,1.0,1.0,0.8852912300815037
130,0.928337612851895,0.42388338796263525,1.0,0.22878970492561065,0.9255091052631224,0.7762471590081449,0.4644387927753026,0.6781722518266731
131,1.0,0.19193963063860758,0.5937180851558292,0.9913576759945852,1.0,1.0,1.0,0.8252879131127174
132,1.0,0.3158833971385769,0.5940234733026813,0.9166195034775788,1.0,0.6221844836168311,1.0,0.7783872653622382
133,1.0,1.0,0.9340780025858018,1.0,1.0,1.0,1.0,0.9905825717979716
134,1.0,1.0,0.2935967121220955,1.0,0.30470774315990284,0.9588842813735382,1.0,0.7938841052365052
135,1.0,1.0,0.8214645117565776,1.0,1.0,0.709240500943771,1.0,0.9329578589571926
136,1.0,1.0,0.6257666295704669,1.0,1.0,1.0,0.16578703309223955,0.8273648089518153
137,1.0,1.0,0.43820284152320926,1.0,1.0,1.0,1.0,0.9197432630747441
138,0.13053484532875098,1.0,1.0,1.0,1.0,0.7917320148630758,1.0,0.8460381228845467
139,1.0,1.0,0.5342197529617415,0.7899021820264228,0.7264043846250718,1.0,1.0,0.8643609028018909
140,1.0,1.0,0.5122185540160851,1.0,1.0,0.5476860350268788,1.0,0.8657006555775663
141,0.859515852710215,1.0,0.7141730624853925,1.0,1.0,0.9635697892510738,1.0,0.9338941006352401
142,0.9087144771306831,1.0,0.442849948442566,0.9109739993923194,1.0,1.0,1.0,0.8946483464236527
143,0.776502976606483,0.018419209656858476,1.0,0.8019094475937099,1.0,0.9106011906425935,1.0,0.7867761177856636
144,1.0,1.0,0.9330865905352312,1.0,1.0,1.0,1.0,0.9904409415050329
145,1.0,0.6457613012905983,1.0,1.0,1.0,1.0,0.707098305904943,0.907551372456506
146,1.0,1.0,0.8584546862748986,0.6193248246365243,0.7225484581482883,0.5360806730551371,1.0,0.8194869488735498
147,1.0,1.0,1.0,1.0,1.0,1.0,0.8248196322831284,0.9749742331833041
148,0.9056585190194419,0.26229080790878684,0.6167332184382854,1.0,0.9399872465326768,1.0,0.9614288404339669,0.8122998046190225
149,0.5984389442141789,0.6595140419347068,0.4828518934244015,1.0,0.5573612318214569,1.0,0.6843596934716903,0.7117894006952049
150,0.18679863633910349,1.0,1.0,0.8834278048993693,1.0,1.0,1.0,0.8671752058912104
151,1.0,1.0,0.8428668781390045,1.0,1.0,0.3567309987926068,0.34712317838282863,0.792388722187777
152,1.0,1.0,1.0,0.8184142527432116,1.0,1.0,1.0,0.974059178963316
153,0.783060556174932,1.0,0.7534964622616758,0.9627440635648383,0.8095507064228303,0.1997103492118009,0.8169824984565233,0.7607920908703717
154,1.0,1.0,0.632432154399887,1.0,0.9177925899212601,0.9794592926399323,1.0,0.9328120052801542
155,1.0,0.9572406160526976,1.0,1.0,0.7317898788226406,1.0,1.0,0.9555757849821911
156,0.3932157710085715,0.943215771008572,1.0,1.0,0.42929243290414,0.6907890046130255,0.5895098568803574,0.7208604052020952
157,1.0,1.0,1.0,1.0,1.0,1.0,0.8639043840660202,0.9805577691522886
158,1.0,1.0,1.0,0.619173793360214,1.0,1.0,1.0,0.9455962561943163
159,1.0,0.49620815058266904,0.41350679215222447,0.39673216126908584,0.8593905144603579,0.36097142697650947,1.0,0.6466870064915494
160,1.0,0.16937101197487509,0.9285731603957124,0.5816289223997586,0.8896810366837953,0.9771891525662726,1.0,0.7923490405743447
161,1.0,0.9878415732004661,0.5490957707314085,0.8165962794701913,1.0,0.9408819319713602,1.0,0.8992022221962037
162,0.7472938765075055,1.0,1.0,1.0,1.0,0.6957451747076931,1.0,0.9204341501735999
163,1.0,0.9358534721400685,0.824637343925775,0.9019076851626806,0.9763557147379966,0.7052155729924559,1.0,0.9062813984227109
164,1.0,1.0,1.0,0.8317821357309131,0.8707836431057953,1.0,1.0,0.9575093969766727
165,1.0,1.0,1.0,0.9728902713337816,0.8895558727793421,1.0,1.0,0.9803494491590177
166,0.9934449808606556,1.0,1.0,0.7236614566188471,0.959185918942518,1.0,1.0,0.9537560509174315
167,1.0,0.4909533035252611,1.0,1.0,1.0,1.0,1.0,0.9272790433607516
168,0.8377080252003082,1.0,1.0,1.0,1.0,1.0,1.0,0.9768154321714727
169,0.0,0.8145984904508016,1.0,0.9618344279440006,1.0,1.0,1.0,0.8252047026278289
170,1.0,0.28715304965747174,1.0,0.9496277034307351,1.0,1.0,0.3507495803724606,0.7982186190658096
171,1.0,0.6674165691913164,1.0,0.5095324980224827,1.0,1.0,1.0,0.882421295316257
172,1.0,0.797143122376788,1.0,1.0,0.9449154064340766,1.0,1.0,0.963151218401552
173,1.0,0.9623561775865255,1.0,1.0,0.5973034724485756,0.7778763315864825,1.0,0.9053622830887977
174,0.1505561078537856,0.16687771671167223,1.0,1.0,1.0,0.44157934694700807,1.0,0.6798590245017808
175,0.6571348056156187,0.7257095776300756,1.0,1.0,1.0,1.0,1.0,0.9118349118922421
176,1.0,1.0,1.0,0.719210263675713,1.0,1.0,1.0,0.9598871805251018
177,1.0,1.0,1.0,1.0,1.0,1.0,1.0,1.0
178,0.8965498505419369,1.0,1.0,1.0,1.0,0.7313642975464224,1.0,0.946844878298337
179,0.3335830200771488,0.85368894351459,1.0,0.6906063671810909,0.5834583567740331,0.9499130988300533,1.0,0.7730356837681309
180,1.0,1.0,0.0,1.0,0.9354557889378949,1.0,1.0,0.8479222555625564
181,1.0,1.0,1.0,1.0,0.21546329277949058,1.0,0.4554300095106417,0.810127614612876
182,1.0,1.0,0.9691168797496355,0.7359658603997501,1.0,0.6320610450211991,0.9561509527123665,0.8990421054118503
183,1.0,1.0,0.7225118267527836,1.0,1.0,1.0,1.0,0.9603588323932548
184,1.0,1.0,1.0,0.5761845906077134,1.0,0.9821655555950017,1.0,0.936907163743245
185,1.0,1.0,1.0,1.0,0.9295918780085894,1.0,1.0,0.98994169685837
186,0.5811130299652235,1.0,1.0,1.0,1.0,1.0,1.0,0.9401590042807462
187,1.0,1.0,1.0,0.6358695123378534,1.0,1.0,1.0,0.9479813589054077
188,0.6788365626921999,1.0,1.0,1.0,1.0,1.0,0.8435248472610022,0.9317659157076003
189,1.0,0.7421152210058043,1.0,1.0,0.9499163525050774,1.0,0.5606833561974033,0.8932449899583264
190,1.0,1.0,1.0,1.0,0.9152254982115944,0.5293170804092312,0.8634813187533961,0.9011462710534602
191,1.0,1.0,1.0,0.8217333929271013,1.0,1.0,1.0,0.9745333418467288
192,0.20654370811370695,1.0,1.0,1.0,0.13769580540913795,0.978513655873793,0.833682808300345,0.736633711099569
193,0.9060906423511158,0.9746299681138367,0.5906782049886735,1.0,1.0,1.0,0.808875666375208,0.8971820688326906
194,1.0,1.0,1.0,0.9852356033039728,0.18678831792887998,1.0,1.0,0.8817177030332647
195,1.0,0.3201884606214381,0.5742490636976294,0.9477920995746021,0.538998288753582,1.0,0.2702001012133744,0.6644897162658038
196,1.0,0.20920080220517723,0.3288925707647205,1.0,1.0,0.8197568252027349,1.0,0.7654071711675189
197,1.0,1.0,0.7801266420376506,1.0,1.0,1.0,0.7218392942085895,0.9288522766066057
198,1.0,1.0,0.7894661306319875,1.0,1.0,1.0,1.0,0.9699237329474268
199,0.25027639756061154,1.0,1.0,1.0,0.2211587166990012,1.0,0.9985409198913939,0.781425147735858
200,1.0,1.0,0.6881270686086601,1.0,1.0,1.0,1.0,0.9554467240869514
201,1.0,1.0,1.0,0.7997897765843508,0.7630282581715535,1.0,1.0,0.9375454335365577
202,0.6436138822804174,0.7306667083989932,0.12258875959859847,0.05253803982797078,1.0,0.5148911058243342,1.0,0.5806140708471876
203,1.0,1.0,0.835011565641778,1.0,1.0,0.4052342014229572,1.0,0.891463681009248
204,0.7670835300202,0.904646396442216,0.9439041691301384,0.5729807334178707,1.0,1.0,1.0,0.884087832715775
205,1.0,1.0,1.0,1.0,0.7928932560102829,1.0,1.0,0.9704133222871832
206,1.0,0.7800023940710307,0.7176132114031474,1.0,1.0,1.0,0.47031599963703724,0.8525616578730307
207,0.27170244285599016,0.2173619542847921,1.0,0.9647662866734078,1.0,1.0,1.0,0.7791186691163129
208,0.9877359456289083,1.0,0.9681414452800833,0.26532208499316073,1.0,0.5458752390392204,0.8073417993043166,0.7963452163208127
209,0.5502156637309256,0.6409648969120701,0.9025671165186127,0.9104496692098307,0.7922827295606556,0.4004934005617536,0.6461493252220812,0.6918746859594185
210,1.0,0.9961420927137551,0.906485506396514,0.9877057417128982,0.2178972090561458,1.0,1.0,0.8726043642684733
211,1.0,1.0,1.0,0.1125012521872308,1.0,1.0,1.0,0.8732144645981759
212,1.0,0.6284502074284409,0.8860095459086107,0.7179856967064917,1.0,1.0,1.0,0.8903493500062206
213,1.0,0.8773045828656897,0.9120049178354811,0.9606084146114418,1.0,1.0,0.8728976546657082,0.946116509996903
214,1.0,1.0,0.6863406836083423,1.0,0.563659316391658,1.0,1.0,0.8928571428571429
215,1.0,1.0,1.0,1.0,1.0,1.0,0.840339066248546,0.9771912951783638
216,1.0,1.0,0.6422231135204747,1.0,0.8922283599713782,1.0,1.0,0.9334930676416933
217,1.0,0.7255775903521938,1.0,0.8370775863845282,0.9634894988284483,1.0,1.0,0.9323063822235957
218,1.0,0.9148752615840585,0.6020773758752909,0.5419907812111886,1.0,1.0,0.4132585973305426,0.7817431451430114
219,1.0,0.7545536504507705,0.9990615283608036,1.0,0.8658880200429176,1.0,1.0,0.9456433141220703
220,1.0,1.0,0.7259191616380276,0.8364976278456896,0.9906031471442398,1.0,1.0,0.9361457052325654
221,1.0,1.0,1.0,1.0,1.0,0.9505899746129803,1.0,0.9929414249447115
222,0.9096425748416607,0.9277183153042842,1.0,1.0,1.0,0.8719152527524197,1.0,0.958468020414052
223,1.0,1.0,0.2034003861063876,0.5833775917681807,1.0,1.0,0.942316507025682,0.8184420692714642
224,1.0,0.8755582084279542,1.0,1.0,0.5203665040911319,0.832409423686386,1.0,0.8897620194579245
225,1.0,1.0,0.5686689419759792,0.7507829433236565,0.7652608557605814,0.9183130269126977,0.8537851932451292,0.8366872801740063
226,1.0,1.0,0.7095291534816242,0.704074301551572,1.0,1.0,0.9071468651112177,0.902964331449202
227,0.6768279111191774,0.8223664212998599,0.6199017831746177,0.773542885999182,1.0,1.0,0.4708513691596787,0.7662129101075023
228,1.0,0.12182114436522423,0.886047936343675,1.0,0.8763160557068295,1.0,1.0,0.8405978766308184
229,1.0,1.0,0.9372076947673521,1.0,1.0,1.0,0.3319947015663404,0.8956003423333846
230,0.7656827131184399,1.0,0.9835595274492047,1.0,1.0,0.9145302469190847,1.0,0.9519674982123899
231,1.0,1.0,0.9137911971500823,1.0,0.8528616747293459,1.0,1.0,0.9666646959827754
232,1.0,0.36936941923098016,1.0,0.6539067925143774,0.7244745160258169,1.0,0.4938388627782504,0.7487985129356323
233,1.0,0.4684192606930146,0.39034938391084506,1.0,0.0,0.6174283302279965,1.0,0.6394567106902651
234,0.9313967092360956,0.8758405027043261,1.0,0.5352915915362155,0.3362199880520867,0.9849573023342796,1.0,0.8091008705518578
235,0.6871688095696581,0.9073274099730219,1.0,1.0,0.45807881215815727,1.0,1.0,0.8646535759572626
236,1.0,0.6081792224031981,0.9161340234592176,1.0,1.0,1.0,1.0,0.9320447494089166
237,1.0,1.0,0.9487902374388604,1.0,0.41911102485962437,1.0,1.0,0.909700180328355
238,1.0,1.0,0.6720105800156281,1.0,1.0,1.0,1.0,0.9531443685736612
239,0.9145320893804999,1.0,1.0,1.0,1.0,1.0,1.0,0.9877902984829285
240,1.0,0.588875816374991,1.0,0.7016628625168186,1.0,1.0,1.0,0.89864838269883
241,0.7682584823706187,1.0,0.614934742373115,0.5185108503828778,1.0,1.0,0.7570650069440524,0.8083955831529519
242,0.47799123921597575,1.0,1.0,0.8140761827302615,0.8632402679943332,0.6110601161150022,1.0,0.8237668294365105
243,0.561870089983203,0.6704567566127619,0.6754390546824098,1.0,1.0,1.0,0.7411700003857679,0.8069908430948776
244,0.39892399878084384,1.0,0.5219244617528004,0.7261855981810906,0.9057053392956149,0.4535913722629187,1.0,0.7151901100390383
245,1.0,1.0,1.0,1.0,1.0,0.30051294869725215,1.0,0.9000732783853217
246,1.0,1.0,1.0,1.0,0.9209121279491598,0.6357687309478696,1.0,0.9366686941281471
247,0.8016500713709783,0.9011001490206529,1.0,0.7279484588439423,0.4990727097340197,0.9206600285483909,1.0,0.8357759167882834
248,0.9426952460901189,1.0,0.9256897702228779,0.8315520024189725,1.0,1.0,1.0,0.9571338598188527
249,1.0,1.0,1.0,1.0,0.39258042387090636,1.0,0.7138706358063595,0.8723501513824665
250,1.0,1.0,0.16965377575575483,1.0,0.37048733525936994,0.8474624848918607,1.0,0.7696576565581408
251,1.0,1.0,1.0,1.0,1.0,0.7099582957888603,1.0,0.9585654708269801
252,0.21072900644855608,1.0,1.0,0.9562306140469506,1.0,0.43647797545691397,1.0,0.8004910851360602
253,1.0,0.9729254489466092,0.47494683802379245,1.0,1.0,0.6933872628915888,1.0,0.8773227928374272
254,1.0,1.0,0.9212870318602598,0.9319620793605455,0.9745874873991541,1.0,1.0,0.9754052283742799
255,0.9438354717000168,0.7867798071247997,0.7984043473434254,1.0,0.9366818937702122,1.0,0.6140299913271714,0.8685330730379466
256,0.837887559937934,1.0,0.8195929767017311,1.0,1.0,0.7876394643031411,1.0,0.9207314287061152
257,0.5226161148840187,1.0,0.9184607964763861,0.27499320692930007,1.0,1.0,1.0,0.8165814454699579
258,1.0,1.0,0.9640330363006422,1.0,1.0,1.0,1.0,0.9948618623286631
259,1.0,1.0,0.8851410935502522,1.0,1.0,1.0,1.0,0.9835915847928931
260,1.0,1.0,1.0,1.0,0.4254403733917593,1.0,0.7448209607882936,0.8814659048828647
261,1.0,1.0,1.0,0.14566484710046104,1.0,0.6311168628323399,1.0,0.8252545299904002
262,1.0,1.0,1.0,1.0,1.0,0.9187992612353513,1.0,0.9883998944621931
263,1.0,1.0,1.0,0.8593355973304425,1.0,0.6652463528815652,1.0,0.9320831357445726
264,1.0,1.0,1.0,1.0,1.0,1.0,0.6739420093865299,0.9534202870552185
265,1.0,0.4793140688103706,1.0,0.9931191710245976,1.0,0.6338552144445738,1.0,0.8723269220399346
266,1.0,1.0,1.0,1.0,0.9428937549632312,1.0,0.9458055489695907,0.9840999005618317
267,1.0,0.9748693316978786,1.0,1.0,1.0,0.707149832310023,1.0,0.954574166286843
268,1.0,1.0,0.5586378779078256,1.0,0.3934823581467257,1.0,1.0,0.8503028908649358
269,0.8869475514078432,1.0,1.0,1.0,0.615278929880361,1.0,0.9725221924596501,0.9249640962496934
270,1.0,1.0,1.0,1.0,0.7208574082792847,1.0,1.0,0.9601224868970407
271,1.0,0.2161839878069452,1.0,1.0,0.7350972125957975,1.0,1.0,0.8501830286289633
272,1.0,1.0,1.0,0.7076047299652244,1.0,0.7395233928555497,0.45111885317226313,0.8426067108561481
273,1.0,0.8616349239802318,0.9743942276088926,1.0,1.0,1.0,1.0,0.9765755930841606
274,0.07009120089512823,1.0,1.0,0.6196547283901844,0.6572545966507791,1.0,0.8594851158326077,0.7437836631098141
275,1.0,1.0,1.0,1.0,1.0,1.0,1.0,1.0
276,1.0,1.0,0.8954940481797712,1.0,0.6687369495564229,1.0,1.0,0.9377472853908849
277,1.0,1.0,1.0,1.0,1.0,0.9583408333295823,1.0,0.9940486904756546
278,0.9280276626802099,1.0,0.3813304543888519,1.0,0.6435942657919365,0.24242213014416703,1.0,0.742196359000738
279,1.0,0.9837601805712282,1.0,0.4671312535487291,0.8270633555718496,1.0,1.0,0.8968506842416867
280,1.0,0.7548813033981605,1.0,1.0,1.0,1.0,0.853617032237356,0.9440711908050738
281,1.0,1.0,0.026963805862174433,1.0,0.8597374734731839,0.6764747344762018,1.0,0.7947394305445086
282,1.0,1.0,1.0,0.2845219286791991,1.0,1.0,1.0,0.8977888469541713
283,0.9648510600688791,0.7783081912701835,1.0,1.0,1.0,1.0,0.6074255300344394,0.9072263973390717
284,1.0,1.0,1.0,0.6940853115173162,0.909273178125409,1.0,0.7426062982301423,0.9065663982675526
285,0.7547273390832142,0.18322882492878056,1.0,0.22257953476619427,0.6189279983832174,0.4572851856114325,0.8573398139059345,0.5848698138112534
286,1.0,1.0,0.3407502038602459,0.597843956122067,1.0,1.0,1.0,0.8483705942831875
287,1.0,0.9051187677417266,1.0,1.0,0.472274102423848,0.5664571397434909,0.8411410401109902,0.826427292860008
288,0.3244847350510283,1.0,0.9841365820792374,0.7846645418393076,0.9464309400807464,0.5017574540737735,1.0,0.7916391790177276
289,1.0,1.0,0.49971653433916535,1.0,1.0,1.0,1.0,0.9285309334770236
290,1.0,1.0,1.0,0.28762986421525394,0.8952189753611256,1.0,1.0,0.8832641199394828
291,1.0,0.80060705737129,0.8404040899181685,1.0,1.0,1.0,0.8245432652717071,0.9236506303658808
292,1.0,1.0,0.2452172354498993,1.0,1.0,0.8537380339398776,0.491448667190147,0.798629133797132
293,1.0,1.0,1.0,1.0,0.8012805641498707,0.7105745441911598,1.0,0.9302650154772901
294,1.0,1.0,1.0,1.0,1.0,1.0,1.0,1.0
295,1.0,0.9660444847394595,1.0,1.0,1.0,1.0,0.28633310449629723,0.8931967984622509
296,1.0,0.9003586095112933,0.9942270432222795,0.8758448333031691,0.8351289662972585,1.0,1.0,0.9436513503334286
297,0.887370258930705,1.0,1.0,0.6476904821937421,1.0,1.0,1.0,0.933580105874921
298,1.0,1.0,0.6537712815538014,0.994472732345416,1.0,0.715472574838041,0.679769008145666,0.8633550852689893
299,0.639651829215295,1.0,1.0,1.0,1.0,0.7295738535338975,0.28812878207723674,0.8081934949752041
300,1.0,1.0,1.0,0.6396758096670814,1.0,0.8955461335339139,0.5375643717897282,0.867540902141532
301,1.0,1.0,1.0,1.0,1.0,1.0,1.0,1.0
302,1.0,1.0,1.0,0.897818856208913,1.0,0.9523697110742747,1.0,0.9785983667547411
303,0.4806493700464422,1.0,1.0,0.611286514370545,1.0,0.6088483225366639,1.0,0.8143977438505215
304,1.0,0.6290979698975787,1.0,1.0,0.7165797359851127,1.0,1.0,0.9065253865546702
305,1.0,1.0,1.0,1.0,1.0,1.0,1.0,1.0
306,0.3999587389759301,0.8715537549447346,0.7598895645182782,0.21197826657812088,0.5481783722760749,1.0,1.0,0.6845083853275913
307,1.0,1.0,0.9032556223596429,0.8286792258883429,1.0,1.0,1.0,0.9617049783211408
308,1.0,1.0,1.0,1.0,0.8029223416237954,0.13175266563824575,1.0,0.8478107153231488
309,1.0,0.8102944038284406,1.0,1.0,1.0,1.0,1.0,0.9728992005469201
310,0.1442002758181245,0.3153577581966044,1.0,1.0,1.0,0.801177533166464,1.0,0.7515336524544561
311,1.0,1.0,1.0,1.0,0.9903210819225988,0.8579192165758794,1.0,0.9783200426426398
312,1.0,1.0,0.5818617646074796,1.0,1.0,1.0,1.0,0.940265966372497
313,0.5626161405882569,1.0,1.0,1.0,1.0,1.0,1.0,0.9375165915126081
314,1.0,1.0,0.8403624950647645,1.0,0.8214953159807474,1.0,1.0,0.9516939730065017
315,1.0,1.0,0.934507427023835,0.7295777945918586,1.0,1.0,0.6177766377690866,0.8974088370549685
316,1.0,0.7989679744090952,1.0,1.0,0.8048285792049918,0.30206112648593225,0.9157998433316992,0.8316653604902455
317,1.0,1.0,1.0,1.0,1.0,1.0,1.0,1.0
318,1.0,1.0,0.6254032260412106,1.0,1.0,1.0,1.0,0.9464861751487444
319,1.0,1.0,0.6947632296335008,0.9920266424980765,1.0,0.8973462460958828,0.5811218717465694,0.8807511414248613
320,0.8970091644490358,1.0,0.8973173315232066,0.25628353501751494,0.6561325383314457,1.0,1.0,0.8152489384744577
321,1.0,1.0,0.932331381947908,0.40100320634901604,0.3510398365549108,0.9791968170930127,0.8489980486145743,0.787509898651346
322,1.0,1.0,0.6746106589622543,1.0,1.0,1.0,1.0,0.9535158084231792
323,1.0,1.0,0.938223452277079,0.8381603463850843,1.0,1.0,1.0,0.968054828380309
324,0.5758273797556447,1.0,1.0,1.0,1.0,0.864029712674518,1.0,0.9199795846328803
325,1.0,1.0,1.0,0.34413410555893437,0.551806506882604,1.0,1.0,0.8422772303487912
326,1.0,0.9849444472357932,1.0,1.0,1.0,1.0,0.9662160277748356,0.9930229250015186
327,0.27798842904695586,0.2521775755743791,0.9123698532742908,1.0,1.0,1.0,0.763295975831527,0.7436902619610218
328,1.0,1.0,1.0,1.0,1.0,0.5259564961428783,1.0,0.9322794994489827
329,1.0,1.0,0.8567341594891279,1.0,0.8775831400129768,1.0,0.997175096626606,0.96164177087553
330,1.0,0.942126121024149,1.0,1.0,1.0,1.0,1.0,0.9917323030034498
331,1.0,1.0,0.7888462133191201,1.0,1.0,0.7634079973084185,1.0,0.936036315803934
332,1.0,0.9012962747186659,0.9177429556752694,0.8087845387850402,1.0,0.14533918168245397,1.0,0.8247375644087757
333,1.0,1.0,1.0,0.8475263577746199,1.0,1.0,0.892701742358863,0.9628897285904976
334,1.0,1.0,1.0,0.7930550553324742,1.0,1.0,0.3476274571846784,0.8772403589310219
335,0.8810477485814912,1.0,1.0,1.0,1.0,1.0,0.8225802431521179,0.9576611416762297
336,1.0,1.0,0.5703054497019323,0.7521116643456822,0.5696655104185029,0.8705628349153294,1.0,0.823235065625921
337,1.0,1.0,1.0,1.0,0.41257453564325575,1.0,1.0,0.916082076520465
338,0.42320080584854836,1.0,0.8884337375634264,0.8938685672473731,1.0,1.0,1.0,0.8865004443799068
339,1.0,1.0,1.0,1.0,0.7871604484362462,1.0,1.0,0.9695943497766066
340,1.0,1.0,1.0,0.9803860268504808,1.0,0.9580291998258628,1.0,0.9912021752394775
341,1.0,1.0,0.9953650372173494,0.4886921971715663,0.953937372811964,1.0,1.0,0.9197135153144114
342,1.0,1.0,1.0,0.371623307749141,1.0,1.0,1.0,0.9102319011070202
343,1.0,0.4027503375482802,1.0,1.0,0.9155074198366656,1.0,1.0,0.9026082510549923
344,1.0,1.0,1.0,0.6194896877841436,0.20031058670296337,1.0,1.0,0.831400039212444
345,1.0,1.0,1.0,1.0,0.9170502125601342,0.6827509662056194,1.0,0.9428287398236791
346,1.0,1.0,1.0,1.0,1.0,1.0,1.0,1.0
347,0.8026872259816885,1.0,1.0,0.6941943260047181,1.0,0.9482101696632563,1.0,0.9207273888070947
348,1.0,1.0,1.0,1.0,0.6250551095446988,0.5621199682318314,1.0,0.8838821539680757
349,0.10021676484914777,0.07962890940727135,1.0,1.0,0.38146713710591984,1.0,1.0,0.6516161159089054
350,1.0,1.0,1.0,0.8855824355630207,1.0,1.0,0.9417433098358726,0.975332249342699
351,1.0,1.0,1.0,1.0,1.0,1.0,1.0,1.0
352,0.9336836078515391,1.0,0.4501208688089238,1.0,0.77201907613561,1.0,0.47844319933558155,0.8048952503045221
353,1.0,0.33279139011270553,1.0,0.7778486996371458,1.0,0.6432774934713023,0.9150530210019348,0.8098529434604412
354,1.0,1.0,0.47910535250693964,1.0,1.0,0.687876839896185,1.0,0.8809974560575892
355,0.5661720777937749,1.0,1.0,1.0,1.0,1.0,0.3728176722537435,0.8484271071496455
356,1.0,1.0,1.0,1.0,1.0,1.0,1.0,1.0
357,1.0,0.2247924491545883,1.0,1.0,1.0,1.0,0.6783624078851169,0.8433078367199578
358,1.0,1.0,1.0,0.8052221672871833,1.0,1.0,1.0,0.9721745953267406
359,1.0,1.0,1.0,0.9010907171253699,0.7788370768195312,1.0,1.0,0.9542753991349858
360,1.0,1.0,0.787721741075662,1.0,0.7158942902687718,1.0,1.0,0.9290880044777763
361,1.0,1.0,1.0,0.541194236233882,0.8300277909277887,1.0,1.0,0.9101745753088101
362,1.0,1.0,0.32041169751029774,1.0,1.0,0.5306632122241481,0.8363895412273231,0.8124949215659669
363,1.0,1.0,0.1556078778851273,1.0,0.900071622715933,1.0,1.0,0.8650970715144372
364,1.0,1.0,1.0,1.0,1.0,1.0,1.0,1.0
365,1.0,1.0,1.0,0.6131097094520211,1.0,0.8583535932328287,0.7139050446390907,0.8836240496177058
366,1.0,1.0,0.8228958837226836,1.0,1.0,1.0,1.0,0.9746994119603833
367,0.9869129463523233,1.0,1.0,1.0,1.0,0.7375524570268027,1.0,0.9606379147684466
368,1.0,0.38645839984287084,0.8770536365223799,1.0,1.0,1.0,0.7584756463274364,0.8602839546703839
369,1.0,1.0,1.0,1.0,1.0,1.0,0.8995140663659364,0.9856448666237052
370,1.0,0.43686333992487336,1.0,1.0,1.0,1.0,0.5510014283886415,0.8554092526162164
371,1.0,1.0,1.0,0.773496351989793,1.0,0.9898300544406047,1.0,0.966189486632914
372,1.0,0.9604109995542404,0.12526703239545123,0.9856177513785991,1.0,0.8564913040917873,1.0,0.8468267267742968
373,0.8239925687913088,0.7610198084142236,1.0,0.43740502060642744,1.0,1.0,0.9378307235504575,0.8514640173374882
374,0.8177442477458043,1.0,0.9401935852166615,1.0,0.7900765138362457,0.7518996505189575,1.0,0.8999877139025242
375,1.0,1.0,0.6342492678381856,1.0,0.8613192201773534,1.0,0.9947403364156433,0.9271869749187402
376,1.0,1.0,1.0,0.8566180329848396,0.5425786751400733,1.0,1.0,0.914170958303559
377,0.7437529396566994,0.5950023517253594,1.0,0.6263145081615193,1.0,1.0,1.0,0.8521528285062254
378,1.0,0.8263357981948664,1.0,0.9756055420499562,0.785987671736252,1.0,1.0,0.9411327159972964
379,1.0,1.0,1.0,1.0,1.0,1.0,1.0,1.0
380,1.0,1.0,0.45066381212495643,1.0,1.0,0.9341884648070478,1.0,0.9121217538474291
381,1.0,1.0,0.8812995693249781,1.0,0.4281996402165251,0.49274347281130004,1.0,0.8288918117646862
382,1.0,1.0,0.6186573890429137,0.7667170438498065,0.634105604995822,0.9788542187554896,1.0,0.8569048938062903
383,1.0,0.8176333823163179,1.0,1.0,1.0,1.0,1.0,0.9739476260451883
384,0.7609498943016118,1.0,0.9289686002725608,1.0,1.0,0.9862037942957582,1.0,0.9537317555528472
385,0.859138227432459,1.0,0.9060921516216396,0.9772041285927456,1.0,1.0,1.0,0.963204929663835
386,1.0,0.3663377039978141,1.0,0.8427493538816849,1.0,0.3663377039978144,0.3976587489452724,0.7104405015460837
387,1.0,1.0,1.0,1.0,0.5420912124856063,0.6505094549827275,0.9860936969091691,0.8826706234825004
388,1.0,1.0,1.0,1.0,1.0,1.0,1.0,1.0
389,1.0,0.4864771502870005,0.4034071927024779,1.0,0.9649608441811452,0.9864947511279435,0.7460570558934697,0.7981995705988624
390,1.0,0.986126346777621,0.8554911925665146,1.0,0.638977849010805,1.0,0.7934082432520341,0.8962862330867106
391,0.0377420787123127,1.0,1.0,1.0,0.9953639259347304,0.7699159239174271,1.0,0.8290031326520673
392,0.3793940167986121,0.30351521343888965,0.9442787471987673,0.5715325191824551,0.5963722849918298,1.0,1.0,0.6850132545157935
393,0.780058651690863,1.0,1.0,0.9964366675645122,1.0,0.3120234606763451,1.0,0.8697883971331029
394,0.7958567280137862,1.0,0.4755554922053151,0.11148466404351363,0.6390886926944667,0.8340914282076296,1.0,0.6937252864521016
395,1.0,1.0,1.0,0.5335032332852248,0.9702377980978343,0.13722232696865094,1.0,0.8058519083359584
396,0.8788872650286409,1.0,1.0,1.0,1.0,1.0,1.0,0.9826981807183773
397,1.0,1.0,1.0,0.8760781541889922,0.8658105051985712,1.0,1.0,0.9631269513410804
398,0.6430102399751177,1.0,1.0,0.8674344228429245,0.9800976380374298,1.0,1.0,0.9272203286936388
399,0.6959527346002603,1.0,1.0,1.0,1.0,1.0,1.0,0.9565646763714657
400,0.8092575539728574,1.0,1.0,0.9308148145388877,1.0,1.0,0.5780987660759285,0.9025958763696676
401,1.0,1.0,1.0,0.9240550943335655,1.0,0.8166187279518727,1.0,0.9629534031836341
402,1.0,1.0,1.0,0.9553008261117704,1.0,0.8251576868870433,1.0,0.9686369304284019
403,1.0,0.47213070087780834,0.7643218549421662,0.9509684139250303,1.0,0.6746885929506349,0.9683607411882936,0.8329243291262763
404,0.4318001735054884,1.0,0.6523428451665051,0.6561426211708686,1.0,1.0,1.0,0.8200408056918373
405,1.0,0.5913560157241734,0.7753051815660746,0.8105874003119822,1.0,0.38166916694727254,1.0,0.7941311092213574
406,1.0,0.11185672658467677,0.09321393882056397,1.0,1.0,0.11185672658467677,0.13982090823084595,0.49382118574582334
407,0.36703888698378934,1.0,1.0,0.49189239637393106,0.2987680293088894,0.7296880806625408,1.0,0.6981981990470215
408,0.6469272462746177,1.0,1.0,1.0,0.9164986794007092,1.0,1.0,0.9376322750964753
409,0.9297371902731074,1.0,0.874681949300799,0.33496449471193274,0.9712162803810216,0.7690785765593555,1.0,0.8399540701751737
410,1.0,1.0,0.24444074238081787,1.0,1.0,0.4311089678475131,1.0,0.8107928157469043
411,0.5150121808987316,1.0,0.49902442052263085,1.0,0.9452937464177438,1.0,0.5823620396362804,0.7916703410679125
412,0.41406947779177067,1.0,1.0,1.0,1.0,1.0,1.0,0.9162956396845386
413,1.0,1.0,1.0,0.6903477306293082,1.0,0.4248793322898031,1.0,0.8736038661313017
414,0.453280262607499,1.0,1.0,1.0,1.0,1.0,0.7401623897009798,0.8847775217583541
415,0.40317429210754124,1.0,1.0,0.8880335852184333,1.0,1.0,1.0,0.8987439824751392
416,1.0,1.0,1.0,1.0,1.0,0.9410613503617171,1.0,0.9915801929088167
417,1.0,0.7864206156568632,1.0,0.23248504289162533,1.0,1.0,1.0,0.8598436655069269
418,1.0,0.9214011429781646,0.26638324147333153,0.22831935985279922,1.0,1.0,0.15175142872270553,0.6525507390038572
419,1.0,0.9737961673373186,0.7537634051232655,1.0,1.0,0.5703072210431128,1.0,0.8996952562148139
420,0.9438218447292286,1.0,0.36392081987965724,1.0,1.0,0.7278377219915738,1.0,0.8622257695143515
421,1.0,1.0,1.0,1.0,1.0,1.0,0.9760833810778435,0.9965833401539778
422,1.0,1.0,1.0,0.3637685359900376,1.0,1.0,1.0,0.9091097908557196
423,1.0,1.0,0.6223474939851088,0.2576836966255814,1.0,1.0,0.9157503258249391,0.8279687880622328
424,1.0,1.0,0.962206930690065,1.0,0.8242357443508828,1.0,1.0,0.9694918107201353
425,1.0,1.0,1.0,0.8115471215904436,0.52604888051571,1.0,1.0,0.9053708574437361
426,0.8276688900411602,0.8504865172894294,0.9266677319021135,1.0,0.8492250478453375,0.9876731531910993,1.0,0.9202459057527342
427,1.0,0.9957760023895369,1.0,1.0,0.9219448927633521,1.0,1.0,0.9882458421646984
428,0.6389739289615217,1.0,1.0,1.0,1.0,0.7860824481313056,1.0,0.9178651967275469
429,1.0,0.6205505111535117,1.0,1.0,1.0,1.0,1.0,0.9457929301647875
430,0.915442286829674,0.2575855509543512,0.6342996598624244,1.0,1.0,0.9661769147318695,1.0,0.8247863446254742
431,1.0,0.8249061699814538,1.0,1.0,1.0,1.0,1.0,0.9749865957116362
432,0.9844841876249543,1.0,1.0,1.0,1.0,0.5647915799455266,0.8309894749319082,0.9114664632146271
433,1.0,0.8064291573506618,0.9086194515096587,1.0,0.39467362725910987,0.7991752924916463,1.0,0.8441282183730109
434,0.32617092392784186,1.0,1.0,0.686383385101624,1.0,1.0,1.0,0.8589363298613524
435,1.0,1.0,1.0,0.7062780595217111,0.8482140251942992,1.0,1.0,0.9363560121022872
436,1.0,1.0,0.4852902070634331,1.0,1.0,0.8561610670624111,1.0,0.9059216105894062
437,1.0,0.8246087443195634,1.0,1.0,1.0,0.9991651896332971,0.46477758883168946,0.8983645032549358
438,0.8741482011285042,0.37504552354915816,1.0,0.9418383755162876,1.0,0.8669350251740083,1.0,0.8654238750525655
439,1.0,1.0,1.0,0.9320333304864478,1.0,1.0,1.0,0.9902904757837783
440,1.0,0.36045589209782597,1.0,0.4870626753790377,1.0,0.6827571203371002,1.0,0.7900393839734233
441,1.0,0.454230719872937,1.0,0.8921282452640404,0.4511417494427496,1.0,0.9442061917215534,0.8202438437573258
442,0.3959226578689295,1.0,0.2639473291136556,0.35302641631810733,0.8436934849097895,0.48342863912615053,1.0,0.6200026467623759
443,1.0,1.0,1.0,1.0,0.4234582355652097,1.0,1.0,0.91763689079503
444,0.6309091831039685,1.0,0.8106256633121205,1.0,1.0,1.0,1.0,0.920219263773727
445,0.9619786541219628,0.4750552180387288,0.8598023300833426,0.6964544529905671,1.0,0.5068085222127723,1.0,0.7857284539210534
446,0.46570077174561936,1.0,0.5606289531192838,1.0,1.0,0.8887123633682883,1.0,0.8450060126047416
447,1.0,0.7684439752457639,1.0,0.6929249325239701,1.0,0.8587669977824594,0.9896922835050453,0.9014040270081768
448,1.0,0.5037991379614148,1.0,1.0,1.0,0.9710358648462653,1.0,0.9249764289725257
449,1.0,1.0,1.0,1.0,1.0,1.0,1.0,1.0
450,1.0,0.6868418478914595,1.0,0.8477446221536002,0.2620619723052476,0.7232900888800005,1.0,0.7885626473186154
451,1.0,1.0,1.0,1.0,0.8943236862836679,0.26748263453277576,0.9992420915434617,0.8801497731942722
452,0.6852525167158515,1.0,1.0,1.0,1.0,1.0,1.0,0.9550360738165502
453,1.0,0.9350474937269306,1.0,0.9027017267706747,1.0,1.0,1.0,0.9768213172139435
454,1.0,1.0,0.7228000974570548,1.0,0.9728035987590228,0.76631854100498,1.0,0.9231317481744369
455,1.0,1.0,1.0,1.0,1.0,0.8268950591656701,1.0,0.9752707227379529
456,1.0,1.0,1.0,1.0,0.5841035099715798,0.6682298131720543,1.0,0.8931904747348048
457,0.6163135502324534,1.0,0.9368296156208243,0.7413565076434089,0.8391243705805816,1.0,0.8431511812733368,0.8538250321929436
458,1.0,0.7534024570373495,1.0,1.0,1.0,0.9680671547364413,0.5203705787906625,0.8916914557949218
459,1.0,1.0,1.0,0.8992459126023231,0.7794852915424674,1.0,1.0,0.9541044577349701
460,1.0,1.0,1.0,0.7849263409251985,0.915747397746064,1.0,1.0,0.9572391055244661
461,1.0,1.0,1.0,0.9751691443042317,0.641271537396576,0.9652368020259244,0.9556893884306713,0.9339095531653434
462,1.0,0.5513188463586757,1.0,1.0,0.8007467030781118,0.7532840382320177,1.0,0.8721927982384007
463,0.9971874924169911,1.0,0.37310578090970237,0.9991919233328865,0.8747876941645186,0.5753770489854676,0.6848036723997379,0.7863505160299006
464,1.0,1.0,1.0,0.6564355714832277,1.0,1.0,0.9058323786313891,0.9374668500163738
465,1.0,0.6196934908685205,1.0,1.0,0.6878399517577172,1.0,1.0,0.9010762060894626
466,1.0,1.0,1.0,0.6606060382016594,1.0,1.0,1.0,0.9515151483145228
467,1.0,1.0,1.0,0.9903544964320765,0.17436878434591738,1.0,0.3865531765188754,0.7930394938995527
468,1.0,0.8494543173185012,1.0,1.0,0.8604759258677657,1.0,1.0,0.9585614633123238
469,1.0,0.7080699113352923,0.9427752471561374,0.6046514739027904,0.9542958798861393,0.5493905130440768,1.0,0.8227404321892051
470,1.0,0.44944321460893305,1.0,1.0,1.0,0.4381796217320906,1.0,0.8410889766201463
471,1.0,1.0,0.7430787967122073,0.7864821584610487,1.0,1.0,1.0,0.932794422167608
472,0.18078639087405377,0.9062988719665782,1.0,1.0,0.5777131497766129,1.0,1.0,0.8092569160881778
473,1.0,0.5766926359626412,0.2657440675563734,0.8938770605750679,0.6971647871137232,1.0,1.0,0.7762112216011151
474,1.0,1.0,1.0,0.76865648247252,0.6552726468008453,1.0,1.0,0.9177041613247665
475,0.39905321911830366,1.0,1.0,1.0,1.0,1.0,1.0,0.9141504598740433
476,1.0,0.2826487449127957,1.0,0.9116445255030292,1.0,0.7093440054876965,1.0,0.843376753700503
477,0.4082678228890375,0.7058174815325954,1.0,1.0,0.9473524484484938,0.5067773332016654,1.0,0.7954592980102559
478,1.0,0.9922546655731385,1.0,1.0,1.0,0.6325592170422134,1.0,0.9464019832307645
479,1.0,1.0,1.0,1.0,1.0,1.0,1.0,1.0
480,1.0,1.0,1.0,1.0,0.5004548270786146,1.0,1.0,0.9286364038683735
481,0.9110975016830903,1.0,1.0,1.0,1.0,1.0,0.5544579792909266,0.9236507829962882
482,0.6744457959177294,1.0,1.0,1.0,1.0,1.0,1.0,0.9534922565596756
483,1.0,1.0,0.8867512170879424,1.0,0.5290793077763194,1.0,1.0,0.9165472178377517
484,0.574942196315052,0.28458334329527407,0.7166281308767013,1.0,1.0,0.1422951374501573,1.0,0.6740641154195978
485,0.6888444008871131,1.0,0.7939448917097238,1.0,0.8761332305340364,1.0,1.0,0.9084175033044105
486,1.0,1.0,1.0,1.0,1.0,1.0,0.6877046405192848,0.9553863772170407
487,1.0,1.0,0.9622815984178991,0.30908670761293017,1.0,0.8896428106228216,1.0,0.8801444452362359
488,0.6250255258516569,0.8866100053321887,1.0,1.0,1.0,1.0,1.0,0.9302336473119779
489,0.9000241175044126,1.0,1.0,0.6443723076083964,0.9481049957649214,1.0,0.9665560091887031,0.9227224900094904
490,0.9441193039039926,1.0,0.9725256924182476,0.9840340868297125,0.7976217058071914,0.9571443898282445,0.9541960293659186,0.9442344583076154
491,0.15265319252516718,1.0,1.0,1.0,1.0,0.9638580479416294,1.0,0.8737873200666852
492,0.9496948626040657,1.0,1.0,1.0,0.5057319991912395,0.47619253397168393,0.8836067794014921,0.83074659645264
493,1.0,1.0,1.0,0.8843883096341012,1.0,1.0,0.8873987567067936,0.9673981523344135
494,1.0,0.7086602913625284,0.3754914684219455,0.5834079049584839,1.0,1.0,1.0,0.8096513806775655
495,0.8360723125443661,1.0,1.0,0.977755935558326,1.0,0.7175520623533956,1.0,0.9330543300651554
496,1.0,1.0,1.0,1.0,0.9886559345546008,0.832165390876024,0.5022549413673397,0.9032966095425662
497,1.0,1.0,0.5971119820042757,1.0,1.0,1.0,1.0,0.9424445688577536
498,1.0,0.8215096742110539,0.6143617289833296,0.7214064781639877,0.2589623642546055,0.737370149796992,1.0,0.7362300564871384
499,1.0,1.0,0.9225572635848288,1.0,0.5865712997541154,0.6318937993996404,1.0,0.8772889089626549
500,1.0,1.0,1.0,1.0,1.0,1.0,0.7030738001255868,0.9575819714465125
501,1.0,0.9083812576947053,0.781127898560106,1.0,0.7469468851928458,0.8783089413133249,1.0,0.9021092832515689
502,1.0,1.0,1.0,0.5581860579268828,1.0,1.0,1.0,0.9368837225609833
503,1.0,0.9734496182156055,1.0,1.0,0.7021440853041417,1.0,1.0,0.9536562433599639
504,1.0,0.4274780203336648,1.0,1.0,1.0,1.0,0.506508889236575,0.8477124156528913
505,0.4296991345093767,1.0,1.0,0.5830736096691425,1.0,0.3050145947988983,1.0,0.7596839055682025
506,1.0,1.0,1.0,1.0,1.0,0.7286599916202224,1.0,0.9612371416600318
507,1.0,1.0,0.8039366082914206,0.14136713482496815,0.9759771442913189,0.19791398875495525,1.0,0.7313135537375233
508,0.1413744892941344,1.0,0.09424965952942294,1.0,1.0,1.0,1.0,0.7479463069747939
509,1.0,0.804387861642008,1.0,0.8269368883724281,0.7964958369529187,1.0,0.7740397452712705,0.8859800474626608
510,1.0,0.7647809709930586,0.9612055347136367,0.9950657607344044,0.278950183778133,1.0,1.0,0.8571432071741761
511,1.0,0.19620788369123676,0.7111286541976614,0.41497220128671525,1.0,1.0,1.0,0.7603298198822305
512,1.0,1.0,1.0,0.662746655489174,1.0,0.6236486894405358,0.7609731997335331,0.863909792094749
513,1.0,0.7997465454924371,1.0,1.0,0.9316246964439219,1.0,0.3862161788747693,0.8739410601158754
514,1.0,1.0,1.0,0.6642379960980871,0.6161768448060252,0.7394189410641524,0.6494362971494393,0.8098957255882434
515,1.0,1.0,0.4295710541038315,0.9465151391300605,0.5697556796985794,0.9845128399977467,1.0,0.8471935304186026
516,1.0,1.0,0.5301203201279234,0.8331940075922831,1.0,1.0,1.0,0.9090449039600295
517,0.49888372996678565,1.0,1.0,1.0,1.0,1.0,1.0,0.9284119614238265
518,1.0,1.0,1.0,1.0,0.9260442339814974,0.6318772412165385,1.0,0.9368459250282909
519,1.0,0.9726955927140903,0.6863636583939066,1.0,1.0,1.0,1.0,0.9512941787297138
520,1.0,1.0,1.0,1.0,0.664322290962081,0.47697558362416803,1.0,0.8773282677980356
521,0.7500797465518937,1.0,1.0,1.0,0.9182127463141369,1.0,1.0,0.9526132132665758
522,1.0,0.37530648219594287,1.0,1.0,0.30980247384872694,0.859256081468144,1.0,0.7920521482161161
523,1.0,0.6527679924463875,1.0,1.0,1.0,1.0,1.0,0.9503954274923411
524,1.0,0.9937002808330871,0.4759027571351641,1.0,1.0,1.0,1.0,0.9242290054240359
525,1.0,1.0,1.0,0.969193992783526,1.0,1.0,0.33610561511014736,0.9007570868419534
526,0.8067416426304033,0.6432832875629049,0.9696590657692943,1.0,0.4196383243999897,1.0,1.0,0.8341889029089417
527,0.5879819237092112,1.0,0.09324573926672262,0.4265776312561139,0.8462818150617366,0.6898690060047205,0.6689909618546056,0.6161352967361585
528,1.0,0.7025538624544588,1.0,0.8740662190196344,1.0,0.7037674156300818,1.0,0.897198213872025
529,1.0,0.9776175430989587,1.0,1.0,1.0,1.0,1.0,0.9968025061569941
530,1.0,0.5871343294476657,1.0,1.0,1.0,0.9382064686603603,1.0,0.932191542586861
531,1.0,1.0,0.7669096841934346,1.0,1.0,1.0,0.6668104367512774,0.9191028744206732
532,1.0,1.0,1.0,0.7692296199857167,1.0,1.0,1.0,0.9670328028551024
533,1.0,0.6245638403203382,1.0,0.9641368331753526,0.8753976588648137,0.6128600967207517,0.6566396407146081,0.8190854385422662
534,1.0,0.8183728865172543,0.8954452885095044,0.9434363091254752,0.9713589454191226,1.0,1.0,0.946944775653051
535,0.10164111927126707,1.0,1.0,0.3450658332568272,0.23201861208179156,0.7709680799840102,0.5422569023302819,0.5702786495605967
536,1.0,1.0,1.0,1.0,0.8675953726460196,0.4818566603987984,1.0,0.9070645761492597
537,1.0,0.8666302348925103,0.44165921969441757,0.8736551499721762,1.0,1.0,1.0,0.8831349435084436
538,1.0,1.0,1.0,1.0,0.8661329510106723,0.8340896347043053,1.0,0.9571746551021397
539,0.1467324477867519,0.6342126979214149,1.0,1.0,1.0,1.0,1.0,0.8258493065297381
540,0.5421656860711725,0.328727038080463,1.0,0.5576586393653795,0.3743589105944059,1.0,1.0,0.6861300391587745
541,1.0,0.49954172542175324,1.0,0.736757157541556,0.5720580059335824,1.0,0.822425423542297,0.8043974732055984
542,1.0,1.0,1.0,1.0,0.9207144035073851,0.790885119922868,1.0,0.9587999319186077
543,0.07992768446520895,0.9867393632502977,1.0,0.5533572578470455,0.36284838861921404,0.031971073786083576,0.4045422178846683,0.4884837122646455
544,1.0,1.0,1.0,1.0,0.8660228465834828,0.8448689715533003,0.9762789340362664,0.9553101074532927
545,1.0,1.0,1.0,0.8105979801029634,0.8436800891125554,0.676125585559352,1.0,0.9043433792535529
546,0.7246367718845526,0.14012232316817835,0.8654804434203346,0.1276420762967616,1.0,1.0,1.0,0.693983087824261
547,1.0,1.0,1.0,0.9089382660162519,1.0,1.0,0.9532376043172903,0.9803108386190774
548,1.0,1.0,1.0,0.9607705563899337,1.0,1.0,0.679356153201458,0.9485895299416274
549,1.0,0.1855175494558159,1.0,0.9721822891836489,0.9561321499719454,0.9610552048571082,1.0,0.8678410276383597
550,1.0,1.0,1.0,1.0,0.5032720211052226,1.0,1.0,0.929038860157889
551,1.0,0.694743122981424,0.9541439723592309,0.8988505051565773,1.0,0.8957296234224257,1.0,0.9204953177028082
552,0.8166140062072454,1.0,0.8427090747857623,0.7666819875063325,0.29894196952938934,1.0,1.0,0.8178495768612469
553,0.5859568693840426,0.3445061849862847,0.8708913163933828,0.8702694690724331,0.7847129381479233,1.0,1.0,0.7794766825691524
554,1.0,1.0,0.4872581322654707,0.7503082590379102,1.0,0.915285933849407,1.0,0.8789789035932554
555,0.6029380168646751,0.682317472675737,1.0,1.0,1.0,1.0,1.0,0.897893641362916
556,1.0,1.0,0.9210714598818341,1.0,1.0,1.0,1.0,0.9887244942688335
557,0.9574340606287335,1.0,1.0,0.7264477013309003,1.0,1.0,0.9252244557033088,0.9441580310947061
558,1.0,0.5363506914308582,1.0,1.0,1.0,0.7469589095257151,1.0,0.8976156572795105
559,0.8963433935245174,1.0,1.0,0.6747408096976646,1.0,1.0,0.968810220533983,0.9342706319651664
560,1.0,0.6557794957664248,1.0,0.36173228987030837,1.0,0.5301328230089075,0.16588581530879543,0.6733614891363481
561,0.683076680172648,1.0,0.8807002921250549,1.0,0.6614401906508751,1.0,0.26476129878340526,0.7842826373902833
562,1.0,1.0,0.990673687488887,0.7011791444961827,0.963301243770634,1.0,0.9843017890388448,0.9484936949706498
563,1.0,1.0,1.0,0.8868168747502079,0.9219459230002479,1.0,1.0,0.9726803996786365
564,1.0,1.0,1.0,0.8876184788457452,1.0,1.0,1.0,0.9839454969779636
565,0.7976616196440423,0.6381288841417828,0.04958365470611505,0.4916634743863004,0.04958303519629707,1.0,1.0,0.5752315240106481
566,1.0,1.0,0.993959143615051,1.0,0.38222353403277476,1.0,1.0,0.9108832396639751
567,1.0,1.0,0.9186914691067548,0.5267150399163326,1.0,0.3220406687378369,0.7147458583876412,0.7831704337355093
568,0.20503637754677628,0.9868908959051026,1.0,0.11716191628065627,0.13669009828133374,0.9401579208919153,1.0,0.6265624584151119
569,1.0,1.0,1.0,0.4740151411180481,1.0,1.0,1.0,0.9248593058740069
570,1.0,1.0,1.0,0.7728550647442262,1.0,0.853144416530856,1.0,0.9465713544678689
571,0.9567927893141309,1.0,1.0,0.7361774546436979,0.28742608930223956,0.9100803764696547,1.0,0.8414966728185318
572,0.7796955104018887,1.0,1.0,0.8838631641458874,0.460667944441733,0.8251477855247891,0.6876402622885518,0.8052878095432643
573,0.3731883846799227,0.2985611402154359,1.0,0.9258374070782882,0.2488009501795297,1.0,0.4006437751817576,0.606718808190705
574,0.24289759557915502,1.0,1.0,0.932627557669153,0.950832620754982,1.0,0.5183664557259005,0.8063891756755986
575,1.0,1.0,0.6494142249578533,1.0,1.0,1.0,1.0,0.949916317851122
576,1.0,0.503886662467205,1.0,0.9444696712168096,0.042606072201835495,1.0,0.5018767767652349,0.7132627403787264
577,1.0,1.0,1.0,1.0,1.0,0.18246821081666031,0.9971756052606648,0.8828062594396179
578,0.3613718995229224,0.9620433945565601,0.9683694954638,0.6420520889327724,0.6005664084614226,1.0,1.0,0.7906290409910682
579,1.0,0.44989013189478344,1.0,1.0,1.0,1.0,1.0,0.921412875984969
580,0.7144314993627812,1.0,0.5237236566722978,0.7523015869239148,0.9305946637825001,1.0,1.0,0.8458644866773563
581,1.0,1.0,1.0,1.0,1.0,0.8974225456074838,1.0,0.9853460779439261
582,1.0,1.0,0.9426118693081541,1.0,1.0,1.0,0.44254783673055187,0.9121656722912437
583,0.1603753950647477,0.8377301269611298,1.0,1.0,1.0,1.0,1.0,0.8568722174322682
584,0.28555281891426115,0.2284422551314086,0.832299105824021,1.0,1.0,0.847320333197498,1.0,0.7419449304381699
585,1.0,1.0,1.0,1.0,1.0,0.3653993533399136,0.8269601539379711,0.8846227867539836
586,0.0,1.0,1.0,0.9078520640427982,1.0,0.8568752996950354,1.0,0.8235324805339762
587,0.8495082878509947,0.6796066302807957,1.0,1.0,1.0,1.0,1.0,0.9327307025902558
588,1.0,1.0,0.6930145559240748,1.0,0.4940873782280096,1.0,1.0,0.8838717048788691
589,1.0,0.40320918482429247,0.8644770293975638,1.0,0.8686809732554039,0.7495899732817086,1.0,0.840851022965567
590,1.0,1.0,1.0,0.559831352696752,0.759021890818065,1.0,0.8407622309351963,0.8799450677785733
591,1.0,1.0,1.0,1.0,1.0,0.8733187312177787,1.0,0.9819026758882542
592,1.0,1.0,1.0,1.0,0.7753784420752694,0.5096933512483395,1.0,0.8978673990462298
593,0.8520905824622215,0.8816771497222875,0.7819814898364933,1.0,0.9225089814347709,1.0,1.0,0.9197511719222532
594,1.0,0.9897239859827065,0.21000757736577697,0.4471377206021578,1.0,1.0,1.0,0.8066956119929488
595,0.6622051737415182,1.0,1.0,1.0,1.0,1.0,1.0,0.9517435962487883
596,0.5523377913857448,0.6815052343111883,1.0,0.5738898838621096,0.6365374821188539,1.0,1.0,0.7777529130968424
597,0.3830160380565218,0.6741381501292587,0.9868403926704177,1.0,0.5402301877957638,1.0,1.0,0.7977463955217089
598,0.28834386025485864,0.6178357232903389,0.33491610708156555,1.0,0.22607980725633758,1.0,1.0,0.6381679282690145
599,1.0,0.8700526363813001,1.0,1.0,1.0,0.9643316366690596,0.7720971507031988,0.9437830605362226
600,1.0,1.0,1.0,0.8826528473156535,1.0,1.0,1.0,0.9832361210450934
601,1.0,1.0,1.0,0.28069086814670674,1.0,1.0,1.0,0.8972415525923866
602,1.0,0.8030335070779506,1.0,1.0,1.0,0.9246177838795956,0.4310236078836451,0.8798106998344559
603,1.0,1.0,1.0,1.0,0.6737419449100198,0.5671228487652149,1.0,0.8915521133821764
604,0.7604074382068678,1.0,0.8123665276336223,0.44040403481704,1.0,1.0,0.6172009374176973,0.8043398482964611
605,1.0,1.0,0.8472310326114015,1.0,1.0,1.0,1.0,0.9781758618016287
606,1.0,0.7434069681874375,1.0,1.0,0.7954845014400548,0.6178080360378987,0.8396293551171483,0.8566184086832199
607,1.0,0.8724004935926835,0.7121967561652637,1.0,0.44628035843318714,0.3677473288215066,1.0,0.7712321338589486
608,0.4871877778602704,1.0,1.0,0.778393015920155,0.9441362927091664,1.0,0.2134162217507059,0.774733329748614
609,1.0,0.6768463850401135,0.9607101858561139,0.9414138167617372,1.0,1.0,0.5955333121589094,0.8820719571166962
610,1.0,1.0,1.0,1.0,1.0,1.0,0.6761786662704555,0.9537398094672079
611,0.8001274647622851,1.0,1.0,0.21431731993496356,1.0,0.39224112311074644,1.0,0.7723837011154279
612,0.2563496781216059,1.0,1.0,0.5528392224181797,1.0,0.7605085394833028,1.0,0.7956710628604412
613,1.0,1.0,1.0,1.0,1.0,0.9664411086341649,0.9692771272192381,0.9908168908362003
614,1.0,0.9023963942010712,0.7115512917288724,1.0,1.0,1.0,0.9680175362083469,0.9402807460197558
615,0.32594280584618385,1.0,1.0,1.0,1.0,1.0,1.0,0.9037061151208834
616,1.0,0.4804715962809955,1.0,1.0,1.0,1.0,1.0,0.9257816566115709
617,0.34865317483586333,0.8463635882672321,0.8587121813326266,0.7032323825291309,1.0,1.0,1.0,0.8224230467092647
618,0.8242857281133347,0.2838685890819975,1.0,0.6211541450531431,0.6953226059481201,1.0,0.5580144772424898,0.7118065064912978
619,0.9594284021019893,1.0,1.0,0.8065007867285503,1.0,0.3958123176509232,0.6198010573660245,0.8259346519782124
620,1.0,1.0,1.0,0.9306479032797838,0.927909960084956,1.0,1.0,0.9797939804806771
621,1.0,1.0,1.0,1.0,0.6665392752219819,0.9619815695247426,1.0,0.9469315492495322
622,1.0,1.0,1.0,1.0,1.0,0.20842574850050713,1.0,0.886917964071501
623,0.9327452015643911,1.0,0.93908683311142,1.0,1.0,0.7356271890327387,1.0,0.9439227462440786
624,1.0,0.7899381890796966,1.0,0.921382288691383,1.0,1.0,0.5389406507634745,0.8928944469335077
625,1.0,1.0,1.0,0.46378853215562943,1.0,0.5833507511306987,1.0,0.8638770404694753
626,1.0,1.0,1.0,1.0,0.6993238798092459,0.7444663769215506,1.0,0.9205414652472567
627,1.0,1.0,1.0,1.0,0.7306521692094492,0.7773517741134894,1.0,0.9297148490461341
628,0.8663736888093592,1.0,0.8721119898799488,1.0,1.0,1.0,1.0,0.9626408112413297
629,1.0,1.0,0.6323084767569915,1.0,1.0,0.0755987955622349,0.21949849445279368,0.70391510953886
630,1.0,1.0,1.0,1.0,1.0,0.6207777892868085,0.9009744379114301,0.9316788895997484
631,1.0,1.0,1.0,0.7234128430676791,1.0,1.0,0.6792655938492757,0.9146683481309935
632,1.0,1.0,0.905789219104194,0.6963255798770882,0.8721268920368992,0.519978361200765,1.0,0.8563171503169924
633,1.0,1.0,1.0,0.7833453147156801,1.0,1.0,1.0,0.9690493306736686
634,1.0,1.0,1.0,0.2654364648191326,1.0,1.0,0.17412500917734008,0.7770802105709247
635,1.0,1.0,1.0,1.0,1.0,1.0,1.0,1.0
636,1.0,1.0,0.5055635031182057,1.0,1.0,1.0,1.0,0.9293662147311722
637,0.7027381696167266,1.0,1.0,1.0,0.8333347449002236,0.281094838617376,1.0,0.8310239647334752
638,1.0,1.0,1.0,0.9585692041038375,1.0,1.0,1.0,0.9940813148719768
639,1.0,0.9544122324231171,1.0,0.11555041475362766,0.26001685275153785,0.8848530538103596,0.5220348396927,0.6766953419187631
640,1.0,1.0,1.0,1.0,0.8659540639880714,0.8786084109788325,1.0,0.9635089249952719
641,0.5003395374649587,1.0,0.5717972886911833,1.0,1.0,0.9582222072903518,0.96541087850308,0.8565385588499392
642,1.0,0.7081689139349026,1.0,0.7600328043415985,0.8536394416440658,1.0,1.0,0.9031201657029381
643,0.733709790717907,1.0,1.0,1.0,0.7767940515614699,0.9207039586451304,1.0,0.9187439715606439
644,1.0,0.6455589059137214,1.0,1.0,0.6041295868833843,1.0,1.0,0.8928126418281579
645,1.0,1.0,1.0,1.0,1.0,0.34004428116577223,1.0,0.9057206115951103
646,0.9500831486143444,1.0,0.9667322244043213,0.4350940847049044,1.0,1.0,1.0,0.9074156368176529
647,1.0,1.0,0.9908203273872369,1.0,0.5400122861985907,0.4256667648466314,1.0,0.8509284826332084
648,1.0,1.0,0.9697185638387141,1.0,0.7077424433337915,0.627962517744608,0.6433678884590965,0.8498273447680299
649,1.0,0.8676951326137294,0.985627838528145,0.8355207176384696,1.0,1.0,0.3576938210430691,0.8637910728319163
650,1.0,1.0,0.9702563291559083,0.7748703093001303,0.8266417702375632,1.0,0.6584253466719103,0.8900276793379304
651,0.980074719482229,0.866830279836881,1.0,1.0,0.9381310083380523,0.1267336661130969,1.0,0.8445385248243227
652,1.0,1.0,1.0,1.0,0.8742574709666452,1.0,1.0,0.9820367815666636
653,1.0,1.0,0.7121340162532852,1.0,1.0,0.09497110614039211,0.9892907725837125,0.8280565564253414
654,0.9611174534287796,1.0,1.0,0.8979223074057763,0.7187724389415402,1.0,1.0,0.9396874571108709
655,1.0,1.0,1.0,0.03389842714740372,1.0,1.0,1.0,0.8619854895924863
656,1.0,1.0,0.890298863297058,1.0,0.13484852609236567,1.0,0.7711492139350735,0.8280423719034996
657,1.0,0.7336122305664194,1.0,1.0,0.8392931184986873,1.0,1.0,0.9389864784378723
658,1.0,1.0,0.9225277120564234,1.0,0.5444533389170874,1.0,1.0,0.9238544358533586
659,1.0,0.8060535024706422,1.0,0.8536562803442619,1.0,1.0,1.0,0.9513871118307006
660,1.0,1.0,1.0,1.0,0.6979335918004951,1.0,0.7548843942986917,0.9218311408713123
661,0.22542666611802026,0.926056406960132,0.838724759363962,1.0,1.0,1.0,0.1731015038347794,0.7376156194681276
662,1.0,1.0,1.0,0.30321363510379923,0.76329231072949,0.7446264234830191,0.9646287478469102,0.8251087310233168
663,0.9815808668099764,1.0,1.0,0.994737390517136,0.6008977426855893,1.0,0.4726104653769279,0.86426092362709
664,1.0,0.6817632705692247,1.0,0.6761049323868192,0.8802604235619432,0.8297546922068361,1.0,0.8668404741035463
665,1.0,1.0,1.0,1.0,0.9569142075578632,1.0,0.9183886203214287,0.9821861182684702
666,1.0,1.0,1.0,0.5591656609921812,1.0,0.08843391772716036,1.0,0.8067999398170488
667,0.7799531455361134,1.0,0.970885711777454,0.9371294701531747,0.46121360091731234,0.8668175810907849,1.0,0.8594285013535484
668,1.0,1.0,1.0,0.7882704333785501,0.24701670675179865,0.45712672361939627,1.0,0.7846305519642492
669,1.0,1.0,1.0,1.0,0.8953011650679031,1.0,1.0,0.985043023581129
670,0.9322723162621277,0.4154779950987067,1.0,1.0,0.9688909448441774,0.33664265448131764,1.0,0.8076119872409041
671,0.5372471342890565,1.0,1.0,0.8480269306740835,0.3398668573149022,0.43430413936720186,1.0,0.7370635802350349
672,0.38308218887023776,1.0,0.2707618646468237,0.10945205396292527,0.9488854661038076,0.6274511204368253,0.506978463664032,0.5495158796692359
673,0.7207915980683298,0.7766332784546642,1.0,1.0,1.0,1.0,1.0,0.9282035537889992
674,0.4088290729076419,1.0,0.9156677916472551,0.7123818969809173,0.8022078800287512,1.0,0.24498724723280205,0.7262962698281953
675,1.0,1.0,1.0,1.0,0.9273539874433683,0.899662898694056,1.0,0.9752881265910606
676,0.3502705662485975,1.0,0.7955588996499714,0.8961958303209024,0.8164995132709939,1.0,1.0,0.836932115641495
677,0.810335898894392,0.791951436705445,1.0,0.9971255131090876,0.6248442254492806,1.0,1.0,0.8891795820226008
678,0.8159631406779487,1.0,1.0,1.0,1.0,1.0,1.0,0.9737090200968499
679,1.0,1.0,1.0,1.0,0.7035062160154089,1.0,1.0,0.9576437451450585
680,1.0,0.45577120064783827,1.0,1.0,1.0,0.7179560861607328,1.0,0.881961040972653
681,1.0,1.0,1.0,0.7003485125142113,1.0,1.0,0.8567038354657793,0.9367217639971416
682,0.23869101997120207,0.6962483509382952,1.0,0.0681974342774863,1.0,1.0,0.8387874909550205,0.6917034708774291
683,1.0,1.0,0.90997738926447,1.0,0.8907450603475247,1.0,0.8580856518578808,0.9512583002099821
684,0.25563894598578146,0.5347014452147003,1.0,0.23724589593900655,0.6299954760836258,0.8673507226073502,1.0,0.6464189265472092
685,1.0,0.7196631972940295,1.0,0.3427008045895579,1.0,0.7393320223919708,0.9876420573318929,0.8270482973724931
686,1.0,1.0,0.10329756114538953,1.0,0.6675861739616057,1.0,1.0,0.8244119621581422
687,0.7111849874395557,1.0,1.0,0.554792774949756,1.0,1.0,1.0,0.8951396803413303
688,1.0,0.9662403981965196,1.0,1.0,1.0,1.0,1.0,0.9951771997423601
689,1.0,0.7776821242372906,1.0,0.23963885047492528,0.6286480485699616,1.0,0.4193679883311195,0.7236195730876138
690,1.0,1.0,1.0,0.9666696957459789,0.34662028780366094,1.0,0.9611120783675748,0.8963431517024593
691,1.0,1.0,0.6152084441265772,1.0,0.9742693660715586,0.9416600203589944,1.0,0.93301969007959
692,0.5401283781739958,0.7268989235633252,1.0,1.0,0.1800343956712476,1.0,0.7984297283770576,0.7493559179693753
693,1.0,1.0,1.0,0.42349902929329103,1.0,1.0,0.08758626450323657,0.7872978991137896
694,0.8295417582452781,0.4443019858262867,1.0,1.0,1.0,0.8620892296664736,0.41471396181971654,0.7929495622225363
695,1.0,1.0,1.0,0.7737066716929941,0.6797591160955523,0.8602922108224167,1.0,0.9019654283729948
696,1.0,0.5844433172702187,1.0,0.39642039155318226,1.0,1.0,0.7808749761557122,0.8231055264255877
697,1.0,1.0,1.0,1.0,1.0,0.6829459504227999,1.0,0.9547065643461143
698,1.0,0.8246359503732015,1.0,0.7051410179750602,1.0,1.0,1.0,0.9328252811926089
699,0.6700942082329583,0.03394402723111395,1.0,1.0,0.6500988678915574,1.0,0.8912052478067892,0.7493346215946313
700,0.08307975333518293,1.0,0.9200493100966124,0.6271770477114844,1.0,1.0,1.0,0.80432944444904
701,1.0,0.6175122117228018,0.7078291871603852,0.6377188164784927,1.0,1.0,1.0,0.8518657450516685
702,1.0,1.0,1.0,0.8247205229643636,0.8998464076395578,0.7772330019660295,0.8267270194307816,0.9040752788572475
703,1.0,0.8883554190675869,0.9746464787555665,0.8188916187685678,1.0,0.9110613543689731,0.8874159332684749,0.9257672577470242
704,1.0,1.0,1.0,0.9921102785929996,1.0,0.9578971466475552,0.6390321303897836,0.9412913650900484
705,1.0,0.7878561406971359,1.0,1.0,0.6576084616802889,0.9663014363709412,1.0,0.9159665769640524
706,1.0,1.0,0.8666467126440822,0.5605845843427038,1.0,1.0,0.2999700689661233,0.8181716237075586
707,1.0,1.0,1.0,1.0,1.0,1.0,0.6803354288564273,0.9543336326937754
708,1.0,0.9555767705522716,1.0,1.0,1.0,1.0,0.9495189152026002,0.9864422408221245
709,0.7436123636304787,1.0,1.0,0.6932052874041726,0.8233203211071297,1.0,0.7718193684574319,0.8617081915141733
710,0.9948232271054664,1.0,0.04425432179064372,0.7251921066459551,1.0,1.0,1.0,0.8234670936488665
711,1.0,1.0,1.0,0.70780974300915,1.0,1.0,1.0,0.9582585347155929
712,1.0,0.9107714098676825,1.0,0.9076911947145491,0.894695256654822,1.0,1.0,0.9590225516052934
713,1.0,1.0,0.3257652559632699,1.0,1.0,0.6030384610687672,1.0,0.8469719595760052
714,1.0,1.0,0.8598075650574057,1.0,1.0,1.0,1.0,0.979972509293915
715,1.0,1.0,1.0,1.0,1.0,1.0,0.70912218606665,0.95844602658095
716,0.3710875521623352,0.9322287942339588,1.0,1.0,0.3593647823695409,1.0,0.40614137234485953,0.7241175001586706
717,1.0,1.0,0.8925991994436019,0.5376144423608777,0.9324840286095097,1.0,0.8026130380097909,0.8807586726319686
718,1.0,1.0,1.0,1.0,0.9338778164296884,1.0,1.0,0.9905539737756698
719,1.0,1.0,1.0,0.8503465573925104,1.0,0.7150999927165436,1.0,0.937920935729865
720,0.0,1.0,1.0,0.8128570696857272,0.3806690232972998,0.45832703013413106,0.6209658072428289,0.6104027043371409
721,1.0,0.8963869108477537,0.8263152970925107,0.7887225489904027,1.0,0.1757291585334264,1.0,0.8124505593520135
722,1.0,1.0,1.0,0.42803420079365473,1.0,1.0,0.8707860032370779,0.8998314577186761
723,1.0,0.6084907146880727,1.0,1.0,1.0,0.9574185139047476,1.0,0.9379870326561173
724,1.0,1.0,1.0,1.0,0.4306666932910812,0.683812350846566,0.7121443471452799,0.8323747701832752
725,1.0,0.8622934093912118,0.4497909907820149,0.7919486377037762,0.3860955904633547,1.0,0.30968747403568253,0.6856880146251486
726,1.0,0.8448275452752226,0.6347686347195949,1.0,0.5459778925848597,0.5149813907682679,1.0,0.7915079233354207
727,1.0,0.9575387907677066,0.9785821452166721,1.0,1.0,1.0,0.1953477405265113,0.8759240966444128
728,1.0,1.0,0.4933154425247934,1.0,0.9278123372050588,0.913374804646071,0.8419667503973679,0.8823527621104701
729,0.9515595607314418,1.0,0.9950802032107694,0.9466466200145366,1.0,1.0,0.6887516919865757,0.940291153706189
730,1.0,1.0,0.37627422351970163,1.0,1.0,1.0,1.0,0.9108963176456717
731,1.0,1.0,1.0,0.7150868961007916,1.0,1.0,0.4650360561551045,0.8828747074651279
732,1.0,1.0,1.0,0.9869497715738841,0.9404544882472009,1.0,0.9445656835392638,0.9817099919086213
733,1.0,1.0,0.980914083801026,0.5079151393444384,1.0,0.9843455441563714,1.0,0.9247392524716908
734,1.0,1.0,1.0,1.0,1.0,0.4775031781341028,0.7218789726676286,0.8856260215431044
735,1.0,0.9902264848861538,1.0,0.6294747226645688,0.5169129749647559,0.2848892114546182,1.0,0.7745004848528708
736,1.0,1.0,1.0,0.8161433364462629,0.5091233204811241,0.5284032880377224,1.0,0.8362385635664442
737,1.0,1.0,1.0,0.5158830027229734,1.0,0.7723745246957647,1.0,0.8983225039169626
738,0.7320106848455692,1.0,0.46965633066430545,1.0,1.0,1.0,1.0,0.8859524307871249
739,1.0,1.0,0.25879057663111343,0.6002932951139676,0.49017531073076115,1.0,1.0,0.7641798832108346
740,0.4447530328958207,0.9421706137247567,1.0,1.0,1.0,0.1453859083081331,0.7341488559941729,0.7523512015604118
741,1.0,0.8992482669222365,1.0,0.7682954750492702,1.0,0.8219636886894949,0.9146457081660416,0.9148790198324347
742,0.6192176971751604,0.6953691405831275,1.0,1.0,0.7362961649363763,1.0,0.5653893744982587,0.8023246253132746
743,1.0,1.0,1.0,0.9399273770564163,0.8179660262494756,1.0,1.0,0.9654133433294131
744,1.0,1.0,0.985468921450955,0.8259773940274076,1.0,1.0,1.0,0.9730637593540518
745,1.0,0.851504457698451,0.42810206201256695,1.0,1.0,1.0,1.0,0.8970866456730027
746,1.0,1.0,1.0,1.0,1.0,0.7401983120943123,1.0,0.9628854731563303
747,1.0,1.0,1.0,1.0,0.665822033794127,0.8814396956837328,1.0,0.9353231042111229
748,0.2544842435286462,0.9487881230641945,1.0,1.0,0.9151719188237845,0.9035729626546274,1.0,0.8602881782958932
749,0.9429483596239389,1.0,0.9234789542138682,0.9522869043284713,0.6213171642057947,1.0,1.0,0.9200044831960105
750,1.0,1.0,0.45675168075175376,1.0,0.6398557436780254,1.0,1.0,0.8709439177756827
751,1.0,0.3471971030753965,1.0,1.0,0.804027482566153,0.9648358647944977,1.0,0.8737229214908638
752,0.9580124532106685,1.0,1.0,0.7080765074210322,1.0,1.0,0.8994334887763777,0.9379317784868684
753,1.0,1.0,0.11470145764916144,1.0,0.5881005539352564,1.0,1.0,0.8146860016549169
754,1.0,1.0,1.0,1.0,1.0,1.0,1.0,1.0
755,1.0,1.0,1.0,1.0,0.9822225977352823,0.34790042506734037,1.0,0.9043032889718032
756,0.48331955816447036,1.0,0.28201731658135826,0.9340141978038213,1.0,1.0,1.0,0.8141930103642357
757,1.0,1.0,1.0,1.0,0.404649345892592,0.9966677570462384,0.31041734815389904,0.8159620644418185
758,0.87249668426601,1.0,1.0,0.7572741390876615,1.0,1.0,0.41948759593793816,0.8641797741845157
759,1.0,1.0,1.0,1.0,0.9273040018552268,1.0,0.6527360311343088,0.940005718998505
760,1.0,1.0,1.0,0.48623264987473813,1.0,0.9317521476807324,1.0,0.916854971079353
761,0.8866476141098549,0.6149967220670916,1.0,0.9238078755547985,1.0,1.0,1.0,0.9179217445331064
762,1.0,0.4584953712090162,1.0,0.613242272812681,1.0,0.6965111172408855,1.0,0.8240355373232261
763,0.5150632456908979,1.0,1.0,0.47073474416748884,0.9266925976032883,0.6042777806270107,0.5405926529948623,0.7224801458690783
764,1.0,1.0,0.6589448901112185,1.0,0.7717720044984407,1.0,0.11915147084827023,0.7928383379225614
765,1.0,1.0,1.0,0.7094468290637864,1.0,1.0,1.0,0.9584924041519695
766,1.0,1.0,0.7616123986462533,1.0,1.0,1.0,1.0,0.9659446283780362
767,1.0,1.0,1.0,1.0,1.0,0.384770500617959,0.48096312577244865,0.8379619466272011
768,1.0,0.7898430777632922,0.8105731689719282,1.0,1.0,0.7883399863690954,1.0,0.9126794618720451
769,1.0,0.8175383356543137,1.0,1.0,0.9991488824092267,1.0,0.3577368983810245,0.8820605880635093
770,0.625759807866029,1.0,1.0,1.0,1.0,1.0,1.0,0.9465371154094326
771,1.0,0.9531396217323609,1.0,1.0,1.0,1.0,1.0,0.9933056602474801
772,1.0,1.0,1.0,1.0,1.0,0.9062098859336778,1.0,0.9866014122762398
773,1.0,1.0,1.0,0.3851368557175331,0.8132090161258679,1.0,1.0,0.8854779816919144
774,0.1115417245360382,1.0,0.0,0.5911960276790851,1.0,0.9964276729346718,1.0,0.6713093464499708
775,1.0,0.3500606217940763,1.0,0.955068956311966,1.0,1.0,1.0,0.9007327968722917
776,1.0,1.0,0.885372339581048,1.0,0.38390310395365973,0.9757385386467173,1.0,0.8921448545973465
777,1.0,1.0,1.0,1.0,0.5522238515486046,1.0,1.0,0.9360319787926578
778,1.0,1.0,1.0,1.0,1.0,1.0,1.0,1.0
779,1.0,0.5592852647894536,0.5105691645236992,1.0,0.8776010310857445,1.0,1.0,0.8496364943426996
780,0.5818341853277742,0.5928283827239491,1.0,1.0,0.8675880542450094,0.987529367767573,1.0,0.8613971414377579
781,1.0,1.0,1.0,1.0,1.0,1.0,0.733632850773132,0.9619475501104474
782,0.4885414780208757,1.0,1.0,0.9991419296930485,0.7671258641967218,1.0,0.9311531973065729,0.8837089241738886
783,1.0,1.0,0.8467560823328439,1.0,1.0,1.0,0.91328492245862,0.9657201435416376
784,1.0,0.6604978555001286,0.8766918545140018,1.0,0.8788503319169914,1.0,0.07955731930709331,0.785085337319745
785,1.0,1.0,1.0,1.0,1.0,1.0,1.0,1.0
786,1.0,0.9188849205844309,1.0,0.5114061906936178,1.0,0.9825756662154985,0.949303075365269,0.9088814075512595
787,1.0,1.0,0.4079262430277069,1.0,0.5992172945697553,1.0,1.0,0.8581633625139232
788,0.7442140927171077,1.0,1.0,0.8752770474787772,1.0,0.9900707456991981,1.0,0.9442231265564404
789,1.0,1.0,1.0,0.5854256446240694,1.0,1.0,0.21518628132861975,0.8286588465646699
790,1.0,1.0,1.0,1.0,1.0,1.0,1.0,1.0
791,1.0,1.0,1.0,0.875478083957619,0.27513225432809046,0.8698412948062917,1.0,0.860064519013143
792,1.0,1.0,0.6510081960431218,1.0,0.45447858744693825,1.0,1.0,0.8722123976414372
793,1.0,0.8936911560799096,1.0,1.0,1.0,1.0,1.0,0.98481302229713
794,0.5296113126804403,0.5867266204063761,1.0,0.7251037531803398,1.0,0.615145254452476,1.0,0.7795124201028045
795,1.0,0.9522275748404616,1.0,0.7072159319403051,1.0,0.5782051732049526,1.0,0.8910926685693884
796,1.0,0.9729991910891087,0.8365849580443394,1.0,0.18590839589517744,1.0,1.0,0.8564989350040894
797,1.0,1.0,1.0,1.0,1.0,1.0,1.0,1.0
798,1.0,1.0,0.7835819918088067,1.0,0.9307733347665827,1.0,0.7658584175300177,0.9257448205864867
799,1.0,1.0,1.0,0.9439219531387669,0.46028292533651466,1.0,0.8900484349622444,0.8991790447767894
800,1.0,0.8472996626643015,0.9802863981609342,0.7480441876955448,0.7302991937881875,1.0,1.0,0.9008470631869955
801,1.0,0.6439280429308605,1.0,0.4093653862185008,0.5589206697698832,1.0,1.0,0.8017448712741777
802,1.0,0.39764209480441987,0.7620136308843788,1.0,0.740058804820401,0.7593073868328754,1.0,0.8084317024774393
803,0.909074739003283,0.6368712781179109,1.0,1.0,0.8291384020752751,1.0,0.9427792954961718,0.9025519592418058
804,0.7005008294921897,1.0,1.0,0.7484285165628809,1.0,1.0,0.9347235882434632,0.9119504191855048
805,1.0,0.9109873058791176,1.0,0.9764377237458454,1.0,1.0,0.715963406860498,0.9433412052122085
806,0.6601925480762547,1.0,1.0,0.8536790135179569,1.0,0.7377863044188673,1.0,0.8930939808590114
807,0.6232206352264563,0.49684724780943323,1.0,1.0,1.0,0.7384596018632946,1.0,0.8369324978427406
808,0.5010028421335193,0.0,0.7223403084123409,1.0,0.5835205778757085,1.0,1.0,0.6866948183459384
809,1.0,1.0,1.0,1.0,0.9752842282379607,0.759313717503938,1.0,0.9620854208202712
810,1.0,1.0,1.0,1.0,1.0,0.7799191872474698,0.726766321858338,0.9295265013008296
811,1.0,1.0,0.8538321471142155,0.9922429056888039,0.30944314742327866,1.0,1.0,0.8793597428894712
812,0.914329676472946,1.0,1.0,1.0,1.0,1.0,1.0,0.9877613823532779
813,1.0,1.0,1.0,0.6952529282845258,0.8173296851221927,0.44624580686208504,1.0,0.8512612028955433
814,0.8109079813349873,1.0,0.873934955139568,1.0,1.0,0.7027311621867977,1.0,0.9125105855230504
815,1.0,1.0,1.0,1.0,0.9754522729432084,1.0,1.0,0.9964931818490298
816,1.0,1.0,1.0,1.0,0.7260984912623306,1.0,1.0,0.9608712130374758
817,0.8845125083969071,1.0,0.8924884667562086,1.0,1.0,1.0,1.0,0.9681429964504451
818,1.0,1.0,1.0,1.0,0.43876665457070846,1.0,1.0,0.9198238077958154
819,1.0,1.0,0.8021022067514043,0.37475972812728053,0.646907323601643,1.0,1.0,0.831967036925761
820,0.7013405767900877,1.0,1.0,0.20038302194002502,1.0,0.3987474283590013,1.0,0.7572101467270163
821,1.0,0.48642036318440607,1.0,0.9722348478211476,0.11932445919157625,1.0,0.3039866887873644,0.6974237655692134
822,1.0,1.0,1.0,0.6826289911726762,1.0,1.0,1.0,0.9546612844532394
823,0.8281072126716407,1.0,1.0,0.9632804505089761,1.0,0.3992542320429283,1.0,0.8843774136033635
824,0.8000351975889183,0.278309990175096,1.0,1.0,1.0,1.0,1.0,0.8683350268234307
825,1.0,1.0,0.4721562468016421,1.0,1.0,1.0,1.0,0.9245937495430917
826,1.0,1.0,1.0,1.0,1.0,1.0,1.0,1.0
827,0.7005620309556171,1.0,1.0,1.0,1.0,1.0,0.3817225432036838,0.8688977963084715
828,1.0,1.0,0.9516149258148999,0.9289223077649232,1.0,0.9670767666487514,1.0,0.9782305714612249
829,1.0,1.0,1.0,1.0,0.8047567736966811,1.0,1.0,0.9721081105280973
830,0.9109225390998806,0.6409244936840821,1.0,1.0,0.9507714341376972,1.0,1.0,0.9289454952745227
831,0.6309633518191544,1.0,1.0,1.0,0.6556229756591866,0.7285701915493283,0.766563766327062,0.8259600407649617
832,1.0,1.0,1.0,0.5143324764236435,1.0,1.0,1.0,0.9306189252033776
833,0.5575966824958181,0.9033606736520583,0.7528005613767155,1.0,1.0,0.6446599155828597,1.0,0.8369168333010645
834,0.7802927792190566,0.6909189319497069,1.0,1.0,0.8014215636649517,1.0,0.8407252690835408,0.8733369348453223
835,1.0,1.0,1.0,1.0,0.7171980340373006,0.9013949404299649,0.5406771122233357,0.879895726670086
836,1.0,0.06938345896123632,0.92866739078231,0.9117061068149848,1.0,0.24989265820470272,0.7200757512598983,0.6971036237175902
837,1.0,1.0,1.0,0.9758718015484521,1.0,0.9205676741958232,1.0,0.9852056393920393
838,0.2526553927359125,0.7460637449272192,1.0,1.0,0.6057722148251984,0.8592051736780809,1.0,0.7805280751666303
839,1.0,0.6641081074429506,1.0,0.43766374483916304,0.6965727374088226,1.0,1.0,0.8283349413844194
840,1.0,1.0,1.0,0.8180762280698459,0.9461577678590006,1.0,0.5243465432956053,0.898368648460636
841,0.6786264968445336,1.0,0.7335237382128268,0.801050547620853,0.7081492989419027,0.5251077950906311,1.0,0.7780654109586782
842,1.0,1.0,0.9784574475887149,0.9917537710200613,0.6267685910629114,0.36730309377766807,1.0,0.8520404147784795
843,0.5589020474788047,1.0,1.0,1.0,0.7192150097140754,0.4916468380412163,0.7482441033190601,0.7882868569361651
844,1.0,1.0,0.933547302002342,1.0,0.7319349910262007,1.0,1.0,0.9522117561469347
845,1.0,0.5767062042326978,0.8090359070713553,0.9447783568935817,0.8972516075347675,0.3406328602473324,1.0,0.7954864194256764
846,0.41834559513128616,1.0,0.49138747362974733,1.0,0.9209714395397678,0.3914139408709284,1.0,0.7460169213102471
847,1.0,1.0,1.0,0.5694778261256045,1.0,0.9636297709499788,1.0,0.9333010852965119
848,1.0,1.0,1.0,0.5882763328572302,1.0,1.0,0.987201868929997,0.9393540288267468
849,1.0,1.0,1.0,0.716133538873517,1.0,1.0,1.0,0.9594476484105025
850,0.37685281410054167,0.8226875596475636,0.7364114955902996,0.9589522344967721,1.0,0.739707342841602,0.9228902097298807,0.7939288080580942
851,1.0,1.0,0.8508695790419298,0.7487350699007377,1.0,0.6743010964689844,1.0,0.8962722493445218
852,1.0,1.0,1.0,1.0,1.0,1.0,0.49924070264538006,0.9284629575207687
853,1.0,1.0,1.0,1.0,1.0,0.14085992583331736,1.0,0.877265703690474
854,0.699583218054584,1.0,0.878522279376922,0.40638274801430874,0.8966223394402435,1.0,1.0,0.8401586549837227
855,0.3089014293995333,0.8409467428725315,1.0,1.0,0.789256981930551,0.9423239641242707,0.8942609201555063,0.8250985769260561
856,1.0,1.0,1.0,0.8448331075471565,0.9164654217723671,0.23658473643184505,0.7134158457919413,0.8158998730776157
857,1.0,1.0,1.0,1.0,1.0,0.4168161482315699,0.732196744407532,0.8784304132341575
858,1.0,1.0,0.7762485305485063,0.8796418735412614,0.7579853694421793,1.0,1.0,0.916267967647421
859,1.0,1.0,1.0,1.0,0.8814904058419439,0.10728669540846447,1.0,0.8555395858929156
860,1.0,1.0,0.5080315157019049,1.0,0.7777153933181962,1.0,0.8557554557527488,0.8773574806818357
861,0.4069502465238414,1.0,1.0,1.0,1.0,1.0,1.0,0.915278606646263
862,0.722512626954031,1.0,1.0,1.0,0.7076202570748679,0.8368507922337494,1.0,0.8952833823232353
863,1.0,1.0,1.0,1.0,1.0,1.0,0.7781925701435701,0.9683132243062244
864,1.0,1.0,0.9374938148163805,0.9940465191932844,1.0,0.7166577046502545,0.518533769529553,0.8809616868842102
865,1.0,1.0,0.24264468634751837,0.8203976898280085,1.0,0.8828800770776264,1.0,0.849417493321879
866,1.0,1.0,1.0,1.0,1.0,1.0,1.0,1.0
867,0.14218821500144413,0.7109193349179462,0.09480567452739264,0.08126200673776511,0.9834933327498006,0.9890778213843355,1.0,0.5716780550455264
868,0.9355902640081103,0.9239320944175156,1.0,1.0,1.0,0.978937671632931,0.5927951320040551,0.9187507374375159
869,1.0,1.0,0.5917747474570123,1.0,1.0,1.0,1.0,0.9416821067795732
870,1.0,1.0,0.8842427353694248,1.0,0.553970114500828,1.0,1.0,0.9197446928386075
871,1.0,1.0,1.0,1.0,1.0,1.0,0.991841171452377,0.9988344530646253
872,1.0,1.0,1.0,1.0,0.8766713467492661,0.5349635556458913,1.0,0.9159478431993081
873,0.7035548996807914,1.0,0.631749814267165,1.0,1.0,0.7325261114994652,1.0,0.8668329750639173
874,1.0,1.0,1.0,1.0,1.0,1.0,1.0,1.0
875,1.0,0.9742625360044584,1.0,1.0,1.0,1.0,0.9890797112874198,0.994763178184554
876,1.0,1.0,0.9553553528741032,0.6748664138735364,1.0,0.8744513755965679,0.6206802242087961,0.8750504809361433
877,1.0,1.0,1.0,1.0,0.8706817952022161,1.0,1.0,0.9815259707431737
878,0.8285375913340222,0.7575858986265094,1.0,0.940263904907223,1.0,1.0,1.0,0.9323410564096791
879,1.0,1.0,0.3719963230281784,1.0,0.9806612731529438,0.7216754315884066,0.6361303884922282,0.815780488037394
880,1.0,0.8860073852833222,0.4997018825966854,1.0,0.4121158514631748,0.8996422591160225,1.0,0.8139239112084579
881,0.39509749615268513,0.31607706185950046,1.0,0.6675912424977677,0.8296616504103734,0.9229760376395526,1.0,0.7330576412228399
882,1.0,1.0,1.0,1.0,0.6772845850529973,1.0,1.0,0.953897797864714
883,1.0,1.0,0.6547505457233772,1.0,1.0,1.0,1.0,0.9506786493890539
884,1.0,1.0,1.0,1.0,1.0,1.0,1.0,1.0
885,0.17964803103930513,1.0,1.0,1.0,0.5658849117612441,0.9196952739786474,1.0,0.8093183166827425
886,1.0,1.0,0.8815572630374929,0.6250585174315716,1.0,1.0,0.39326033162320484,0.8428394445846099
887,1.0,1.0,0.4996523425811107,1.0,0.8051929750247903,1.0,1.0,0.9006921882294144
888,0.3249547398749262,1.0,1.0,1.0,0.24701710445110941,1.0,1.0,0.7959959777608623
889,1.0,1.0,1.0,1.0,0.9172736729674068,0.47301312526722633,1.0,0.9128981140335191
890,1.0,1.0,1.0,0.6402529679116682,1.0,1.0,0.8673986349859697,0.9296645146996626
891,1.0,1.0,1.0,1.0,0.6665757290071882,1.0,1.0,0.9523679612867412
892,1.0,1.0,0.9426294776818718,1.0,1.0,1.0,1.0,0.9918042110974102
893,1.0,0.7632577987266126,1.0,0.8722905886665003,0.8813108877045625,1.0,1.0,0.9309798964425251
894,0.23005542984341804,1.0,1.0,0.718696255281216,1.0,1.0,0.8969126213031489,0.8350949009182547
895,1.0,1.0,1.0,1.0,1.0,1.0,0.6689357477593474,0.9527051068227639
896,0.8216390729290634,1.0,0.9642141243074936,0.9166310007649847,0.7778585783174978,0.9175726477305979,0.7114919320609412,0.8727724794443683
897,1.0,1.0,0.7456912338684961,1.0,1.0,1.0,0.6495613437781396,0.9136075110923765
898,1.0,1.0,1.0,0.5649573795191323,1.0,1.0,1.0,0.9378510542170189
899,1.0,1.0,1.0,1.0,0.6031251680586395,0.9237448334241203,0.9480528105901045,0.9249889731532662
900,1.0,0.9735018994537953,1.0,1.0,1.0,0.5678739967828672,1.0,0.9344822708909518
901,1.0,1.0,1.0,1.0,0.2575055657285329,0.6140039591473603,0.8866375111757063,0.822592433721657
902,1.0,0.2409822589213556,0.8143180460487257,1.0,1.0,1.0,0.9755010232869747,0.8615430468938652
903,0.7895270768192392,0.8857840859443036,1.0,1.0,0.5118370123418248,0.395170714008161,1.0,0.7974741270162183
904,1.0,1.0,1.0,1.0,1.0,0.9065139429407312,1.0,0.986644848991533
905,1.0,0.7312001559730843,1.0,1.0,1.0,1.0,0.6746566176427365,0.9151223962308316
906,0.046826727761190366,1.0,0.890586016929295,0.33424041053818465,0.6879274304533807,0.801586636119405,1.0,0.6801667459716365
907,1.0,1.0,1.0,0.6141937905875663,0.8677738062631976,0.45231581339505195,1.0,0.8477547728922594
908,1.0,1.0,0.6095051997893894,0.2558907990430176,1.0,1.0,1.0,0.8379137141189152
909,1.0,1.0,0.7982436782801898,1.0,1.0,1.0,0.9714612365527268,0.967100702118988
910,0.8352193776582467,0.41962954812804515,0.5404537252567366,1.0,0.6606474355973734,1.0,1.0,0.7794214409486288
911,1.0,1.0,0.6959263202566897,1.0,1.0,1.0,1.0,0.9565609028938128
912,1.0,1.0,1.0,0.4582788012115391,1.0,0.8540083321121845,0.5718502748512326,0.840591058310708
913,1.0,1.0,1.0,0.8274041473947203,1.0,1.0,1.0,0.9753434496278172
914,1.0,1.0,1.0,1.0,1.0,0.6920869402542648,1.0,0.9560124200363235
915,1.0,1.0,0.7798519599087439,0.8453381045108229,0.848636827670261,1.0,1.0,0.9248324131556896
916,1.0,0.6738002033363011,1.0,0.3176014265439585,0.9621657408420666,1.0,0.6807998892163926,0.8049096085626741
917,0.8879295461547686,0.9525534282678085,1.0,0.7391989673250922,1.0,1.0,1.0,0.9399545631068099
918,0.5726867940587234,0.90502380683568,1.0,1.0,1.0,0.14941596651141476,1.0,0.8038752239151167
919,0.7693047151844626,1.0,1.0,0.9326779546870159,1.0,1.0,1.0,0.9574260956959255
920,1.0,0.5121590277055865,0.6099722533071894,1.0,0.735291955001795,1.0,0.37083165732267115,0.7468935561910346
921,1.0,1.0,0.5081150852934951,1.0,0.8701256447098028,0.5553319601477985,0.8757879378884873,0.8299086611485119
922,1.0,0.9585946580772192,1.0,0.7718202050472137,1.0,1.0,1.0,0.9614878375892048
923,0.06867842167078907,0.9824126510637556,1.0,0.8445216207821096,1.0,1.0,1.0,0.8422303847880934
924,1.0,1.0,1.0,1.0,0.8732196940753671,1.0,1.0,0.9818885277250524
925,0.5729389263090295,0.8166088487037099,0.33009619327815887,0.5159107518893447,1.0,1.0,1.0,0.7479363885971776
926,1.0,0.8680459482035615,1.0,1.0,0.6901794518126086,1.0,0.9064972865596145,0.9235318123679691
927,1.0,1.0,1.0,0.7279347559291223,0.6964547434774567,0.8404398688247464,0.6755498360309329,0.848625600608894
928,0.22583214672595722,0.44992222154044675,1.0,1.0,0.07527736691730197,0.180665680601525,1.0,0.5616710593978901
929,0.8922820130598423,1.0,0.5857518760799592,1.0,1.0,1.0,1.0,0.9254334127342574
930,1.0,0.43315091454891597,0.45504096857016,0.9365696888299414,1.0,1.0,1.0,0.8321087959927168
931,1.0,1.0,0.8759558562423789,1.0,1.0,1.0,1.0,0.9822794080346257
932,1.0,1.0,1.0,0.579304618935146,0.798915293164024,1.0,1.0,0.9111742731570243
933,1.0,1.0,1.0,1.0,1.0,0.9908469278477094,1.0,0.9986924182639585
934,0.5636357359331734,0.2575707345296996,0.30737679330718853,0.8419138326711328,1.0,0.9622905321016345,1.0,0.7046839469346899
935,1.0,1.0,1.0,0.6425863881466857,0.7496841195044666,0.6428906709698953,1.0,0.8621658826601496
936,1.0,1.0,0.9898349487429322,1.0,1.0,1.0,1.0,0.9985478498204189
937,1.0,1.0,1.0,1.0,0.7934631575149838,0.9368031277018748,1.0,0.9614666121738369
938,0.7587363732309543,1.0,1.0,0.3871424811580761,1.0,0.7750760590962608,0.6774929604157364,0.7997782677001467
939,1.0,0.2849155329624886,1.0,1.0,1.0,1.0,1.0,0.8978450761374983
940,0.34046079742999613,0.27236863794399657,0.9317702585727735,1.0,0.11348422778444957,0.8408623447376752,1.0,0.6427066094955559
941,0.8888718602603393,1.0,0.7427934717384719,1.0,1.0,1.0,1.0,0.9473807617141159
942,1.0,1.0,1.0,1.0,0.7004185506856702,1.0,1.0,0.9572026500979529
943,1.0,0.6939628180511054,1.0,0.8098735252078426,0.9949575724039618,1.0,0.8762864852262272,0.9107257715555911
944,0.9921888525985365,1.0,1.0,0.7820712745883106,0.8434973645294883,1.0,0.8774803378757862,0.9278911185131602
945,0.9266938095756323,0.9310382507711468,1.0,1.0,0.800665361904584,1.0,1.0,0.9511996317501948
946,1.0,1.0,1.0,0.7890912804977084,0.2157754093674788,1.0,1.0,0.8578380985521695
947,1.0,1.0,0.8149418146532639,0.869993724885128,1.0,1.0,1.0,0.9549907913626274
948,0.31215856151609256,1.0,1.0,1.0,1.0,1.0,1.0,0.9017369373594418
949,1.0,1.0,1.0,1.0,1.0,1.0,1.0,1.0
950,1.0,0.7744632753267167,1.0,0.055585017501867874,1.0,1.0,1.0,0.8328640418326548
951,1.0,1.0,0.7337775857719077,1.0,1.0,1.0,0.8072557658362474,0.9344333359440221
952,1.0,1.0,0.9555730742360924,0.9646909527615697,0.9500158922123224,1.0,1.0,0.9814685598871407
953,1.0,1.0,1.0,1.0,1.0,1.0,1.0,1.0
954,1.0,1.0,1.0,1.0,1.0,1.0,1.0,1.0
955,1.0,0.8129116707477252,1.0,1.0,1.0,0.249851745214979,1.0,0.8661090594232436
956,1.0,1.0,1.0,1.0,1.0,1.0,1.0,1.0
957,1.0,1.0,1.0,1.0,1.0,1.0,1.0,1.0
958,1.0,1.0,1.0,1.0,0.620481316653037,1.0,1.0,0.9457830452361481
959,0.7082946793810071,1.0,1.0,0.496607543209133,1.0,1.0,0.8303328909003026,0.8621764447843488
960,1.0,0.565851864934044,1.0,1.0,1.0,1.0,1.0,0.9379788378477205
961,0.8501638364043459,1.0,1.0,1.0,0.8997225957627114,1.0,0.963531126843715,0.9590596512872532
962,0.8358391002448449,0.8820158572525427,1.0,0.4445485033469497,1.0,1.0,0.63482612890464,0.8281756556784253
963,1.0,1.0,0.9236013453009796,1.0,0.45857420159870904,0.9800816525894764,1.0,0.9088938856413092
964,1.0,0.9873146634997972,0.958990848659103,1.0,1.0,1.0,0.6665125369537779,0.9446882927303827
965,0.9561358923474884,1.0,0.9878467117534232,0.6305851944271393,1.0,1.0,0.4957377548211648,0.8671865076213165
966,1.0,0.46078529045932765,1.0,1.0,1.0,0.5515005706204731,1.0,0.8588979801542572
967,0.9079211333320613,0.72633594789656,1.0,0.6316014485420495,0.9780486071129527,0.35266971701833666,0.5658371462729208,0.7374877143106974
968,1.0,1.0,0.10851326013416643,0.8355170314149695,0.9296628487443949,1.0,1.0,0.8390990200419329
969,1.0,1.0,0.7746167118677147,0.9922256214611426,1.0,0.7081114223782106,1.0,0.9249933936724383
970,1.0,0.7337634869230647,1.0,1.0,0.48676997081624024,1.0,0.5614652763899983,0.825999819161329
971,1.0,0.8930116148333685,1.0,1.0,0.9292663043575411,1.0,0.8153485714366612,0.9482323558039386
972,1.0,1.0,0.7402608068231246,1.0,0.990257921904862,0.9155566274814405,1.0,0.9494393366013467
973,1.0,1.0,0.7208100063174435,0.8272352857410208,1.0,1.0,0.9920035708961735,0.9342926947078054
974,1.0,1.0,0.6942861264114024,1.0,0.944286465882224,1.0,1.0,0.9483675131848038
975,1.0,1.0,0.5734319565388595,0.4646446508132567,1.0,1.0,1.0,0.8625823724788738
976,1.0,0.6000733238177752,1.0,0.8400317388195084,1.0,0.847444466978477,1.0,0.89822136137368
977,1.0,1.0,0.696198876792722,1.0,1.0,1.0,1.0,0.9565998395418174
978,0.26734423223524,1.0,0.9729600556784883,1.0,0.9597270124901277,1.0,0.6387533854053704,0.8341120979727467
979,1.0,0.8647315978365518,1.0,1.0,1.0,0.9497209231540551,1.0,0.9734932172843723
980,1.0,0.7365107447004884,1.0,0.264038000562049,1.0,0.9682553723502444,1.0,0.8526863025161117
981,1.0,0.9890664064369575,0.7774502786701885,0.47307070065451445,1.0,1.0,1.0,0.8913696265373802
982,1.0,0.8640966069385555,0.798240478747727,0.8398222637801628,1.0,1.0,0.5400616693950417,0.8631744312659269
983,1.0,1.0,0.909682880023223,0.489628810846997,0.36918524403710024,0.9136786096821681,0.9418019740031274,0.8034253597989451
984,1.0,1.0,0.37043636695941046,1.0,0.3704429257971066,1.0,1.0,0.820125613250931
985,1.0,1.0,0.910936268414437,1.0,0.8601985824271422,1.0,1.0,0.9673049786916542
986,1.0,0.5498299340804416,1.0,1.0,1.0,1.0,0.3436421290942766,0.8419245804535311
987,0.5542449946664908,0.6433959957331927,1.0,1.0,1.0,0.13063045824508263,1.0,0.761181635520681
988,1.0,1.0,1.0,1.0,1.0,1.0,1.0,1.0
989,1.0,1.0,0.6231305635878475,0.7761400666546084,1.0,1.0,1.0,0.914181518606065
990,1.0,1.0,1.0,0.8655420567775731,0.9098125944262713,1.0,0.7293178343024255,0.9292389265008957
991,0.8760686505591216,0.8994705460968174,0.452905010943468,0.7235622936155781,0.4281878577349945,1.0,0.5960756752737875,0.7108957191748237
992,0.3150668538245902,1.0,0.8716710305454819,0.2441492400730291,0.2100445692163946,1.0,1.0,0.6629902419513566
993,1.0,0.908032061565095,0.7816265897102972,1.0,1.0,0.9764978376825646,0.7489688452666144,0.9164464763177959
994,1.0,1.0,1.0,0.24846757655659946,1.0,1.0,1.0,0.8926382252223714
995,1.0,1.0,0.825544983075785,1.0,1.0,0.502544496317331,1.0,0.9040127827704451
996,0.8859079876371344,1.0,1.0,1.0,0.9700704245101757,0.9099773617207169,0.9749757447007676,0.9629902169383993
997,0.24478898371560168,1.0,1.0,0.8334583132942912,0.8197271420638299,0.6997306989389213,1.0,0.7996721625732349
998,1.0,1.0,0.0,0.9805390869351481,1.0,1.0,0.5452056713179466,0.7893921083218707
999,1.0,1.0,0.43064843596270613,1.0,1.0,1.0,0.8449213216256554,0.8965099653697658
1000,1.0,1.0,1.0,0.9941301036818131,1.0,0.9917816139910149,0.6039366993336078,0.9414069167152052
